accuracy,mean_response_time_ms,response_time_variance,repeat_error_rate,correction_rate,completion_time_ms,current_difficulty,previous_session_accuracy,recent_trend,label
0.7957962893885334,3318.6186274668185,0.4037670904558106,0.6056527149783745,0.1071909017165027,31093.43081599428,3,0.7680245451370875,0.20621305173927995,0
0.7514379330856781,9302.902811433261,0.947348996354534,0.3492488088458078,0.695656801093779,114771.80303703927,4,0.8263791155207856,0.8170052820019549,0
0.7579549828791108,4576.6715189279375,0.31994886235158737,0.0430790739144854,0.647059164698411,120797.50400955131,1,0.7411131002735143,-0.8247715086769305,1
0.6012566391295915,9419.261902138487,0.18332304222496076,0.32092194605245666,0.7584688946988624,20144.431798303307,4,0.8953402361727946,-0.13339299089000556,0
0.9602002890154153,9918.305144745289,0.36559284287557825,0.08150070613482739,0.07444852161513593,141392.67489191878,5,0.42366242383118424,-0.5999732723147329,0
0.5709579665930622,5503.268348058451,0.6695157076020122,0.13413689741464677,0.24130755996297537,113046.701830796,1,0.850662571816512,-0.6393205816465757,1
0.8607410143940987,3236.4180929560803,0.6973626903614653,0.4040140326725252,0.7692886897533584,77501.12540541393,4,0.5589642297213508,0.4601725506905374,1
0.6641156793587346,8012.379681439501,0.9240573153600069,0.26069923716429105,0.37061597291038617,177140.9896112033,5,0.8899230550054659,0.6529841744102443,0
0.7256660469967509,2013.451987487642,0.8817544848758092,0.21487659136865336,0.9108189568220749,11733.88998777988,1,0.556182928079277,0.8422899504737305,1
0.878709207150594,2894.44516688467,0.2883205204172755,0.33148302342517344,0.5176704089677379,102624.79372384492,2,0.7551215755611111,0.3679715451015304,1
0.925811606062598,7956.359140243181,0.4551632489675964,0.08878602213013002,0.0010271335695998252,37149.57948487445,4,0.8723197944551631,-0.8687029877423629,0
0.548064565409993,4619.636284954284,0.747268988183434,0.5164982638926686,0.6988359629245723,65986.5706002884,5,0.6168300569449249,-0.28586558164969955,0
0.7726722237419349,2414.6104013828344,0.9165372806020251,0.2263651051203548,0.5134639712630222,32644.388197155306,2,0.494799555606605,-0.1168858388732017,1
0.7717819684851042,6685.694577047082,0.3371650128568918,0.012034012789061245,0.3170943558487329,123596.46697343892,4,0.8504679236649064,-0.44822418278654186,1
0.5210928882962691,7461.237683125987,0.4444414341769959,0.31636331100296605,0.020440698403210056,78267.17087833556,1,0.5192003159552144,0.07973701484418116,0
0.8161061102831512,1688.1767747804063,0.8994782704536088,0.14140934087029616,0.19874623242529832,177670.9151144961,4,0.5490579868451445,-0.5347319622559166,2
0.564329179567133,3131.312469761874,0.3584838731584227,0.3724731537283979,0.1615939183274021,121154.00994115761,5,0.75288601940029,0.7988579662389241,1
0.6955255418595557,2602.1291760362155,0.48051298619173577,0.42018937658746586,0.5828541444201629,165946.91892581305,1,0.8390129313117133,-0.7130176229788978,0
0.7033277158030663,4108.618973243296,0.9045041412180789,0.33728627028022246,0.7695540205077395,50940.6219315878,1,0.4763762246688426,-0.14789620962292638,2
0.7204205343786013,7752.726507972612,0.8022432179898482,0.26696826993546613,0.23460641681375594,64193.290736206116,1,0.9066671162353368,-0.7503007938954762,0
0.618516567941663,7280.22697160608,0.2434309250098028,0.26537779720110677,0.6977231342275483,71655.98070994603,3,0.6466871255473923,-0.28349474595436486,0
0.8505770661072206,6793.977148645187,0.32479506541193337,0.5809508153143886,0.8998242585550063,152547.55243060875,5,0.5781040021208124,-0.030427597473346335,0
0.4987590569652909,559.7126857516164,0.3529587274593391,0.27557524299022534,0.6215860213445481,45984.880900500066,2,0.7907459128633472,0.10779686334442196,1
0.7876278197268776,1850.3614771136997,0.9127384734310597,0.2538975220696461,0.7756476259730759,170942.53226900054,1,0.781721076946939,-0.3370269610769565,1
0.6596127560792087,2621.3267164696344,0.9989337371045391,0.09271581058437238,0.20423150552022995,17408.445131914115,5,0.5299792756097238,0.6192684361517871,1
0.7400284924195182,3083.580537369071,0.7740043021554399,0.17396952720996692,0.07493852195061035,161275.86244318966,3,0.4373468683433867,0.030829938452123562,1
0.7652306850575336,1891.0521456645502,0.4843263024935066,0.3116004035570332,0.3653878012429278,86740.35930774723,3,0.4666950837098879,0.9848350883290429,1
0.5997794779361405,4397.997739001952,0.010173818067478968,0.39066428681348464,0.7090069248723642,99402.66579436894,1,0.40189498700268667,-0.75294688371547,1
0.7212828312656074,1214.2155576332461,0.6974880565979574,0.1867511926058481,0.6860985893150875,179557.56522343666,5,0.4703647050119108,-0.6329103119978496,1
0.7247142755349301,7625.210808683917,0.3893611644977847,0.5688006582182653,0.9550792411450078,157908.15665583222,3,0.45463618754229973,0.6035891447200341,0
0.6536940404098422,7983.347479312997,0.6329864702286054,0.6469439142887254,0.6299784197666168,163683.6704473259,1,0.6920188795115844,0.10853131437486696,0
0.6584309311037017,5955.533551208532,0.6066939634624288,0.09455573857669491,0.4112844609930495,109540.95108685282,4,0.7266601840924658,-0.2799531687969474,0
0.769370657555962,1352.1963318986946,0.4808320565743873,0.30305818955995395,0.7971314266529271,172578.10303348678,4,0.9633325913608826,-0.1791008428157228,1
0.49924661902968537,8955.7901106942,0.944387397726323,0.23933638255221712,0.1530679116407455,126926.92354829163,4,0.6248923978498384,0.12757595005063282,0
0.3966597145697046,9673.540372727088,0.023146345355341658,0.18599163477010383,0.8130223383483772,149285.59550899957,2,0.8710949325665274,-0.8284424614682928,0
0.6713494572212239,2422.4538230569988,0.7121324844725883,0.39876161477022787,0.3659304657650362,132558.76429739216,5,0.909613572384464,0.5302536652519723,1
0.7280095396756684,7194.078284686838,0.409839868299546,0.46707720658642427,0.1540100090222426,142755.45323986994,4,0.790874273704258,-0.10172655384081275,0
0.9509905103013654,8498.416991103615,0.7137904504916113,0.21544172571883083,0.1621406240384511,118455.06233642352,3,0.29205191089543314,-0.17497161262752936,2
0.7322851655276931,5628.5134641556715,0.6752196475396319,0.13718769707053818,0.983597495296082,133489.4647903934,2,0.8564456027702212,0.5463864896692228,1
0.5390540201753489,3571.5694455041144,0.010238002575995386,0.2204751649942002,0.6232227625406103,84109.54123018104,4,0.5392660622914205,0.13838629518370738,0
0.3919299060422733,5046.3077932633505,0.28533849517467125,0.3160240927440959,0.1742645943220812,130167.45688457169,1,0.7314702145918112,0.5083062799249809,0
0.7116978489082427,5366.5531324522935,0.18909152050378042,0.3663976431045187,0.26856253801028973,57057.793916126655,3,0.8315761262761522,0.8572721942408199,1
0.926335049171045,4306.051919786265,0.1669863529424923,0.334637236425517,0.3720797690916112,117939.93437476803,2,0.5581623230642653,0.8916746215333424,1
0.508671721699681,9333.503689520208,0.7284766841211328,0.38787825970024964,0.055899470252876116,99037.91352815127,2,0.8936960569686209,-0.1414607765487883,0
0.6447284351945167,7566.889553953769,0.2395513490931246,0.37256020396618045,0.10841571641336878,162751.39492239276,3,0.7668793193037947,-0.8609701621024692,0
0.738916560935646,2792.365601422158,0.4747376149873008,0.2128728796153706,0.7617542943987393,124447.88337170954,4,0.7669067910254229,-0.9750169015365666,1
0.6276956838705985,6062.7932795387505,0.24698899528567952,0.41964383404502764,0.7868739696208048,111425.49156633584,1,0.49480260902927486,0.41046293592927174,1
0.8549501657414503,7042.546933846091,0.5802338234353299,0.5186433659586747,0.9882346113645742,63222.59763242001,1,0.7916483414021303,-0.8369090344760213,0
0.8088247269742654,1831.4860061702375,0.720573768059968,0.11040353262737139,0.0675963853471534,156676.6661063149,1,0.5589941315642613,-0.21960859901790197,2
0.49641195779333475,3905.0445526114136,0.3310747386981765,0.4026611603647491,0.8891844116211186,19206.807327565122,2,0.6245956658061679,0.32452754329497013,1
0.7579669876344522,9102.708675237202,0.603020848287122,0.16339400935918383,0.317216045644085,162957.67540804032,4,0.8236562132695925,0.9967699576653268,0
0.8268006851508448,5888.144451759415,0.824854774413739,0.14573955469181418,0.3278505857462005,121006.18928655608,3,0.9498327567798436,-0.5538681732654833,1
0.6770956224095878,2561.47858757301,0.09422428516449166,0.3516363186556743,0.1272822518804576,42213.74140672349,5,0.7106115962463386,-0.9805816398877516,1
0.5198931175616088,1666.4555821319323,0.7106705990412712,0.11245778053610903,0.9863001769447391,163509.23540723138,1,0.516918688710662,-0.9174954725635218,0
0.8866087926804624,5423.155488011338,0.3231449444353802,0.5419899503330454,0.9809892369086733,65480.17669006634,3,0.4880256054465529,-0.5533894093457035,1
0.5338395953442137,5703.014368776869,0.12264995652494426,0.29089338423771066,0.8648296087379439,38606.341419327364,3,0.920477762140783,0.9860127012311934,0
0.6027072010026951,3676.9372878688173,0.5456542076143488,0.45781847078267396,0.09078008664523651,64254.83047284959,1,0.8633914047293804,-0.8457596246869217,1
0.7854993601217873,6488.952269981625,0.22626231926773177,0.4465003104134689,0.8416496257092356,173382.29582311772,5,0.3409063678293104,0.49853059789043486,1
0.8907092685328146,1152.504519084193,0.8213617926691577,0.1866233351663539,0.634613993132807,137968.94488214358,2,0.9052994742155562,-0.7001386596737045,1
0.9081616337628275,1878.827086028336,0.04289590953107614,0.2710139128985309,0.1287754459542828,165854.83246910496,2,0.7714726092252738,-0.5924724217020072,1
0.6160869699678154,5689.601299606962,0.09865289627089746,0.296693613838034,0.2617577572464618,60808.24513035514,4,0.7708666551107854,-0.8281419193829256,1
0.8914463430902213,1087.2490915223125,0.5209961259858169,0.11517435939619207,0.6892241314982004,24014.67745737997,2,0.8334804899362809,-0.543776786757127,2
0.6837908089543394,8868.633267415456,0.5889417840769567,0.24704584643752883,0.8034407743807608,105668.38857979355,3,0.8380556862186409,-0.7689527943114907,0
0.707925673143736,1850.3905193369096,0.7298866645227469,0.19857403332036988,0.8480870459764742,92110.13146187172,2,0.9117772825568194,-0.9651719446739335,1
0.6453013821578876,6902.238803803097,0.2592607282521938,0.3920985332281985,0.543830241058919,132502.81325005094,4,0.8186227341150196,0.5972905107492359,1
0.8791772076748084,4216.43269628704,0.8417604082132918,0.2029823416898865,0.5346199166159713,102254.78069820529,3,0.7311781512757326,-0.6190141574783656,1
0.38044819059090573,4297.98360165136,0.9531423397737832,0.28165700215852413,0.6842090128612494,77399.35183100008,3,0.955766209288982,-0.7627855303215523,0
0.5986590205696427,7766.450521805866,0.4990393035948636,0.19613565104302452,0.7777225492331079,10796.59519333571,5,0.5129187987652086,-0.4555989885304157,0
0.8916913232451109,5244.890274642683,0.7605313649698012,0.3034976077915621,0.17058578123542134,89516.91492897221,1,0.7354681358919988,0.5075482138663059,1
0.784771612779088,7393.72690461673,0.5248483545437927,0.3147063673811724,0.7398376595512928,30509.27945574309,1,0.932107311171613,-0.5504218275471677,0
0.9493936041328687,5299.316673151307,0.06946702941221061,0.397485514385112,0.34168658915571326,166740.18752793284,1,0.7848496033978923,0.0838105766674444,1
0.8583373459082819,6132.600743350003,0.3261115128426211,0.3956415500665421,0.38375862092234236,166690.0761901404,4,0.5478086133869231,-0.5659304845393265,1
0.6475644178510022,7726.788964761809,0.087486689627015,0.5107123735882338,0.07771296487580193,146620.33125416352,2,0.7338703704950302,-0.22581781002259382,0
0.8579377243901719,6269.433057752116,0.9888791192550135,0.4834667788731774,0.5884207622682687,36837.33348804651,1,0.9200988861019415,0.04267049137459722,1
0.8690341933565224,6348.343539193492,0.2290259120733772,0.7149827058652245,0.09342009753464486,35064.59833535817,2,0.6427517352590107,0.5156390372482018,0
0.5290214802414378,7997.586118562147,0.6359004194157187,0.17558177766554633,0.9131356037168568,105762.73973842083,1,0.837771732704491,-0.4366174775101037,0
0.6511457822536105,9516.324750284046,0.28434510194493734,0.35401422401759647,0.6209703062606208,133668.50074675024,5,0.7449728477487998,-0.1070430995661551,0
0.5883764744759382,4078.8034623856993,0.6532462153559259,0.29913348658785244,0.9902818551181863,163771.6758269252,2,0.5524197641819765,0.2858221918329833,1
0.9080403979367927,5982.612993646537,0.21040169087048244,0.3329189278512091,0.24565215263060536,161985.84382967703,4,0.8953866433012394,-0.44952151263910944,1
0.956318374061485,1319.5949984686831,0.7852700659100745,0.3978947736132451,0.6796005638656374,36405.688732048206,4,0.8770059352104398,-0.5599267384872515,1
0.9535437444155195,3908.636865404236,0.11081160283663549,0.16590354635418061,0.9644299883251574,179230.57151295754,2,0.19499011456062923,0.13781626493397692,1
0.5495346679529837,4414.467645949167,0.8951504000902802,0.2273367695802309,0.2985782643116781,36655.571868129184,4,0.8892519560954197,0.9047888810602287,1
0.7983691564575395,8434.754509828485,0.8404216925407945,0.056659751949906335,0.09632264849009353,152820.10258309668,3,0.45515887642902836,0.820156045564739,0
0.9448830813391883,5377.22782019393,0.6788073436383856,0.38978903113723473,0.6339765767215981,109780.7445375782,4,0.590070493866,0.20072475406408707,1
0.6304796353037824,7445.130546335349,0.06741462714284785,0.12466011769793893,0.3660991667653586,125308.70062092168,5,0.703525843806444,-0.156010405524438,0
0.843275044756087,680.5703002438779,0.20856902832892832,0.1815694142147455,0.2730576337101296,112675.20211592772,5,0.752282874012899,0.1316254665756269,1
0.5370792482408929,4912.680361468998,0.859361595691076,0.12339048998825107,0.9935876507434108,157845.94720810573,2,0.8426430424526578,0.6039910935142476,0
0.7668327836692785,9062.51781905405,0.12197443430259514,0.39090692645186226,0.7541093361033211,118306.60600597007,4,0.7378038106690679,-0.8143063578223084,0
0.747948435107594,2630.9821384049583,0.15593209630802007,0.42074226078489585,0.4853946330124377,154272.8496517189,2,0.7000000135133585,0.5623771001969475,0
0.7171556609456584,799.4607604175728,0.5440033237555207,0.11610796838023209,0.05000339738296611,36242.55638552391,1,0.7552486755297322,0.3160390311506476,1
0.8074626164270294,4617.382970278026,0.2741774396743437,0.011443244453359097,0.19161567751387543,157340.14422686506,3,0.6871661616977162,-0.46191426963659055,1
0.6936605565081185,7192.102296152156,0.2220756999439295,0.41242410695478193,0.2987784252729758,178802.06447173323,2,0.3255750459021589,0.7520793596134845,0
0.8269202468678515,4817.4033149939605,0.5758134318481806,0.585380352156316,0.4871966015662851,122456.15514909569,2,0.8133913712742774,-0.8401261638694328,0
0.7822093173965847,4869.7939783570255,0.37257667645802905,0.43300063176601966,0.49724984156495955,175981.3877309056,2,0.7211304892467879,0.8373673837848863,0
0.3382469519769455,6863.147891764035,0.14055989676966874,0.5054606067035178,0.024733363223272464,47380.201555653686,2,0.6976939974291306,-0.2241538604458968,0
0.7241010434605898,2916.6936786889655,0.5348537675454644,0.2163034340891565,0.9433562700169744,150978.13045889596,5,0.4518803770678828,0.6206353278572416,1
0.8599112545626415,7642.953020598786,0.38701240327862274,0.4207020132224096,0.5428071794385061,38737.98717286484,3,0.33907697698323835,-0.6910873557869428,0
0.827247667159291,1954.5785436044675,0.7345167742737694,0.525895606340272,0.019727166985385458,97710.26976920215,1,0.9159963150623845,0.13506330499988017,0
0.8438067295593595,4259.630750216884,0.1027554423205892,0.09340197232007998,0.7013351941755451,122885.94854957254,3,0.4028767664414131,-0.9331058736388691,1
0.8266101239301327,6732.077030473721,0.6206132439459738,0.7149740338507822,0.07135151191748523,122244.58282190328,2,0.7286826864943627,-0.4425361089274804,0
0.652188831266775,8369.505568686878,0.4364933269432477,0.28812078445103906,0.7211704248752308,124046.36011485041,5,0.7676370710591259,0.6593126472724962,0
0.8355971003171622,8019.545176068025,0.4060618750524041,0.20803956086174202,0.7014924808277764,64557.19781416864,1,0.5711733546357562,-0.09129190560134526,0
0.6999772037787169,7356.013193423129,0.2322876880083412,0.4857760857521775,0.9849231640718714,175532.58649137453,2,0.8919555641113788,0.3190014436240398,0
0.8218593977787356,3911.415643595715,0.03042602820271112,0.12398682877125192,0.34203741900804685,11114.008978904976,2,0.8523898605661541,0.6144413540696212,1
0.7778882543257616,1661.8910047903767,0.8476891943646455,0.26431722218332787,0.14432729155620838,115569.73628048587,4,0.41664828760180966,0.0606614709594151,1
0.8694653743327073,2559.9250680834107,0.3264100860344259,0.21017350890297581,0.09186927264528366,157238.6523021357,3,0.8607384138460928,0.17165086303447352,1
0.6643595503837364,8715.921238476607,0.6810910397298471,0.11853201891649287,0.07172607017319477,161489.2448757372,3,0.8857880073022507,0.5326854229206786,0
0.7543340628652719,8644.648016260264,0.9475873997767074,0.5300629868023861,0.8103332019188126,132434.91823814152,3,0.7953337558825244,-0.7591104890966447,0
0.663304785667837,9539.82809912065,0.5649902980821316,0.1953720486784719,0.7185480698277238,107718.07476916844,4,0.6425570671226489,-0.8568953484271016,0
0.9277501302091156,1221.8921930076453,0.3971469025198663,0.40881216959780314,0.9759152167268906,87746.9594774081,5,0.5423311466427848,0.24384586562449262,1
0.9311923117131288,5599.686310135833,0.2682735663487037,0.33475645474085153,0.30918604001577765,86417.7191355956,5,0.9022138784646623,0.9501286950208192,1
0.568574344587114,6662.488926590218,0.9340437926474934,0.6260945827593044,0.803102453194843,82266.85234328102,5,0.643959343473754,0.2895023028290724,0
0.49967712813780896,7251.245082135138,0.6820768180511428,0.43514844690507665,0.09301409544523409,128981.75005025967,1,0.9220992440212826,0.4101962165732922,2
0.5555742695239623,6616.700732599087,0.6652813932565596,0.12645324075989633,0.9038798924183518,134305.43472394274,4,0.9105887966761271,0.3171021970350132,1
0.30673237159354966,7815.108204071679,0.42615832514527696,0.21456450138518934,0.051830308809569514,97509.59929802417,4,0.9465305283656239,0.21139223472675805,0
0.871983675681599,3914.979974748745,0.8450487128674307,0.1177973442833805,0.7878834824080981,135938.0000707285,5,0.7743757776461707,-0.6047571351956307,1
0.31201700845018593,2204.6113352870807,0.7136721870094871,0.6820024861511074,0.30735552483599093,99837.3808977396,5,0.6677815342257957,0.6805501035711106,0
0.5359705726828938,2443.5420354291664,0.2831832717810161,0.3994706214469007,0.1811930065503532,26549.789516826586,5,0.48408482483296894,0.15282592166034648,1
0.7302465324991889,613.7975499665612,0.599578660025048,0.3639126514000966,0.7045145277165422,154774.56180814252,4,0.6240341841388689,0.9567294763146286,1
0.5905680476590286,3828.057785009112,0.43019395460126564,0.09772973370367903,0.8958780317725217,157981.67685217044,5,0.9577035653694588,-0.8618360870006212,1
0.6705436003586598,1371.5684833597843,0.006590162829713031,0.21767197593572343,0.7641260393832877,55298.406957081555,3,0.7151004260392236,-0.4030320891573125,1
0.3461361651028987,3554.1425815068133,0.8076234315017974,0.09851325697445347,0.31309994507250605,143693.68048048974,5,0.6391064230488376,-0.8012768812338871,0
0.829923671535465,6467.995733079354,0.1228303489197008,0.4153868041212089,0.3535706548949362,96899.06978543167,3,0.6102160426214819,0.7183183743414354,1
0.6762433807531378,8997.54152807479,0.5099545060026142,0.19953488736653693,0.18930459488898066,31084.620621007947,2,0.4389208766495069,0.6357410741990088,0
0.6002725074415509,8476.251784409906,0.3362261930848156,0.29026146419141124,0.8240615928810386,77659.77827526141,2,0.6191274662917996,0.5461149157275249,0
0.9644093527378761,2900.4050135969806,0.3420890412006775,0.38572522741406257,0.10709363432911001,23013.832907047574,4,0.6673284390107523,0.3572112897761732,1
0.5968443649288645,1773.789850881446,0.477364883413808,0.3186279382078929,0.9032139272687502,143699.38928242313,1,0.6614874670206716,-0.7868059212517395,1
0.953643459413969,2334.1866010689473,0.997023104019745,0.33304538666466815,0.6011342470204014,43359.68867148195,2,0.3874840416513842,-0.1881019565382751,1
0.53944704341194,9724.373193084266,0.4083796806314758,0.14625334488391525,0.5888549556969969,37946.62318898734,4,0.7276791039215549,0.4090178512155358,0
0.48670835374969135,5720.007557012163,0.1823292298165724,0.382800104724347,0.8378214680964453,45451.39736302001,4,0.8556140008020566,-0.2783166609251877,1
0.8837660391628253,2233.771118505461,0.6136063380493689,0.07699853124088624,0.6675332513946711,48442.27216577088,3,0.7859691989450587,0.4356828322737232,1
0.583987365990651,8487.088469524744,0.23628770803952126,0.23377794708476907,0.304239258238281,124571.87077621513,3,0.7646364147526483,-0.4292124354207185,0
0.8116414081413805,4254.316820969272,0.10554913671295041,0.05791958108106647,0.34951512211682656,118562.16695861833,5,0.8649996052528307,0.08707586768109743,0
0.8713233678974095,9042.61044375991,0.05017417206592911,0.4175264534361515,0.17305419112463594,31987.226098972296,2,0.6779989155168801,-0.2909331948535556,0
0.8577605028770214,2976.432704927622,0.022881274019683873,0.28713469538748815,0.46406324189881676,133151.261637408,3,0.6863674189075175,0.8430012294159661,1
0.6284379839620208,4235.606708640244,0.4311646483110637,0.40168183383886447,0.11015476574537764,69339.70751721633,1,0.9672594880933845,-0.11521802567460226,1
0.7601322772949104,5297.003746505803,0.42672577987339366,0.3203413055105264,0.6530365073268742,87770.36421960316,4,0.6785159352224713,-0.4266489292301414,1
0.7783877583330863,8979.8456738458,0.18554540007795295,0.19241129819512592,0.16922884111400438,31226.1931693168,5,0.9253963103913141,-0.8859788362920638,0
0.3371276707155157,8753.195600248031,0.7840190537712093,0.12137226756548619,0.863931773080585,130466.42953671706,3,0.6044487916250805,-0.7090916773468412,0
0.7414284702112457,5956.37316788684,0.12927062791987876,0.5937987529889985,0.7004625869282826,73957.7650247947,3,0.6121328213398329,0.12981315608391264,0
0.8605380031959957,2606.8673429184614,0.9153171926393024,0.588483913153031,0.8915112545312555,117462.03255661362,3,0.4499197399858997,0.4022860579929428,0
0.8839357923009384,4331.891231509813,0.5875759776432724,0.6452053858345956,0.08703098758689021,82627.56059215273,2,0.9182768301976484,0.9087358286117782,0
0.8451055258773464,9768.514120972302,0.02761637610492962,0.05994021336491581,0.7985093345022022,18307.696111307625,3,0.6827920165865964,0.19360642926712313,0
0.7518432075399782,6273.845626835319,0.9629726257427166,0.3271986044858134,0.8808047250283427,129593.22619556077,4,0.8321182580934183,0.36153345035231577,1
0.8605401987456005,7920.428673679869,0.3079412595458536,0.43570819124862054,0.04456980890805162,103926.38724194115,3,0.3714110432056171,0.2396186093138195,0
0.6587121830756478,4773.714605933487,0.4499749595778534,0.11705771042421459,0.9990759552011765,83821.63673841198,1,0.6461150606192387,0.8049582808735221,1
0.9412778144812646,5554.069116934661,0.28426869299455215,0.3152433583318881,0.3006443161582324,44263.83842033299,3,0.8232804850061688,-0.39511988712487556,1
0.8619130919985593,4575.064066209168,0.7284212980337775,0.2701845592318159,0.21172121420910117,116138.34651930636,5,0.6268853805489901,0.20644118994682192,1
0.6808863617407889,7177.749481588696,0.48568022071953865,0.18852909032139242,0.4149052232572311,56783.5658869968,5,0.7278255114592931,0.9195673711070051,0
0.691899498580204,8588.974631925335,0.1323729594025026,0.0529470886657081,0.008635392161345234,82959.63076640801,1,0.576656290716557,-0.9857433994150493,0
0.7428365789787669,5319.953660633354,0.10420395235945379,0.4370713580789457,0.8859063259938282,19602.475005087777,5,0.45019414909139893,-0.45804182894301815,1
0.7831983410981689,5068.240857044144,0.7253754133245748,0.2658444038753822,0.26849088256260567,142046.90621863247,2,0.7039611749945764,0.5175691973340633,1
0.872321351317976,3732.721437434771,0.2370814049312715,0.6380003527002015,0.5215915003083935,25306.304011085536,4,0.9629286171500152,-0.060167130805636626,0
0.9487357819864348,2182.418595793796,0.13779337463847252,0.3730571627059251,0.6235595196178519,161442.7333259795,4,0.7125541001296928,-0.6632361251327992,1
0.6442668352404964,9422.853367313533,0.4994275969978428,0.44380010780508006,0.7910917957996293,157487.68523814186,2,0.25943360491008405,0.14330098506978395,0
0.6668148792089259,3502.757327455298,0.802765287536304,0.21377178889653473,0.25020611322083885,175085.28721898553,5,0.5402241058988092,0.030139683254695404,1
0.5886931503820583,8106.568903955712,0.27878274587313046,0.3809340654388347,0.7171463674048554,164435.01127684044,1,0.9621381277678785,-0.09176020941341845,0
0.5903204199626304,7295.796702231005,0.27643161170080777,0.44883378246020295,0.11766088104213868,175139.30121677727,1,0.862269982790772,-0.3165096086527568,0
0.7712686944014903,8013.717202642226,0.8338812602603769,0.09178229042960553,0.704235167888883,160836.96150970075,4,0.8076637459492504,-0.894926038103995,0
0.6591680708240923,9399.297267034974,0.14783379456878265,0.13869315580855068,0.9192955325575564,29126.46285722048,1,0.4863914098087209,0.2082465513627214,0
0.6614574998030279,6422.022222098523,0.6167275917865472,0.32028751432597574,0.08502626835322535,84405.91673431093,2,0.8208190829685684,0.0345138429254781,1
0.6695045345034302,9030.528262129425,0.9550134829825855,0.48156944302448784,0.11670280081525009,22946.58150790987,4,0.680427712535166,0.1707192714484307,0
0.6321997229232356,2093.1245676667895,0.8413031495773076,0.5967172495565278,0.5572274999306963,102700.69513548721,3,0.8777808215800565,-0.9951196355195464,0
0.5546529389784273,6453.769471589482,0.061815233779729195,0.14017554219581266,0.04640042234298569,100058.64945146159,2,0.8949196876709614,-0.8346325966233741,0
0.9575456535531385,7836.618322688821,0.3199108765616254,0.12725729956061196,0.18739050928894896,166770.32121976977,2,0.6798637432275733,-0.6646059552529762,0
0.6243781501079966,3080.5907420696535,0.14237446559261635,0.38168416606765004,0.19019213638464905,174848.10666954715,1,0.9577378212092891,-0.10312260071007495,1
0.7572521680071184,7537.161112273668,0.9492406376871397,0.5299107238588214,0.4812474627313026,54139.48796027411,1,0.7704255850674094,0.6157982310103194,0
0.7721269170525672,7895.52987660425,0.9859415662220812,0.1334781892887054,0.24848702931046718,108993.18445955533,1,0.5546188734006371,-0.508304703999285,0
0.7433045054569336,8396.285582156226,0.2349930205400379,0.35134405333862895,0.4755228555695976,88955.10424100129,3,0.8358818562491535,0.6166808738030793,0
0.9096624816477648,3472.3876696613615,0.6696990448287525,0.006103560023499223,0.5211757882794222,102944.97970596196,2,0.8794395506488423,-0.5294910887044413,1
0.6348294501753957,6975.262606598937,0.8416317320471184,0.4425541023903986,0.7306443875369544,100393.77616512727,5,0.3313189709405871,0.4980844921444214,0
0.5219529749634771,3390.4061923927397,0.23368028441447652,0.5649021782471515,0.9459921947408432,165401.14956444773,4,0.8637395746492328,0.7484630462677067,0
0.7311380535503712,7520.883681235326,0.18768063432097748,0.07596586657786783,0.503747216366288,162341.38179289148,1,0.9051099984189196,0.6329270509771525,0
0.5007150722377898,4898.2498188842665,0.011211023247280294,0.40988931262064837,0.3550053454922537,30865.235929329378,1,0.7916101185060866,0.4767655520617917,2
0.5658309545410637,6176.67155800859,0.4119624569415259,0.3573210090784216,0.2587034130508934,68668.73033086644,2,0.8796549144330602,-0.9231142139383308,1
0.974346229949354,4450.4798235904045,0.8994374623947164,0.3287097726771964,0.6346572115041288,137971.76251077413,3,0.9498120667112978,-0.3396940391514012,1
0.808971095578615,2038.8378058333308,0.9029796490563489,0.26004301516386796,0.942917111525436,126277.80799111072,1,0.6408933012630772,-0.6069749908332298,1
0.5923734651459167,2191.280531250955,0.12774312750901629,0.17017951091862796,0.7646549117737659,117302.73445361912,3,0.5715289089600167,-0.050824721743864654,0
0.8842095518611868,1236.9046189902779,0.20435248052839494,0.055814057254118005,0.20610263188837785,178947.7734904045,3,0.4611332788577401,-0.2914233055631088,2
0.5514755026439897,6371.690457355787,0.4080473309345336,0.40060769347144554,0.8933041306354866,67278.95974070794,5,0.6514599309372652,0.23560341802976126,1
0.8413496045557047,8562.064780554063,0.7806245451637019,0.33349466544856976,0.73551330808424,97592.27998292743,3,0.7522071143987495,0.1314881940368171,0
0.7166616634404209,697.9498494897689,0.6118514835317286,0.29528361423256405,0.12794486123635818,176455.56345271665,5,0.6475931524832883,-0.13829122731858856,1
0.8351543935946855,1129.2752698393583,0.5138497435202164,0.42004477621362535,0.7128024155789623,128243.88736408188,4,0.892854189899214,0.5348211083828824,0
0.8499095260991166,4845.936426877648,0.5919318842226031,0.07969346397647815,0.2893554574062266,120275.64627187648,3,0.8262993993487997,-0.9703894985726136,1
0.7958070678721217,7508.346993597799,0.09619969380229665,0.6321268016383498,0.49139665733010973,36307.0308086698,4,0.8270881812829002,0.7315209461717502,0
0.6385190001566511,1998.2226247635374,0.477663642254907,0.5737742936929037,0.3002313140914188,51931.67358571676,3,0.6648861322370676,-0.9940990766010374,0
0.5696225594634544,3080.6875357173417,0.9920632895391284,0.08705499850518209,0.08405923794102976,74170.44219573929,5,0.7635098891660602,-0.0959680927119615,1
0.7343153929292701,2704.058912177168,0.08844614693908781,0.2715322661840062,0.7685835846833593,89024.00706176176,5,0.8808416385191253,0.7626929491795487,1
0.34842454507963816,4290.986577375965,0.5192466776348864,0.715672755477098,0.828683758708124,94525.74074987679,4,0.6724098013571738,-0.16400584295171772,0
0.7124405489868172,2637.487431666926,0.2956492616573746,0.4464756790649552,0.23197900136072058,163363.32084303978,2,0.7818088798742263,0.5113401392022583,0
0.7285970993072155,3849.6874461751536,0.539913296861959,0.479617574105083,0.23963811791952871,28226.037570520795,2,0.6461954808953643,-0.1941446350771967,0
0.7253571344863469,7421.154687288469,0.5738187600337467,0.30231123081132993,0.42995772820864,52219.93690861266,2,0.8323428369744892,0.7018496270496986,0
0.6939958019310778,6304.587860314797,0.5774728981194759,0.27839991953797116,0.8114693191033808,34417.74660323511,3,0.8972640691862629,0.9984603283009232,1
0.7734441601952547,1271.2262012210826,0.8522087853108866,0.28668523889473485,0.07726807204675457,135002.82337802887,2,0.6513253240774838,0.7965872045727684,1
0.499217728683041,6558.583829334319,0.3897474146736609,0.1927901283965856,0.8087113532963133,174998.5661885517,4,0.8764337647062975,-0.8885009281058356,1
0.7416335068655664,5032.233129812528,0.5163541626664959,0.29822624902110567,0.9227229609555734,161973.3365759108,2,0.9127075120149077,-0.703487629615485,1
0.7092867520229441,9378.372959717819,0.010928398967748554,0.43838660125905504,0.5615041677899073,132961.13069694268,4,0.8876816151582076,0.08371184415135713,0
0.8084843483197984,3248.391012488506,0.7895506015797668,0.13455883593555926,0.06039148150939477,13658.876708640328,4,0.5031966432828208,0.9232026620289462,1
0.75848563603728,7398.58098714202,0.2594877073758529,0.3438858323433293,0.26955275985627436,68995.24789956625,3,0.6085759426367529,-0.1873512398611823,0
0.7494863120137767,7443.177818923414,0.8165550240405164,0.26109401970917206,0.11138647410537161,156815.0685004668,5,0.73421325058225,-0.44591622573865974,0
0.6548088596104057,2604.25741958728,0.2656386663803172,0.4605529808158423,0.25928357074942265,121021.94317335919,3,0.7346567748785673,0.9299579251794756,0
0.6944689566783886,9080.624437223893,0.010788496262492231,0.10032933146440585,0.8117820094921042,45632.2246124821,3,0.9783991466880825,0.4175714746105108,0
0.9535489799204389,5166.240404081229,0.15483131819344675,0.4678958858567005,0.05566778922793114,89302.81289366036,1,0.9848274095913724,0.5408700388156182,1
0.9736980555137579,6949.391985448373,0.985682902572168,0.3963885410944815,0.28382363485199136,24946.08237965977,2,0.7427257797607403,-0.7785218036697636,1
0.8986274411406451,1885.627809393293,0.31980124594798853,0.23146583200189122,0.5169507626254914,98536.26121734006,2,0.7579671912416525,-0.4748767933103988,2
0.7543069833985184,2949.137211423708,0.10882390201274716,0.4154892781045397,0.8740409764859547,163174.83610647777,4,0.5176767045188428,0.007250345151741611,1
0.7045332467386298,6068.017620403617,0.11875880362575053,0.1071788696263246,0.2499821659169742,16582.20387728435,5,0.8515366497992211,0.47287516035681576,1
0.49524974334136435,3530.7590495468203,0.3103427140572238,0.2328146859583204,0.7783271565368833,114361.55926348016,2,0.7992571023797584,-0.30542939587608053,1
0.8011464229089272,5247.082726424247,0.037645041116763034,0.6872152968226487,0.5835690747388903,49627.45865980937,2,0.7787946659886152,-0.5914604653576092,0
0.6219434060915303,4053.049394046248,0.5114885881219537,0.2554741248398228,0.6763694173796942,178365.4622704055,5,0.97298308347522,-0.12568946785002577,1
0.45802675730588394,6585.261068118456,0.21374091548932017,0.23608625324016003,0.8617686475746907,21067.29251960094,2,0.811309959033539,-0.1514046450502602,2
0.7405329905203086,5127.880946417685,0.5193106413968722,0.3607059036479165,0.02641565370504928,114939.5351242613,1,0.4059735891894925,0.7459389538553662,1
0.9673278224103471,543.7943917450975,0.14076421869922018,0.22172941043894864,0.529733479603489,53583.01691905404,2,0.8281916702278319,0.8675310436603287,2
0.49835271911400486,6671.967960481148,0.42985722901749235,0.331533995097184,0.7472142070305571,160018.7206331486,1,0.7683788610695054,-0.6623707603897433,1
0.766538161359746,4510.154791976726,0.5979168584012445,0.31158650051134357,0.8846030561990968,30728.06588764105,3,0.8000879179502508,-0.4410136416897099,1
0.7625089988412321,3746.1342346571173,0.06199993833810802,0.31245413884920975,0.13269418828777868,82972.94417669583,3,0.7562685582109332,0.572049199389747,1
0.754335817829852,1394.3941466906238,0.39874930925105856,0.14140857150844202,0.3414516377201041,41511.46264366524,1,0.549445639344208,-0.5099023642315772,1
0.8315575703340327,2593.512060381669,0.3025238209896878,0.3809656256602206,0.07855579169516014,145905.43280573597,4,0.8840649912560465,-0.4707109901299198,1
0.5759113194946054,2625.8367700181075,0.24035981648863403,0.17363821516591457,0.8349340838088829,69745.4062746398,1,0.518920846478223,0.353281938761026,1
0.6709062362051663,9386.010244344925,0.6045346260844965,0.2708319692074906,0.8573663478196435,41741.24373755284,4,0.8433094757247607,0.02166714632361111,2
0.7774403463060703,4608.873260092195,0.5885419857654073,0.17043390889761287,0.4835853148756044,133403.18157302728,5,0.7140587669195643,0.4072101211565824,1
0.5770233497891692,899.6255485441154,0.6306998066776935,0.3004507842312858,0.02079529334295871,148926.9440313204,5,0.400855515715967,-0.8548300251469274,1
0.5635221921799868,1818.7584813115484,0.15888267043252136,0.3227947682775647,0.10219814925739212,88607.23285283921,1,0.6329427338105139,0.008409391175008274,1
0.7355701434572628,1250.8104194626644,0.28570924486232774,0.27424169355325506,0.6243581194764398,74404.39838402238,4,0.7126486486482682,0.34569225316201546,1
0.6714422661736134,6094.259206968507,0.20967877799507872,0.2009298737836905,0.9826191858829555,117464.51270410522,3,0.8187367088412182,-0.05118181391878296,1
0.7149202034551619,2272.904169884854,0.5405036049978419,0.16694733574213205,0.8388640772393573,120737.42011965951,1,0.7663212569666944,-0.7443672132373615,1
0.8914976688657291,5236.297582676872,0.4610656892096163,0.018126622278437483,0.797922216036418,122326.71725815757,1,0.9300871015419175,-0.732226485928348,1
0.8193792859466061,4015.5895972647677,0.33029373759275005,0.358165132666286,0.4179698809626994,56878.79913477665,4,0.7127664420066462,0.1759993069142327,1
0.663465848805122,8136.825582869894,0.7860148088684331,0.1673778887064844,0.9852122521464877,170021.42034463063,5,0.6950700214744007,-0.711911175096839,0
0.7572515539909722,3544.6515540209416,0.0939737444083828,0.45158473125295256,0.8249728508613035,46285.52211643498,3,0.6428189239160336,-0.39246944902536396,1
0.5101160320044482,4853.522082769679,0.9748966887556422,0.3805553650694949,0.33565282156404186,73606.90690099349,4,0.7381571539261992,-0.11763984927140658,0
0.40894081601526355,7352.212711679345,0.11654407781531873,0.20989694444348003,0.7484910288683159,58227.97019706764,4,0.5415492305155949,0.18663311207368216,0
0.7148826760092241,4616.836465841074,0.7730708125683694,0.12978744003725412,0.43252291943891197,168290.99638876348,3,0.8731035485054518,-0.4693772667687679,1
0.7945298919647389,8035.547592125296,0.36823018916083183,0.1979965134162349,0.6604556701758324,150822.9242213116,1,0.6970868425204605,-0.18950534206715042,0
0.8717313535270071,6786.001384248317,0.8652622291318056,0.5914146627228993,0.9700538567702081,147916.2293385971,1,0.8356958204342952,-0.2643498880164523,0
0.8793761378133916,4400.0265824938015,0.07416994878416205,0.4082608071227642,0.24645155526718754,10800.713918770363,2,0.5553377013571976,-0.8058603550599663,1
0.8788043508054824,5287.828294020445,0.3747217101923378,0.22497910179403802,0.7950021909876572,126603.08503541454,3,0.7662936551698359,0.6075212271449919,1
0.8577354064264148,9688.432830500838,0.3354434065002363,0.12922649725383745,0.5903743211800885,49146.52817187721,4,0.9211071772139826,0.4847714158500145,0
0.6633604630334864,6785.309216829727,0.9931570382255354,0.29772846642964457,0.9499709132437084,174516.5237228609,2,0.5768633031415062,0.5682568444633769,1
0.6122429358497128,9097.454646737086,0.9855489948896256,0.22931667680757195,0.1344633099539424,100227.73936602908,2,0.9614368085819326,-0.7053506045004954,0
0.6561995181415002,2198.2057829751116,0.189803958666388,0.43937569973592633,0.7197094988451969,105999.51023799063,2,0.5384072594543302,0.03509125461347007,1
0.6784419814092639,5090.743484328943,0.6299469606983389,0.09085323086619781,0.037153151034586274,70602.0802199611,1,0.41746852215617125,-0.33947970435550445,1
0.7615557181161648,9132.28586352798,0.5355194199109402,0.3023838787091215,0.24655348061427218,101244.20579140993,5,0.5029659590558598,-0.3030048354161976,0
0.4789674184281986,3564.8145836934673,0.15437349124073874,0.5865483010162521,0.32085453006611797,137455.32189610455,2,0.6103010629952214,-0.8683888359917915,0
0.8911411648478524,9692.809882390997,0.16777970610442305,0.24501383331667717,0.4322557604920333,105526.42619603469,4,0.5595809250662883,0.8916749629401144,0
0.5764799908918402,1422.2361594997456,0.9892517284795547,0.0820902979243129,0.9652999771247959,119014.69128158732,1,0.8062966610673773,0.8793988197057663,1
0.6292787328315191,9075.37611761285,0.4527299936209327,0.2392680520801333,0.06760140172949303,90319.57325233138,5,0.9651911202028512,-0.1833657677891014,0
0.7404023155107218,4729.515159625657,0.1258012920000735,0.22052299529437597,0.16898286435324283,131787.95082288107,5,0.701176858466596,0.7088588360988206,1
0.713128238308816,1200.5695688410265,0.21479003873925429,0.1787350280757862,0.20304722618544513,162925.032905024,2,0.5076797960889261,-0.3397816366908222,1
0.8374038070792574,8855.45512956783,0.26834806724854965,0.27100663594199437,0.4239967023155736,18678.70398486408,2,0.6847780210749068,0.11883386092992332,0
0.4680571784976578,2893.432017886578,0.5109172633186193,0.3074539560280634,0.06069986914411385,28240.41021588492,1,0.4052755195963544,0.4892105565510294,1
0.6482553056872921,711.3761922046394,0.3355481295063093,0.451310657044551,0.9654195465450689,126553.54946558164,2,0.9465505455682803,0.046128221398571645,1
0.9212613413823948,1790.1675029073267,0.45501178588992097,0.3455996572099178,0.5598516911782219,74209.75059600156,1,0.7744716275096518,-0.6723825671914476,1
0.5399344408023439,6761.590048047735,0.16649955110136272,0.3946364907895297,0.8132869029225716,57875.13445891071,5,0.736871074719429,-0.24192923070675731,1
0.6308949588379466,9789.209146812851,0.3267286905875062,0.36388448547233393,0.7724984305640135,40360.85818860054,4,0.4684678531342428,0.5190070604135562,0
0.7345815525460384,1558.8903260434097,0.07031659271775403,0.09943675583309788,0.660825136021508,107348.16705111813,4,0.8968591712073011,0.5617263772671517,2
0.7585959233913051,4888.506457185239,0.8897102734758487,0.2857819664340643,0.9044094186310219,69080.5072504043,3,0.907058861379559,-0.32417424641349846,1
0.6984019329167863,2216.0472340015585,0.19875247716857825,0.35759889902932845,0.9023837121577031,96353.34043893543,3,0.9205155583812041,0.08095112391098191,1
0.8200799380125999,7577.847073965125,0.7569001354287388,0.4086549787698695,0.12777182966481737,172955.40879634846,3,0.6791941856450507,-0.5857639082750368,0
0.746691928791484,1621.5595477372347,0.349551788203346,0.5916932992416407,0.9019282991242334,138905.4997631886,4,0.6259342672366462,-0.4978321757845088,0
0.4957981536970268,2778.4966105684507,0.4743973189397933,0.21643941611141182,0.5238910353829083,145311.6477764708,2,0.4544763749923059,-0.7103774157705136,0
0.5294369199026701,2365.856692666178,0.29126103946122683,0.20907979637704355,0.26806971348189823,31113.643520714217,1,0.5844936868683417,-0.12415509402755798,0
0.760863934726736,5748.93791348629,0.6964412711073699,0.30876380173577783,0.6085004668564389,65246.65419547157,4,0.617337649265922,0.43977040913483756,1
0.6612349464798933,8795.248874006007,0.8445464192747074,0.1972995167118193,0.2809035999095031,28060.030243887726,3,0.9030708265739096,0.7583723421704056,0
0.844056042906704,5355.356910985976,0.2862701847395881,0.13251122840220583,0.4790078626524297,174648.55812619094,3,0.8490573415522585,0.08939826234794057,1
0.6178013492216263,1053.312801328977,0.24221764366359244,0.14791607824753428,0.8164378486552563,125971.89457264428,2,0.7787250043148052,0.30407015221694333,1
0.8494259927502235,5852.194840669897,0.6814402654638969,0.20945633196867097,0.03219797594530538,13269.75237572386,3,0.500589546057676,-0.4663555027677284,1
0.7666117392956887,8076.449493521089,0.19515306056772086,0.062014651082235715,0.18308899156595182,90835.81970959308,3,0.7916803985683968,-0.5958746337390195,0
0.9272242073932077,1755.4838743910657,0.6398397656097723,0.5996743624823639,0.9565826751228611,54799.35821364088,1,0.920411809503918,-0.20858999754114027,0
0.7196946347700148,1190.7565362736214,0.09442807969363554,0.23415911060045572,0.44509837342925396,101793.00471540239,2,0.4753984953024006,0.11781856529714285,1
0.8283207400533512,2284.173886796906,0.6201371599606872,0.23242727173717315,0.30332424447545214,40371.80670021682,5,0.7606504266024715,-0.932876342551064,1
0.6580929764029245,7587.820066805461,0.5134067340104331,0.3178898596625731,0.9232795412941368,19665.433407381795,5,0.6997952277862906,-0.8157971315316237,0
0.362479258802641,6120.9639855540145,0.11390571557630835,0.05130991560815578,0.9112139109381736,64940.18048731372,3,0.8784368324347456,0.26154002298757306,0
0.7005194947170179,5635.649212636615,0.6491036348645998,0.5489036230287471,0.04424245709782282,60236.2088198028,3,0.9278954292793783,-0.6013804149634443,1
0.6054353008401214,2870.0589990017993,0.44655715703407584,0.3367030433642731,0.3624780164058903,131883.80940433344,1,0.8453968762545506,-0.09328314572396379,1
0.6490613894324588,3656.2476548451646,0.2171150508170857,0.27588205522720377,0.9128216497716243,90673.30604862096,5,0.5986271104352443,0.873031621537411,1
0.39016223168011177,9675.907622961751,0.3533841557021773,0.3612712227158209,0.17977196935563722,59525.72656670922,2,0.6904634804563097,0.7252105876149808,1
0.841380830226827,2785.9396539291643,0.49210210563892964,0.2737322232214646,0.5782135095231155,106973.18813283832,2,0.8322972844855007,-0.8725902365765101,1
0.9439164797600872,9065.63152092334,0.091554227264382,0.2895176373258981,0.3207780136701538,22123.955999310936,4,0.3705241454921778,-0.8825840748580187,0
0.9772864016779285,6015.049292348498,0.9576094831283543,0.27794033557785636,0.736565434119525,122599.94399813753,4,0.9059020550276979,-0.7095017708064943,1
0.7427429537052594,1671.3164305268542,0.6655621562121212,0.07458313925920941,0.15826247461439225,35039.19235030112,2,0.5647271405561135,-0.767191683269294,1
0.64153768887897,4939.4675924731455,0.102534981287696,0.23235459122671512,0.5960531803207838,57548.892784551455,4,0.8136208696340109,-0.4923685017562123,1
0.8903256863496124,9511.212814928322,0.8228621843284595,0.331822443402115,8.432211304310044e-06,57960.89081919241,1,0.9159081652742975,-0.2558663208744334,0
0.7119338209814713,4476.373182304907,0.3225549309461454,0.4371175792493874,0.2525637555098975,89194.82637336224,3,0.7216988899133329,-0.834114983836858,0
0.8166827556206959,8702.172365498942,0.5967995367131839,0.4465643302366119,0.1621652115107044,172036.7522930913,2,0.7578168778163737,-0.07895833920399675,0
0.6796131143617583,2936.072599191223,0.27714284157957325,0.15004888735435257,0.2098307119820263,65192.07257402285,5,0.9064866784146678,0.059649603323947975,1
0.5839922017201816,5923.760442103543,0.7334059449146072,0.2541432138999885,0.860426292306112,57824.71764005974,5,0.7630837178010782,0.32319080361042807,0
0.7258867314020924,8516.59455291875,0.7230089750001023,0.028121276583716964,0.9147965854669137,38696.33750042267,2,0.5049744675705969,-0.1873216907248676,0
0.8327717226495648,9246.540191112108,0.552043456872418,0.37030021711631206,0.7550315730089154,76634.71301464902,4,0.80715696643297,-0.4082104876354664,0
0.7235608329503911,5115.321987937356,0.24092559247157808,0.45525884983570586,0.5901065298506963,40946.989018337015,4,0.383807928454328,0.28635931888173416,0
0.8077545578442522,6577.036970381576,0.2537038075121455,0.017808148534312493,0.23085651586305422,33420.78717365718,2,0.8555322174126968,0.8223923414997789,1
0.8309127513645158,528.311242432144,0.38286279669494294,0.22697727561810055,0.27472137842529865,155750.96298851355,2,0.5471189909882996,-0.20701745711412967,1
0.7525393575453199,2905.6214213772014,0.1450121673962853,0.008677588287557011,0.3098897731051621,18948.584868916012,2,0.5560927125263838,-0.41312622240188235,1
0.8511104523018544,3147.764985595985,0.3376557131909236,0.47748996770569035,0.777005460495953,130840.27030819752,1,0.8730016934765882,0.4354389537159631,0
0.8050702949664216,1388.1836107170925,0.6843546012483125,0.05700752298723225,0.2528843078366999,44437.053173412096,5,0.75828352211405,0.7545482477458594,1
0.7222391896054333,3157.1026268912783,0.8308452800594213,0.7301900366460802,0.9733894253703137,11991.553958953527,1,0.7502895858483917,0.9196032271171457,0
0.930781543295377,3550.659314052322,0.3325822904933614,0.1824702968795644,0.7964635212568995,145174.64299548313,1,0.6191577307039183,-0.559708264188004,1
0.44375580754412625,9703.277375897836,0.23359025825436397,0.3808435646009674,0.9997177229961974,129388.538267999,3,0.6745180215781448,-0.3944553417879846,0
0.6020134558091872,6851.722615327958,0.8326425783351343,0.08130377434150689,0.4591785633972043,66830.81408363796,1,0.7235906747511314,0.8117216982899278,1
0.8207558459463243,4547.048254455271,0.8907040273859212,0.23851999958392617,0.5893281849963158,23486.530761380505,5,0.7484281000690493,-0.4600188602994173,1
0.9471066931349803,9886.517376607339,0.4100215233120643,0.192470771268377,0.2804015450910542,71314.16582862372,4,0.395393346677318,-0.30880567249077395,0
0.6750272435078399,1955.7070422288064,0.02690415384963385,0.38210497737325466,0.6037445870352405,40825.68865131085,5,0.6729485209035345,0.2789221648678515,1
0.741657473754914,5022.486342339604,0.6949616208941519,0.18884926019936352,0.9739002853454441,168525.60407316452,2,0.7952303703644753,0.1362748490758683,1
0.5558227023395514,6647.090966965969,0.7840332361831295,0.25279280048925384,0.03038021516829259,100035.92738331512,2,0.5921925592653514,0.7557034576427906,1
0.840491854063735,1028.0160275987316,0.01802425316444023,0.13707198985236257,0.289288792408791,173853.41841357714,2,0.7526553361559467,0.2236971569797661,2
0.8430750756712021,7311.4891517896285,0.5950308533415132,0.27403149118358133,0.2812941697902931,69723.40072307267,1,0.7676978282377035,-0.02224043637039408,0
0.8264236124698057,1448.739852758904,0.588368758244175,0.12612647514203112,0.982369865045279,104598.67917464774,3,0.5950390826329247,-0.8521050978013209,2
0.7656256126239077,1832.6819316969309,0.37870790874791405,0.12948298449999307,0.13264938742396226,42320.983116187315,4,0.6279399325394487,0.9500528017571683,1
0.8709991812779259,2017.0503683897987,0.7497673258508377,0.6805294136422465,0.8123601814300355,147432.9459863799,1,0.655562106393767,-0.15536793586995712,0
0.7516804118949091,9324.453353227418,0.42817903811436064,0.22094405041179527,0.2745538463356443,16987.053102801365,2,0.5100668615594068,0.1451594117002506,0
0.754640728147275,6990.737678812594,0.6767759517913641,0.31724259362815216,0.8606029798781231,128254.62189914174,5,0.9350787434552074,0.004057439116189165,1
0.7605879391879785,6726.561260479489,0.5171173046351519,0.08790507086349883,0.48775090134031074,76582.21570101424,2,0.8342254172595776,0.47593118358248,1
0.7674825986378749,5777.188216417425,0.24846460470284393,0.14917102064538396,0.2422610851523772,108330.68158426312,5,0.6334234693225874,0.29290218159925363,1
0.6207141149191057,3281.656987603477,0.6065008630101317,0.37477538387563564,0.7097330155906459,110684.05293581683,4,0.5647456233084367,-0.31465908368731577,1
0.5878140019568501,6398.452193693839,0.7369084948458416,0.13425830034510133,0.84158076340469,130835.16940283387,2,0.7959311265900211,0.0400856652569912,1
0.4730391914128233,4396.422338942079,0.9739056734370036,0.15503665500429167,0.47013920921207375,44724.57454931412,4,0.7981996085094746,0.6520749676484572,0
0.5521543831754854,1881.4534258798415,0.38010894680241347,0.28434787057788025,0.7139892757143564,100335.60660665731,2,0.8640990212860402,0.2669110111047026,1
0.7372546556213507,7051.174258113464,0.0644725446663511,0.1996815558518753,0.18158252392557417,82577.4091868773,2,0.8165526568146257,0.9091770601673996,0
0.7681645038848898,1731.0305953342659,0.9879712212213518,0.21254610127764265,0.93761218077816,57970.788506261895,5,0.8904228722042984,0.5078887889641974,1
0.45076256049152547,2311.3515197011457,0.6238066594255363,0.7292605223425528,0.09644950638111949,94273.72986996948,3,0.7557906053065606,-0.029620382697872483,0
0.5620562873881123,8268.143462552256,0.9464504581607692,0.19092081065486072,0.2219507089713585,171842.55769268447,5,0.6411578835050852,0.6140213546599345,0
0.6173999661230365,6771.112413188963,0.10382708601111934,0.33141971096580775,0.28835976607690916,171310.44102043382,1,0.7689439380227653,-0.11561953876542463,1
0.6214574383103426,6494.415965029602,0.34203383987045766,0.5454464929062313,0.15275300027115202,57398.94439349621,4,0.43777872501411347,-0.5736215796647495,0
0.533243322827377,4472.926451255878,0.1339366988727243,0.2702450109871823,0.40668033217566246,160315.21803334117,4,0.8826459498257622,0.2594183581588865,0
0.6056505846553754,4264.664923274026,0.8355101545820595,0.09072982349617205,0.4577360278981032,159048.31759581278,3,0.6892174493373836,-0.2922109612460513,1
0.6546215212437976,7057.494787261311,0.8803427414293161,0.29705052455111364,0.5185892575457532,52429.39009221684,2,0.8106846481653602,-0.950274732768539,1
0.8512282651083543,7530.052616785934,0.5013116998750204,0.06462508543704144,0.04079954755561099,111821.6268919187,4,0.5602844049431143,-0.5718505507556748,2
0.5006099250237391,5347.025422460951,0.18660621766203045,0.008699504116476004,0.21910606997737925,157889.07907733225,3,0.750618919703873,-0.6658429582959782,1
0.7595752941359691,9708.057821310998,0.12711896903970854,0.31158810781281615,0.8077632512120207,97549.11633180655,1,0.8901568330263526,0.5897312309033247,0
0.32832289209175314,9579.145809729283,0.5881641100802067,0.14367701844094233,0.8106046545697839,72860.80937317121,4,0.8037382034778857,0.45342968437511333,0
0.687025133708576,4418.080155121207,0.5063763245853006,0.5409846804280035,0.3300067517543468,120633.52314134504,1,0.32743461044308475,0.2290481371060631,0
0.9010127929383899,8295.91141568996,0.6947891023676676,0.6741133330682427,0.4611743614372382,39312.260785338956,5,0.42248368210936993,0.8686612094293542,0
0.3173922707366385,5661.044495184946,0.3052072626199912,0.6539587053644431,0.1834529277296143,37494.33487708699,4,0.6927804671646228,-0.6437819844987192,0
0.6776704024113176,5361.6809317931575,0.40236799502436227,0.3571793440644787,0.8221398904218673,151549.8424016203,4,0.5878143442201106,-0.6736092767934394,1
0.8589457182934676,1022.1585830971925,0.021361073851157375,0.4820588244822885,0.9566837216454395,17118.735709481378,2,0.9281273253242621,0.8181676308451027,0
0.8558113276470747,5952.759749448946,0.610143045075529,0.08581665697918683,0.29135286025650564,146617.0964683774,1,0.67042985801313,0.29377771231632854,1
0.4579151222089859,9055.490340350063,0.4231435213464778,0.08856937429229066,0.7819379271553325,59384.00687579836,5,0.5735700650054182,0.11520241459504876,0
0.7455228087301009,7911.271567353375,0.9197646338134479,0.28816771681438386,0.3523891362301227,92130.82346184549,3,0.8194220226560295,0.4797874322337825,0
0.6991506747246579,7970.01287464299,0.6417862977048049,0.18679816679253086,0.0026339215744580757,102397.55935814792,5,0.9114789484779536,-0.43665737689638706,0
0.5037615752492631,2019.3258664752227,0.3986944914496938,0.3125584873331436,0.5997277265910264,140401.77648831563,4,0.8300645225047404,0.18976820759212254,1
0.5563296173863621,3905.2697477688544,0.26358918087335037,0.2977653767053793,0.4103986534092572,160255.85771237116,1,0.7152557907275143,-0.14620204561895656,1
0.6663863118433812,2715.44670817724,0.9052849426076388,0.5581939116137153,0.7584350264951598,146718.10131739912,4,0.8895448552398637,-0.3860551389701623,0
0.7771028265785843,3501.1951833285416,0.016265074117443268,0.29507543929283686,0.7487640801377465,107298.44179767778,3,0.8769546945754004,0.7526232293289508,1
0.7274353364574222,6005.623763190391,0.3269124672523922,0.06424233162900776,0.9460312441225,69162.32395939225,3,0.6706664599691474,-0.6786764653111548,1
0.5130137169804924,3965.446227017355,0.943505583788035,0.4126733357660274,0.43781900890934833,99514.83024297118,4,0.8096991100758758,-0.9642257831902576,0
0.33034592820565045,5826.6292659105275,0.6540330069815741,0.12484767473983732,0.4825119035507076,15103.686386670222,4,0.6819246085576952,-0.2817930269756972,0
0.7320391785520207,4665.761858608482,0.5327190712832991,0.42044804254340096,0.40040530737988334,51646.61959075506,4,0.7395108520828921,-0.6031908479533044,1
0.7624061017507859,3222.8478052724126,0.20353471792042743,0.3531982784163333,0.2969388770227198,72246.41220088847,1,0.6690781235215377,0.6220578981554319,1
0.8878692992969075,1406.332624949007,0.8333747742543871,0.43811974742606663,0.6378422149099721,64358.269105755695,2,0.6339746279523777,-0.7467316067767737,1
0.39499990286244757,8972.465344775435,0.2041990625927761,0.38732534444820865,0.8280367629625526,26174.97992429666,3,0.7179016909539385,0.8749777746300273,1
0.5570402781229018,608.0469770441623,0.24825353152124996,0.5569524543606899,0.15781067454491593,18628.19384038758,1,0.8019354285948412,-0.6649249115761742,0
0.8400990346607572,515.698637348726,0.19185114287185523,0.06733532717255769,0.9818393277600184,81521.512527606,3,0.8058720589184054,0.7785169167999855,1
0.8468768798646774,8354.578527753687,0.15814946056952195,0.15088361693843888,0.6838073636349211,22715.958060697943,4,0.9657564532603379,-0.6632453499375404,0
0.9356603825578297,9969.703933095005,0.9533124959788029,0.46547790032366515,0.780111016230974,58655.369952060755,3,0.906593052153814,-0.9041223095321456,0
0.4134017974641237,7407.476863279734,0.6020315961413084,0.12912892319046124,0.9988545858967041,90720.3619880598,5,0.6897079866594689,-0.024304758457944553,0
0.8037979987498725,645.101461597405,0.637837132010094,0.1123983100220779,0.5040314965789106,45693.416130890786,3,0.7159350654191085,-0.2872628588752768,2
0.771929575133437,2653.557153350877,0.9543254656787835,0.34917504917168,0.07129125656089563,23520.937478747564,5,0.33111254966162,0.19567156469853075,1
0.921975400292229,9732.315652488633,0.23057505512556264,0.3156518365990816,0.7902917269389234,83462.65600978481,1,0.6620198155030429,0.28143994998006794,0
0.4593981170291456,8181.740395651431,0.0059175385976920625,0.46295316956404453,0.8707660276114114,86241.00474363488,1,0.4695975666223071,0.8687593786411316,0
0.6751469415198332,5884.598516144755,0.5988836495702912,0.12246308143830684,0.16239715010637512,165654.43037588245,5,0.725933517379497,0.9054357824098234,1
0.8079216344952572,2750.1767396834102,0.5078448532241586,0.44631863269635247,0.02413742184253953,31732.399237999412,3,0.41853411668759816,-0.010048099082914819,0
0.7968571373186701,636.5169563041153,0.4776503773982941,0.42645017872255014,0.1358236769266825,114549.21420519683,1,0.8068209050300221,-0.5826650951266237,1
0.6633903250657313,698.1839900553855,0.061880211246199135,0.2090547926013697,0.3239664141001557,64349.43628211306,3,0.8672056130030743,-0.5054645639740913,1
0.8704863855652488,6313.818203537153,0.4544348665747845,0.12410624862324374,0.9242810373854657,31011.63116747666,2,0.6780280509165605,-0.800610040252445,1
0.41591893664772966,707.4028253480196,0.2875595650906989,0.5662994875750398,0.002467193824184366,76835.00815179296,2,0.890536619672183,-0.44025396679818374,0
0.42885590337679164,9939.48634829104,0.2745646772243131,0.1644889929774425,0.8037978957268744,82749.38951191658,5,0.7846289563798446,0.8227745093385181,0
0.7585701606925432,2242.146418190512,0.22238158017909282,0.283056058967281,0.8548547362114505,71805.9674294297,5,0.5191909190448077,-0.27079574144614127,1
0.7133143582153553,7251.719937758135,0.33252835975457073,0.10487718257284231,0.8110523260529817,140174.56595900588,3,0.32312955852287095,0.2590412254851322,0
0.8318434007231277,1973.0673534179275,0.3531330751434124,0.260034222491986,0.08221435564369795,152665.09989216915,2,0.7817760990687646,0.962486689265764,1
0.740718890392228,5630.887500428288,0.3087757763619975,0.27884301679802787,0.6791899988557549,35284.39949974697,2,0.8715676986712363,-0.7865273815551894,1
0.6090474148122571,1265.807240429067,0.978752715719509,0.17727434162048253,0.9539036234992153,38543.86217703772,5,0.5351374608961351,0.5507556910270921,1
0.9067952064003205,7784.39503306581,0.9327310855094871,0.32421920784247227,0.12036276852220995,81606.99168436571,4,0.633732498230352,0.3993807979690327,0
0.7071840285751438,6056.750399885882,0.5745100995248622,0.21967294847277288,0.03168179821574657,64432.12338726154,3,0.3700410953366874,0.6380802343100509,1
0.661764399498542,1318.5835873134429,0.9810548384103098,0.3125453533167333,0.8736590316919295,149327.51291669736,3,0.9064852979772601,-0.7256611111432494,1
0.9608250514148865,8561.568797400052,0.9911980103191901,0.5795694650793749,0.644929668403208,179457.90452954883,1,0.6875126367173585,0.003561436169945642,0
0.4944396636127934,5696.676840378669,0.3559397100173025,0.09535145557235003,0.6464354657405516,40788.76314385857,5,0.39715159741435235,0.2640016541721306,0
0.6934182205902941,9255.126945126522,0.4451875457397445,0.2658643859667327,0.9644314289272914,139632.50564276648,1,0.5435079794781001,0.5201676968343734,0
0.8000575356202062,9207.92204994207,0.9590617769846655,0.17128011131140244,0.769765583589199,113231.95875682817,4,0.6628604501496093,0.4252642992762059,0
0.6822994964532533,9244.824000122533,0.6086261992986866,0.37144490782174316,0.3974448856349245,119552.0913279525,1,0.8477764405493673,0.14193279101005007,0
0.5922328795410483,1238.9594019044457,0.21292908283727252,0.19789491452429325,0.43584111730034225,54955.049730660714,4,0.9738964193696875,-0.06166436810106379,1
0.8256087688352336,1649.0987366679726,0.6893806683365004,0.11178262396297904,0.14469297997580755,26523.35776365073,1,0.8191953473389618,0.8834307021219878,1
0.6297523100912569,9883.20519230388,0.20574618204608752,0.10860371330644003,0.30404986689869506,102353.53800322539,5,0.5708237410596158,-0.6364370336105429,0
0.8635921696341132,5132.207803287707,0.3393577436718458,0.16750243909679222,0.44540371548165747,114295.99431365315,4,0.6336563926009663,-0.5913180888743943,1
0.48855390533419796,2763.033501876903,0.22756016309535154,0.19497733261484593,0.2610854267782462,173718.31978001993,3,0.7575922509091001,-0.7778538443340903,0
0.7716410568159886,7811.812640737251,0.24498021593384223,0.2242066397146153,0.9158728481442246,124789.28089510907,5,0.5385299866293249,-0.7746560786525893,0
0.6174597694738657,3010.709601518579,0.004655581566782252,0.11390327412932477,0.011802673618445225,85426.33102915864,5,0.7374227548798906,0.7469770534306406,1
0.7891780426029354,7408.549036177103,0.8807088321994518,0.29543867455314754,0.5870220896803678,178980.19189412717,2,0.9237854941146045,0.2130480025175423,0
0.8700207971643283,8454.21488957273,0.2959904952757938,0.5354400011033285,0.7716081290362528,73450.62572917547,3,0.4363432287765268,0.8701828419162161,0
0.6769122338214001,7950.502084305166,0.08637437952279448,0.41532241908005557,0.7321089964765778,37634.94531710769,1,0.6739741277905821,0.7737301356575794,0
0.7295153459059002,3103.4541778803864,0.08698740568108854,0.4540810265282817,0.6437329591290303,115056.60897339189,5,0.6701653296813421,-0.3989709748791659,1
0.3696998013386585,4315.376453752752,0.5560182764609521,0.7849194110053164,0.41033549459743746,55262.60768172142,1,0.6582938654532298,0.28263650883942715,0
0.4665408913768394,4425.8845307161255,0.9929205505339371,0.47643702660005943,0.9184772327053372,166774.822273112,5,0.8910965362694311,-0.2411245733795282,0
0.7925833451791443,5167.092721992482,0.14502246727019164,0.454850273390691,0.3289463379704679,82737.6219602739,3,0.8519548032724867,0.7523528636940202,1
0.7301688627880368,2090.0420896312926,0.09962178094965946,0.5674703943731932,0.7501341262839317,35434.77947972505,5,0.7695812493576415,0.4685029375246996,0
0.9165407733237506,4798.465478936253,0.4383038804020907,0.045172090324564,0.9266509717984287,34077.196928075165,1,0.6623556688686144,-0.7530375389974657,1
0.8157395605802287,5352.438409897057,0.5633312538407954,0.09641887059471332,0.12838362291953187,120438.69902171195,1,0.7086676997267094,-0.4934233146677558,1
0.6146840245452468,5551.235467519998,0.29438035887794045,0.16694279994482972,0.9470810480191002,72202.54235635928,3,0.7912337220708313,0.31515769353814416,1
0.658950551467892,8289.054084852352,0.3025220925138664,0.043663936884359676,0.7760327012469906,71833.17299868082,1,0.6241731748261934,-0.5077311961315423,0
0.7146478934490892,5414.677735555204,0.4244765018489495,0.23631045110258006,0.6165916630411982,114095.07239850739,4,0.9091040179465792,0.06807738298630084,1
0.6404584373948782,2692.4472638799143,0.314145615150606,0.15660078015120646,0.37339870562496225,47657.018998555286,5,0.9034860896207716,-0.5114926051918305,1
0.5178906457742368,6799.723013319778,0.9153315835685167,0.30180720617775525,0.9042654251797599,34722.80391012912,4,0.7973164276084252,0.3650530011729196,1
0.7850360333994066,8074.484368822939,0.04195457129062896,0.3532268987373027,0.04404293621391331,121734.62682379516,2,0.5221573227924508,-0.8499689219232718,0
0.8303893680958497,3534.0308311634867,0.23457015987027463,0.11200651855523704,0.4318290554455043,10890.29622714046,2,0.9598688600383329,0.44245114734335167,1
0.9326593669052916,6630.40632566725,0.8085527962274213,0.3953974732430484,0.7566338975840929,164252.04689791286,5,0.7169853823284231,-0.3259835390060519,1
0.7591228951656077,1895.9109614871202,0.8339581246649568,0.46676304296208726,0.8111404424571679,41105.05653497738,1,0.7978059511119449,-0.09295767933398125,0
0.86911156092447,3748.2998934916086,0.11155507896420114,0.2989746055863586,0.2022784973308036,86135.5302265097,3,0.7282368528012613,-0.03284654315540281,1
0.6769900511100981,9137.627330721525,0.9737634500127167,0.5389745022343472,0.047604652015881044,45951.350974401095,2,0.660821077129764,-0.6112461183882794,0
0.6742526822138145,9157.427550044422,0.6933548498991089,0.14927216622928396,0.8028511552536013,47097.34368406023,1,0.6986172803512715,0.884318243056009,1
0.9117709643864135,5965.583498059104,0.2725930559835956,0.24967726011814445,0.42189226772118193,151950.2323922959,3,0.988023928312065,-0.9996741279203492,1
0.8534066990669594,7172.338878218514,0.4560378648144545,0.2295164874995931,0.1435237300825668,109455.69724098615,5,0.9341194585818918,-0.2545039870825716,0
0.8231369497640888,8613.146444456443,0.29713861956796717,0.5285857651139089,0.08556834810813096,62946.558473652905,1,0.6229291518914608,-0.742939358156357,0
0.4006951005505834,9606.255260469954,0.15002224985441937,0.12956969042983646,0.6406395705134355,52686.78409043479,4,0.8902658836613345,-0.28015070110047446,0
0.7461004886566291,5153.92118275281,0.29117806474891517,0.3716477292109193,0.5828178656023051,46186.61478037869,5,0.3689282701490481,-0.792106286262817,1
0.8913608501260962,5834.969497947326,0.5800919374896184,0.5854704248710367,0.8539903767014971,104256.22001339287,2,0.7668268046941195,-0.24258647233334796,0
0.8422579087024897,4448.594883154387,0.8259696948354687,0.7863655367846603,0.03156701227248415,134234.20016188285,5,0.6528331859266885,-0.6122410065052764,1
0.8063223092889175,1183.828402036073,0.3635290748895772,0.20784301971349034,0.8684272331675332,53099.65500007808,5,0.8701159386426601,0.10756999950339763,1
0.8861391530334112,4516.632988263775,0.3479015405478417,0.34377066810441753,0.887243109405655,66491.10111981237,3,0.8772616694613012,-0.976085419719009,1
0.5443891124335279,8010.959724139233,0.46800070108132263,0.3878687357248128,0.44629967746252563,132462.15132625191,2,0.8990243527387348,0.012195541606776716,0
0.7205842934969852,8146.412230919522,0.6445555999643463,0.7570291701429289,0.07666644781876153,135337.26283255368,3,0.5751436986743055,-0.4344748781703338,2
0.8874599247667937,8977.582588636347,0.7516162624323093,0.36099683352984185,0.9467432046023149,45244.93580288362,5,0.6972215894422861,-0.35708318753918533,0
0.8916342067946071,988.9336991717062,0.32679950479947384,0.34147387645786176,0.07202990532817088,74974.39610804478,1,0.8242007229157418,-0.290638104214763,1
0.34929531978774964,5507.968601016022,0.586352467825139,0.3241887982262194,0.5906753104461819,157892.81326093705,4,0.9734295501372305,0.3054408707800438,0
0.3189116825818572,1520.5326354022245,0.38936084128088244,0.051302494804135915,0.49315650267282096,135832.6819321563,4,0.7385487691488118,0.5155446703014197,0
0.6029741072112611,2407.050740074562,0.7163998503633859,0.43183708653806546,0.8350864563280583,37624.205084775545,3,0.726289494769214,-0.34059119167307195,1
0.739364767237509,9052.05677261576,0.16467492051702082,0.32494277015521744,0.5026068527059596,75613.6977647149,1,0.5770052170636873,0.8499837747428596,0
0.6518880221510198,5219.51695508211,0.2569248650512961,0.0895146976703399,0.4691202817060468,175459.94292564833,4,0.5342709999927178,0.49247390833724447,1
0.6624903873660631,7706.17674851783,0.4260604198427498,0.5663903958431861,0.8806501463788919,99314.19271175729,1,0.42875049960781025,-0.1923252254004295,0
0.6461474341873301,1111.6490063224678,0.8894147899213677,0.04491162750601722,0.964010082764836,132288.846976648,3,0.8783827957502287,-0.8043932757228052,1
0.7478010540946525,4459.851787286094,0.5733257893506902,0.18917299510160052,0.549270108398807,25645.95306697436,2,0.5669353919338913,0.12068015768450935,1
0.34074574897762533,6905.282666311208,0.9653961189814116,0.42635595559754974,0.4547239308417197,151526.69355136566,1,0.6160974593808699,0.22753069545497717,0
0.8553095000178123,1767.3615721430265,0.10327768528108383,0.15141752034153466,0.8310951432144021,112813.4367437462,1,0.5763402319513659,-0.7273873610146075,2
0.6876763455486924,3595.26985150399,0.46017541365093484,0.19861576717039855,0.8310934613898313,39852.0734606952,2,0.8197637757158177,0.7040489457037811,1
0.8143858156663423,1113.2041477268908,0.4190785300453842,0.4023546031910962,0.31938171608533206,74636.0010774185,5,0.656592073702922,-0.23714359156030484,1
0.45231618357634074,6687.729438260349,0.6002061764059684,0.2523991046387513,0.5762236554220038,24114.691196872005,5,0.7511007860286358,-0.6952597515346488,2
0.6886229240120414,9723.466961052127,0.8119646087075783,0.4529156436562391,0.1541169813555996,142091.7897861434,5,0.8701965989693735,0.041757497941422805,0
0.9056669757429177,8356.93216585688,0.8414480255830602,0.3115851841333592,0.6355419893793224,136629.42999613727,3,0.885641756959186,-0.15591909526393355,0
0.6676705946208079,9758.919609671873,0.6701946087055083,0.2027354389422082,0.83398901354285,93339.27343419488,5,0.6712100448033375,0.2843148749188482,0
0.8359454082292946,8533.245553434766,0.6415363642455536,0.04692876717058369,0.1875150848722249,86842.7872024468,3,0.28827780767291394,-0.6548582620822672,0
0.7529841532411512,8624.360158871297,0.9490295420448075,0.04577613334409508,0.3230470463247518,88782.18529645035,2,0.47821420058873076,-0.9584726615830355,0
0.5540484708203021,5983.183356027755,0.38368740163842463,0.19003473853254982,0.4489342837224328,16369.352374808326,1,0.9199309694914908,-0.04707551258259168,1
0.9791921783440044,5423.396958425495,0.8327833141884883,0.08633413869586982,0.8450800641258142,72601.6444044554,4,0.8392313852556615,-0.6856033445446992,1
0.7960517462881084,4359.415531064362,0.9215037270922941,0.33172522479548644,0.7313700112406765,31845.676833324032,4,0.6345286306556385,-0.6871040406603992,1
0.9431702483507759,8271.90150293586,0.4915392442651969,0.18972661045890216,0.3168703882400219,41414.70157458668,3,0.6241336323608868,0.3558502798334142,0
0.5534218414006792,2229.6423166412337,0.7291025786033003,0.22257677690609715,0.24303355367038704,173559.84047649798,3,0.49611661574148375,-0.48245815248068946,1
0.5107909125551564,1034.1367003298355,0.3770198566709061,0.4495719519700354,0.695704710046121,54503.48562086704,1,0.41158264533509115,0.6799774414840833,1
0.8380810486659841,9504.991315504412,0.15887901419540407,0.2996136566213863,0.47988746504013235,92216.24566070113,2,0.7488665926628489,0.029479967502728632,0
0.8236870315286352,535.8927594330321,0.5865038814724253,0.021297452092839897,0.5935542245494027,160924.72146314287,1,0.9481883375796923,0.21616146243880285,2
0.7159352066091089,9779.878557820592,0.1964716508495319,0.4181442097792238,0.6486974592760553,80293.53526896246,3,0.4795583366203978,-0.3581884209567938,0
0.8614075715780724,7424.107013800775,0.45759913080386905,0.26782606762313393,0.5586867335319174,99865.08373525867,1,0.699201898957851,-0.5523701499164211,0
0.644713206837897,3620.7397371293623,0.8728793133283332,0.25653338743808507,0.6130720298820463,38693.91370291065,3,0.5312852253032385,-0.682065115741765,1
0.506278519122286,7129.2885093199475,0.08601818756368051,0.31266905965089126,0.8875031525124247,58463.49672587454,4,0.4795999017781178,0.41416390949709614,0
0.5080871653031304,8269.813993258711,0.030428535664649647,0.11620192650977633,0.8681989274774778,96039.40718036308,1,0.7102100636343939,0.3782590356346114,0
0.8034444399038491,2830.939531871141,0.6064778473818876,0.2365108820705173,0.14903427325942942,72033.25262443066,2,0.8810950897678616,-0.01464646806757619,1
0.5087442765611431,7823.508991156028,0.33106132659489507,0.15335447876044325,0.586496714585824,16503.469110852875,4,0.5023552384302239,0.5626183828957232,0
0.9199747137738206,8141.511437578281,0.41793770692591525,0.07909198797413797,0.43930199666924374,78140.9356746739,2,0.5844069948871632,0.6051839696673842,0
0.8136297924324303,2868.8689861907815,0.40571058865833154,0.09365599920122052,0.28552007506518484,148567.97988032646,2,0.5385007518361445,-0.11564068621562695,2
0.8596338643524696,898.3003665908436,0.08662022900956357,0.14995973887418643,0.6311474094177983,29730.105307694044,3,0.4666438527629002,0.30230977247896207,2
0.9223131301292562,2439.161703301928,0.0035664326795945556,0.07886034311156168,0.5108835340901225,13184.337044276566,2,0.6795173050172467,0.8242095608336524,0
0.7414322652360554,2406.140884449247,0.8984232428642643,0.3383334177005846,0.7749040653297997,30179.468648367452,5,0.43896600861476753,-0.837098867670272,1
0.613929266646287,1119.7843146670903,0.21779856090374639,0.22779517931661786,0.09343098959169627,126767.93309020533,2,0.47540587768676634,-0.9757416627762874,1
0.5021079033165057,7397.0701542243605,0.4260789918642883,0.1383008249850522,0.3026807493721033,145089.58859234295,1,0.7272810980585256,-0.053276814214832546,0
0.76864734420722,4109.761782354878,0.9719257966710786,0.05388624037316674,0.02578225882776297,18283.514451252944,3,0.6432596266701452,-0.3365208141619773,1
0.5596929213050089,8901.668590811654,0.8267625819836523,0.11616115073377685,0.7459597536354803,160883.6536011155,3,0.7750480040035402,-0.8259867166245305,0
0.527011589104387,2895.6255038192667,0.10793085526270219,0.208362908492475,0.9124573330084168,116645.31146886236,5,0.8760711472801753,-0.7004625786666581,1
0.5443376117267693,4805.70556844931,0.5085190316125857,0.2540272097265967,0.5873763406486373,98082.32923779971,3,0.7440695052875136,-0.48500241582991244,1
0.8001799284992234,6570.665574804247,0.730079026495016,0.17228791697140647,0.6169791596660393,53110.620962328474,3,0.48461551637833533,-0.8012078197012436,1
0.6756344003401038,8835.91702188189,0.6983927849992124,0.06579587307450178,0.046425121663590585,73189.0535050605,4,0.9782070405796136,-0.3618407850576406,0
0.6696636749096341,5483.90046538406,0.7608418524044702,0.21825073244472867,0.5037812982362111,170985.4563555231,4,0.8055301525543747,-0.7344001486826433,1
0.5269564320995413,4048.4839642176366,0.4574546548880353,0.2750794345806809,0.5268722326182029,164962.8937198574,4,0.7298907848602453,0.24938794181185875,1
0.6058097074088751,8736.643245484085,0.17592292933028209,0.4498094150171736,0.038974485759422306,116328.97409530282,5,0.5064508871194562,0.39324726793758247,0
0.8309702806732958,3447.3410345323,0.46487244391937266,0.3371162378517857,0.7823871397495825,108414.90700353427,3,0.86065088011345,0.5509800285313244,1
0.43761837506687185,1254.5251465094761,0.647887249173292,0.2644275813732768,0.27832013742830664,45792.592906697966,3,0.7058964115850858,0.7395319591696214,0
0.7965276339730123,4727.90002134728,0.608592086605168,0.32267056870099226,0.72344700681125,172057.35143478078,3,0.9652929122944826,-0.9938043259552405,1
0.8916256557920329,7958.386411730923,0.07052205378860743,0.3914933618025939,0.4029253468698244,138416.59122853779,2,0.8717224106896901,-0.647201646650958,0
0.7896251042698473,792.4179016584693,0.06495243408219176,0.3314184605602478,0.9956461374481076,74984.14864901183,3,0.7584437668688702,0.6293162399392365,1
0.5740918837206284,6065.8813274011245,0.9652578311552119,0.4774128017092147,0.21220514620713438,148691.35789794102,3,0.8242292616585635,-0.9390222955054637,1
0.7733953051322833,6147.408461008743,0.15180545503977105,0.1031266097981638,0.05823559129060052,46018.69258536652,1,0.7326038028000625,0.3308825738979173,1
0.5804085365917708,9321.146752560126,0.29446246401172194,0.09974465745902245,0.9799054932004886,46248.87115132754,1,0.8055054137270914,-0.6384864347592649,0
0.6584354165829547,3221.415762877707,0.7676344821561655,0.5508275181835934,0.24384201807556494,144463.40987469518,3,0.835651268040432,0.012854663388129683,0
0.7356359706310397,3148.947825501614,0.4096770758231749,0.3031854384866447,0.6353311871158296,105082.35674741614,2,0.46003152857381047,0.9246122283967313,1
0.7401269898051206,4684.5946877269425,0.1814648532600327,0.38955036857609987,0.37456821981522814,104491.99904959067,2,0.9263850024938655,0.2973967314710497,1
0.8052818908592879,3890.6915639793942,0.4672323823097815,0.18705870625096396,0.6396278568346602,107524.04065298631,5,0.6742417191124591,-0.2635574862471606,1
0.6184085566762829,7495.285695548604,0.5689499707633658,0.13315901485227447,0.5960585894214749,31387.158892778818,5,0.9781142027101841,0.3780080082440409,0
0.5737481736131148,6596.644732749721,0.45276660927807566,0.45844875059546086,0.7072738812892629,69425.0426474709,3,0.660595358954278,-0.9888759232599378,1
0.8938901040906674,7709.74986010953,0.918946075472109,0.08893122397595339,0.01844335597669189,107423.54387313376,4,0.7795514197292323,0.9009972339773358,0
0.772518871450003,8290.397016387546,0.2846992950995043,0.5678407399824943,0.836194217154001,52090.03251747792,2,0.6789961733747074,-0.31110791462237297,0
0.8573918127041467,9268.320760974404,0.6613321606996709,0.16933623840909512,0.47866586422023905,95680.84311933859,4,0.7247269138718753,0.9602326198964759,0
0.8627704960139021,4593.898951954152,0.11229472140989771,0.11944686532918074,0.5188528016714431,104695.99050318176,5,0.8529870638835031,0.3528285285108417,1
0.45789912843074393,9854.62519997972,0.39228545766402656,0.3987227862653761,0.4110251910401259,170278.35932591988,2,0.7666564651907,-0.4252982186390464,0
0.8598891559341338,2548.777727334701,0.7409932515849736,0.6051701996826612,0.9893824822730471,51781.88753992075,4,0.8630050251876704,0.2305337704766921,0
0.7102620207161751,7286.469038499621,0.22481694058946544,0.14093097744717661,0.8015713740947037,84690.73956474548,3,0.7713396486064565,-0.23950103327535732,0
0.9125713278129189,5573.088514418298,0.5897710456544126,0.09336829196640781,0.31139337502980846,176856.90579250746,4,0.6532422722722482,0.28559460655460267,1
0.6140210864873354,8260.555649506392,0.15343702920906033,0.2202097192967291,0.7830712747887544,41754.278957050585,5,0.6578568907302794,0.5813213167044897,0
0.9921918831910755,5029.319945761047,0.10270169136137108,0.3272236340698092,0.4369935272552643,142603.31260863543,2,0.25321067023618116,-0.05840815191267423,1
0.7223459785663235,7947.417035943097,0.5232327489250427,0.24421504935167626,0.8700133426956475,40116.342458282736,2,0.7147027329094194,-0.5557655980556373,0
0.6369654240031292,9336.602789152941,0.6750109960860287,0.4617127555206162,0.030846495264535534,154507.91737213012,2,0.8217719461095321,0.9629062363732894,0
0.8214123508716306,7456.795528330829,0.11336706623448345,0.27177459258820996,0.35540649865247786,92955.56934965197,3,0.8622494800024765,-0.17470614529499207,0
0.5786486752122131,7872.895719074081,0.917776252372915,0.49520423144271014,0.4298191559617217,175267.45240069198,2,0.8014250990812193,-0.6472242512893378,0
0.4901724750975967,1138.166597025633,0.22577226269746686,0.05421556544850165,0.7442495797272172,38912.74446489587,4,0.6536474449830157,0.4784266581059262,0
0.8715688915615329,2447.097791206666,0.11997530815930002,0.2631914543237002,0.1823002665891229,126947.47877667058,1,0.6884027876233351,0.3105588471706311,1
0.8045383184996273,9755.88553478414,0.20269890835021054,0.11649489458460949,0.2862810943938451,128197.47257204872,1,0.706805587957055,0.6331929504398066,0
0.5892407567600549,7085.276535980247,0.16957245653184194,0.377489366973799,0.7238802923862641,132208.82438120176,3,0.6699376111242386,-0.9966475424236678,0
0.9230112384817102,5833.765664454544,0.09067465061294899,0.2230899808617359,0.07684365920982084,27164.68983958955,4,0.45958635890564137,-0.30537069463074995,1
0.8221141772576545,3986.2755472662757,0.7978392347787074,0.34692179955460045,0.2011242947670444,59055.367998189824,3,0.6838545847686417,-0.3709402127081223,1
0.47928980918624275,921.6955114657201,0.495537774744111,0.0754894389898487,0.7533665623418415,67462.86063191382,1,0.7054858268793736,0.8476756160865304,0
0.8549944736415365,4006.7911256592824,0.3885194403786828,0.2517243062315253,0.8755286509328855,65128.89336555552,2,0.4596696324704695,-0.30066346402343713,1
0.8136608242091834,5239.672296250971,0.9506279269841331,0.26872925723846514,0.7288280507965881,124753.52223004866,1,0.7547898669099525,0.0544619683852392,1
0.8974644878657374,2508.865339175424,0.3710083870647908,0.18133370759446743,0.527138285130853,19321.044004356598,1,0.5440819744036499,-0.9929495457757775,1
0.6857994475788018,2144.799517101409,0.16697272604718938,0.20396966865486976,0.09906130119077605,134113.36505748495,1,0.40243913341235976,0.6162941994158901,1
0.6649939812282275,5329.95723789641,0.27404289192659625,0.3428348470772568,0.8272257429802956,99519.34367360634,3,0.7983117349903885,-0.7720424873814034,1
0.7448339974767728,6066.0902384616675,0.23896653358859643,0.4992310496989319,0.12403899717111522,39409.5187584287,5,0.8903132831380964,0.7646649257607652,0
0.6071374590367918,2779.220229117986,0.49874127956330483,0.485104423807897,0.38507845311142097,48440.17728363647,3,0.9559661632757316,0.4702185601127422,1
0.7128546935752391,6080.200007334024,0.29150512395457395,0.46717437734996736,0.0504993443453331,26588.653640820718,5,0.8631689985636569,0.11278001756679434,1
0.6862249036991799,9053.229656805803,0.5160611721863618,0.08428770723884162,0.7096750948794159,88040.0049057667,3,0.8892519490258699,0.49817219666643453,0
0.7249332627999328,4995.145951202861,0.6692934249467889,0.3696999467063478,0.5034949643932126,111136.63855413914,1,0.6117463699004269,0.5857804967507534,1
0.7732422724408485,8645.206611078223,0.7772987857132578,0.3882108544291924,0.9076077334154367,108765.24837359235,2,0.7158650408705555,0.5034820904914503,0
0.5900522046100409,9309.078723066525,0.7101577812672308,0.13007242466862323,0.13874249559457974,173602.538308997,4,0.8459809581056553,0.32179374645077763,0
0.9509901308235446,1377.7432749023142,0.20559071645636096,0.28691355763693266,0.8191659503768125,60314.22544076791,5,0.8189681832891869,0.7613799308932807,1
0.8836832650968525,1410.2100067395713,0.11589971924275377,0.04518852183709729,0.5106687579575284,139553.57375248958,3,0.7888764223221685,-0.1539546309856148,2
0.7565658371349349,5022.419737432214,0.5424501591012509,0.606255276056334,0.3660923833572072,132923.18231223075,2,0.7536925941177666,0.13233398108664152,0
0.4452386687079209,6086.9732210181755,0.19891179120814517,0.23504294580269255,0.6435668858860308,20425.586704077832,4,0.586227989399929,0.9387604296296761,1
0.8598122444003292,4545.892912417778,0.08493372177151326,0.341987473486869,0.7904173699947702,168100.86304270447,2,0.8366294002387336,-0.2555066683674272,1
0.5978572037777943,3601.282318966279,0.5270943429794172,0.2993102823644586,0.44028527341124424,168321.66620377754,5,0.8095357989908302,0.5018339734556663,1
0.9631080921739555,6589.444103198481,0.32679418510779545,0.25926041827854845,0.23280568033775118,77376.980963444,5,0.3563428718443737,-0.21638939083322928,1
0.6927515973569838,519.7743673242426,0.7561490119385038,0.17622974827612323,0.9157891494983014,81005.23195097517,4,0.9454844543366797,-0.059657705830675756,0
0.582561015078594,9696.696168205553,0.31419163054841803,0.287917700682884,0.31299774414398907,149331.47803218148,4,0.7309737953053208,-0.3287332171994337,0
0.6589873436519191,2704.7513377862106,0.9787171370558138,0.07254801251809488,0.9982364438975082,94155.21143021777,5,0.5948866530216507,-0.6938475694593036,1
0.695750108097121,9212.438301538567,0.7585231912607081,0.25784069385447267,0.7673249289565258,145864.1187476834,5,0.827674163657642,0.9444064798475851,0
0.7096751773921168,1535.6400730778068,0.057693221488862134,0.3465571967141301,0.6878191749136586,16141.278747826913,1,0.7845290788769677,-0.1053886930879433,1
0.5787336254906948,2761.8282294234396,0.5088727403562762,0.7379960808076677,0.012399727831886698,52546.00410470032,4,0.708359767037259,-0.4413052523765184,0
0.780303295944388,2731.3001603312537,0.5626205012141103,0.14443498014777745,0.4485313259284245,25481.047482021735,4,0.7923617562033967,0.29256642155680623,2
0.7840919500647555,9963.45258990614,0.6953027106815977,0.24021378694046017,0.5024610756873775,87213.66887940762,5,0.6405621046991604,-0.7781398423894756,0
0.46772190855120993,543.7051843959019,0.49779679703375823,0.49339719948618255,0.3763763961867913,155207.10557705225,3,0.9768423253624839,0.08681355687546799,0
0.832918451936137,6576.56298838321,0.4834435984145732,0.23376972527013942,0.14997310050140744,106863.9163892269,1,0.48230572826089163,0.1482342594208983,1
0.6573157909640133,8762.022520078102,0.36793861167761277,0.1974936884543961,0.3674504442551082,98456.70156175212,3,0.5192507803516381,-0.6080907588420847,0
0.5768936680981216,6886.5997132349985,0.27146138389917374,0.31633660806693575,0.07497334119100885,72238.17196225369,5,0.6384289446683925,0.9192285122141111,1
0.7204084751302061,3945.9712730609695,0.9462002119767344,0.12583227794903257,0.2909189197000419,20813.679043506883,1,0.7488479648656453,0.18935711843716563,1
0.7622298776474804,9603.93894567788,0.31759666963437194,0.5134519936409224,0.08367927562306199,140289.64398303325,1,0.9064837938687154,-0.5547656972582675,0
0.3558593807034519,8988.447168595889,0.06342132458033067,0.5792637855183909,0.7524234538224849,107030.23121706716,5,0.7158099579051207,0.6668795661756193,0
0.9355715935019361,4622.571742370419,0.16728473929341225,0.47636715353972026,0.6711572931744334,168264.13621099986,2,0.46781163315157326,-0.38592459253832456,1
0.5677475428933332,5946.620679806053,0.8572766360412897,0.1972515848954402,0.9399331368290706,83434.08813490077,2,0.9256618185042057,0.45981875732249833,0
0.7087476081688654,9691.432284149787,0.5866334591233839,0.3668913283566879,0.3799288219754219,78254.93820720025,4,0.6480844655973063,0.25674894081624533,0
0.6905777248621484,9834.323438301466,0.7787805493770656,0.20087925621536554,0.7862009579958734,175638.98836900346,5,0.7671150243100023,-0.680634106529628,0
0.8158923338265655,4773.321119320546,0.8087815461396943,0.28853224217983836,0.5876072027349273,33996.77414069491,5,0.3209159344032978,-0.8110488454846274,1
0.832754065682107,8549.825267359342,0.8232364392110733,0.24256280735353142,0.6461034280926169,52901.46056716649,3,0.7355037835714592,0.2150236551143112,0
0.772423403588589,3368.8121560623954,0.5506137077446087,0.1250068098775573,0.5474612697643997,92987.91662624432,5,0.7706109605840369,0.3366039712972797,0
0.31531429508231734,4032.2222928413144,0.17712059569910488,0.14665669374028842,0.7791601404607412,99002.53125892412,2,0.9735606367338291,-0.7378840436522212,0
0.4574135770769861,2065.807888407149,0.14823275223614174,0.12957917718295492,0.04199143191454868,103281.8253941166,5,0.6955007418383969,-0.6545676653053909,1
0.7882463201531409,2487.253631378938,0.5739844203751124,0.16462833021323833,0.08048816391450553,46058.688065243536,3,0.8562848467339577,-0.899819303094211,2
0.6898415785284167,6740.29637146391,0.3665143536856764,0.14510025880044505,0.09592376997619023,167564.16823762364,4,0.794664001275749,-0.7310028448153938,1
0.7419972540148573,5352.425371067268,0.5580482412457674,0.5504381995029262,0.28869073406263546,129595.35649981446,1,0.7740054270400966,0.17615385121468452,0
0.7870184664296968,2695.752675943227,0.4984778442378648,0.27249281935946135,0.5911287895483891,53934.77442513536,4,0.7307304458360148,-0.5987285306788495,1
0.8193456411207575,4327.6413554357,0.6021980796975485,0.14447756366529635,0.6456175495344664,60012.809803939876,3,0.8380496399557567,-0.42267705393994404,1
0.8509315479167558,4045.2428687049764,0.03211179073656534,0.36006018194286676,0.7126036701895048,159660.93909650474,5,0.810527800488454,0.11050158149060718,1
0.6779498986008292,9879.921943085676,0.03283668063012335,0.07521248682523596,0.2807632238847576,74660.41927309646,2,0.66013716407766,-0.17171132989079974,0
0.6777296586798863,8608.875453508103,0.7215951708485088,0.1667471324101277,0.6502127438984495,104581.77146706318,5,0.7356493037335763,0.6904472578080714,0
0.6672878953710359,4185.680167146331,0.19312724382271984,0.4779311481118566,0.11768999275806757,30472.552372793725,1,0.42729655290770785,0.14212232118200574,0
0.7501365198951496,9182.207499512315,0.6521984621920563,0.2201151372527963,0.009979210058657428,52794.57573055339,2,0.897843941682876,-0.7358696267426807,0
0.8344029430706337,3755.0362204676258,0.5465759107914545,0.23456910571443967,0.6946807875504998,80818.03742353874,4,0.8922037543922748,-0.23135978039292748,1
0.7941385166498864,6845.064370981165,0.9817944714046234,0.16110167627120342,0.7156122084805838,121543.35423820576,3,0.593591422268209,-0.4824730573315843,1
0.9477130011861453,9683.174968480069,0.8354058788830623,0.41074326762198266,0.6221427079241109,57637.5119899137,4,0.5689422246251649,-0.48203127559090353,0
0.6581810636175892,4207.649207891247,0.4131345213313494,0.28694941989090994,0.2588699490969971,171629.45708456266,1,0.7298754411042307,-0.487064073851569,1
0.9545123320283492,6958.907168496871,0.616412820093165,0.438420468223475,0.9274684605818259,47436.915823441974,1,0.9629240782269072,-0.16324318324998166,1
0.5179422310125776,3311.2762050950155,0.11728945722547202,0.5259117803399209,0.8756755831302486,142414.17129317415,5,0.821290836329259,-0.7358693804285059,0
0.6184026207027767,3029.966998180759,0.386386042962381,0.06823864845000858,0.5155405606191753,71981.79816474018,5,0.6479746832802997,-0.49521628026396125,1
0.3751187798514511,5954.488331099744,0.7338877410898743,0.1210818850565293,0.9891397510452915,151678.14906650948,5,0.4437512783663711,0.40293300332161874,0
0.5532262324336737,9803.013681315573,0.6226715841286536,0.3184394895696895,0.29861955655549666,166927.97102109142,1,0.5043212181191153,0.6548826166913573,0
0.8223555461116764,4804.7715628416145,0.48447132437735785,0.08189021581202875,0.49113428467036435,41792.64545576929,2,0.6442388156296784,-0.9724896010716557,1
0.7056585619917826,9407.551218007517,0.17652910405266908,0.31408707207000824,0.9279217718531161,93551.09715113523,4,0.750010819587742,-0.8330876470678745,0
0.8359847468721449,9186.453442325235,0.8031459261575447,0.328016067926526,0.46212213260351576,36242.198567151296,4,0.6096610186652807,0.7100944836712144,0
0.7358511861443784,2910.7448172774502,0.2731666044115769,0.11177059536157864,0.4710082277451876,129990.28923361134,3,0.5472764103485512,-0.570691793801255,1
0.4650201832177082,4317.28436730111,0.8204790816619095,0.2956253072421876,0.07939260133410642,151480.47380872082,3,0.9851011461710883,-0.37564785731878336,1
0.6804835659532997,6611.37354569474,0.6116090627949935,0.4102717512733008,0.21134639948988643,76209.54950384184,2,0.5473905458527006,-0.32582429800173207,1
0.8956246299198505,5421.43590190822,0.37273142794878744,0.18707352112091782,0.15786522601369735,77447.6535030876,5,0.8402670274594591,0.7317526848780007,1
0.7396724468894801,1411.606033700156,0.0406052219599915,0.18393021057192374,0.5652658703937136,44652.76272654694,5,0.4416070644654734,-0.6744849982965226,1
0.7315375249525915,9940.131286208003,0.23241884434437687,0.020169498865583807,0.3184915710166951,62110.891749018636,2,0.6959363774186408,0.6250785576115354,0
0.783498847392359,7650.21301150716,0.8890709254881639,0.3380789462993547,0.07703045919606977,65061.82003638853,4,0.6726293513966832,-0.064617013763824,0
0.4302417640310917,4658.093363134762,0.8179743438957174,0.05394358382837957,0.5099723923349672,36447.62705110905,5,0.847133057252518,0.566334969917706,0
0.6491258137662925,6372.601221829767,0.5748533129340979,0.4098304503741407,0.6692171616291405,62691.879111105896,4,0.7817500671043338,0.37610525747085166,1
0.7153084632180806,1331.9417640291863,0.46632246396212695,0.15284863351724634,0.7365267373224511,164233.6732002196,1,0.898088743453521,0.4642000863611473,1
0.620086864006179,5205.365710051295,0.6471426793301092,0.3595680251311643,0.837517907401389,65315.59152169542,3,0.5891963139019318,-0.7723066606118607,1
0.6449611937281325,9342.907950266133,0.4662481278433015,0.2572168638766256,0.481956394819929,56654.32149584423,5,0.5595732369275752,-0.38244428321167523,0
0.8697915983170031,9017.709101522294,0.6443048407191403,0.299400922772441,0.390611857482022,75389.18809350737,3,0.7400639996489592,-0.545677320206762,0
0.4642340170936248,3705.1180320898834,0.3074040996601579,0.14655069374156307,0.6841217862775952,173246.4164596657,2,0.6043820566229162,-0.7481568508448069,1
0.912875223204154,5547.994706302718,0.8384972179114751,0.19028251634833795,0.013364752671491953,139978.45242047086,1,0.40238197895625805,0.2784685518955339,1
0.9086262162647987,7125.143478832645,0.7019178934652667,0.09438880452669526,0.6335265863932911,44295.51398311838,5,0.9205134857437217,0.39026329630430356,0
0.8802119906831427,3730.088035625101,0.3299756284276918,0.03690002386871809,0.40568192411558446,137933.77116752433,5,0.8561452300252187,-0.7170386586699689,1
0.3453881891265214,1116.3525718924157,0.8306661148234412,0.2520082844846634,0.45287528633723273,140259.92316627945,4,0.4673067709412073,0.5370168852721975,0
0.6080869214140047,5301.695738819145,0.4873425308531789,0.3708287915272315,0.29626953341634044,171523.30269564842,3,0.977391150247861,-0.4263467888585324,1
0.875098295351238,6215.539490321696,0.17463886473746149,0.2497354540507911,0.12727551758610312,161486.16850652688,1,0.37967687471738376,-0.2464069545391594,1
0.8596051666612778,555.4952011543473,0.07771246200352666,0.2907341179297465,0.4014246641742084,26183.14713227484,4,0.4921105865800445,0.9865092178482964,1
0.8062165152820358,1407.966048616041,0.6996057476372204,0.2753026402221713,0.30820233015899856,87278.01203251394,1,0.840543765409491,-0.6160292915125536,1
0.6555640347398485,2469.2611141444468,0.8651208042080106,0.10141220597311594,0.960118372886491,129508.9082747824,1,0.6077138696414038,-0.7637585257867088,1
0.6970761135625658,3806.4967264138745,0.8074419885945436,0.35020744734889514,0.9435394317360265,175472.69614788317,2,0.8145509783225933,-0.4629814201473528,1
0.7108193447579059,5639.986616890514,0.6556510302221519,0.5233350881276839,0.6439172650792181,24476.30208625321,2,0.5229345844251373,0.8636105397533689,0
0.5167642501025858,3291.5077282168204,0.14137505560476804,0.14415797978815054,0.9037013103981524,72599.56731677713,4,0.7485572847285804,-0.7599000022921854,1
0.7437925603455852,3123.7462368617857,0.09404407597665354,0.12655503336576143,0.7512747777674929,93678.04645629083,4,0.7248493101268441,0.23188791523871077,1
0.7161724123301272,8758.818766224278,0.34502962301172535,0.41817818198069345,0.3458914891267758,80251.51289973482,4,0.8447846900462759,0.5861653275230498,0
0.7110581998890567,1877.9810876135496,0.8549108903987688,0.06745894539707001,0.6039006672743048,87482.33531482844,1,0.8290957017314734,0.8447408862493939,1
0.9332540512577923,5206.871265137423,0.9617362703066642,0.43975097296743676,0.22032357359948607,72747.36375323145,5,0.6171245385879638,-0.04393695929706576,0
0.7038485513235125,9551.834810893291,0.24136085484707126,0.14566987416908997,0.6872082509438159,175005.84440153465,2,0.5832483345099534,-0.08461958978084194,0
0.7111430755128064,6437.625866602435,0.76209567058172,0.2597471514552255,0.04480757190082263,146551.61242341925,5,0.8372891142896013,0.6552165673213246,1
0.7626753775075157,7313.452058997166,0.5738692169072057,0.17053854254934336,0.8313417486990499,135232.18499977252,3,0.9231118896866212,-0.6083228838579351,0
0.6172065608686672,4596.751418210768,0.03180736707794274,0.44960948174814636,0.5832298243089615,79819.23087809652,2,0.7402902320471306,-0.07568411045932,1
0.8589308709779623,689.3555876373359,0.5429163499329398,0.25618749431853854,0.05843834672271886,159859.00874453937,3,0.6793982408070587,0.27546511589614564,1
0.8197186967153891,6638.238499488451,0.8059404029893552,0.2526802831688118,0.8717611653274692,25867.678824753548,3,0.7603628984592148,0.40018638064286316,1
0.9024428851852386,6503.280673567178,0.2761227833440265,0.5862931942531879,0.8777014109050659,34381.149463772446,4,0.5408461461115284,-0.7763081606779871,0
0.7798648952108549,1549.0625464016643,0.8973616239704609,0.34922710321324696,0.8528158379783177,172189.835057785,1,0.718415309264062,0.7343249574969413,1
0.9676736643950973,4890.517279433999,0.2362604068746369,0.196240476223028,0.774301976818723,106388.011581834,5,0.4809866784761825,0.6364953634704642,1
0.9544251934702082,9195.624974323679,0.07647313264405431,0.22693447220625373,0.6779254152635964,37107.82186377095,3,0.790787841381588,-0.3659015560861496,0
0.7783322848448733,2448.3059037337634,0.15993930943956403,0.37809804453775425,0.39690912187858307,171354.77031762665,4,0.6087314179365462,-0.04723784164586986,1
0.9471859369974419,4880.438169024048,0.8370028687209183,0.13634738223236045,0.13633916728645545,175723.35670990168,1,0.7371061886922675,-0.23191868820715777,1
0.7489122125751894,4880.480259404944,0.4173059190395283,0.15485806039170677,0.288775275033222,159853.82159318565,2,0.6660536094874225,0.9621973563023976,1
0.5970994902997986,8202.233947402565,0.7969455636216577,0.16185464980895758,0.3470771383514343,50554.83534687525,3,0.44888665612761824,0.1679834780214038,0
0.4728022287157215,8333.470768129722,0.5312330609895951,0.2559864989000728,0.3580764673647915,57343.97760606204,4,0.8063627374737583,-0.4590705610129169,0
0.8570246691973386,7713.059486802223,0.4805591247944314,0.179177600252066,0.5654896151273219,79185.3849338184,4,0.758755609617783,0.4918944243278651,0
0.816611210043672,3971.8145122886003,0.8069131514924653,0.10005346613856195,0.20838280814577226,108484.69339586161,4,0.8566200482049686,0.6432822273030263,1
0.9001503280728268,1184.3507876759409,0.4234876117123759,0.07444362393950005,0.1896611290687501,178670.83962681706,2,0.834473618828533,0.4522579144027874,2
0.8436074344585869,3820.088283628134,0.8020327310663683,0.5364675960854522,0.7169627019347409,172542.70296157358,1,0.3577884357179222,-0.832957944341941,0
0.4627478808725205,6958.016412077726,0.1006621649634456,0.2954339407107813,0.0075005504305162285,166593.6399786159,5,0.7709988869165443,-0.42452870505185447,0
0.5952611891549937,7176.092457646226,0.6363108155392565,0.5360342116908208,0.14951943541302737,25176.97079830279,5,0.6340449751504887,-0.2751268630300292,0
0.816842988028788,9667.501990028832,0.7025870565519847,0.36644260548728996,0.4349580822579714,138718.27868809624,3,0.7876175319918519,-0.5662514665252885,0
0.9723275856820655,4809.59169871523,0.8990973961417427,0.0844070500656343,0.1490831661198947,159063.79642774753,1,0.8644768039426772,-0.03730336706068682,1
0.9732756598478302,6508.138037932758,0.22432391871619495,0.2139368856337988,0.9598125513189427,66657.52002160728,3,0.7497129181427993,-0.36100362446390744,1
0.8030854144611514,5622.313271864051,0.6042198800928515,0.3565912500356996,0.6701039514683428,47327.58581413729,5,0.7639595865446954,-0.9270767017394528,1
0.7078697236867683,1930.8763210757552,0.43325656368922305,0.2992532728111595,0.4327695115445267,137235.05396076833,2,0.40950217281551543,0.3040998959452219,1
0.523644095933548,4881.423485255293,0.38277165554402903,0.2833555722860295,0.11225534786679603,25442.41858655616,1,0.5402427634565984,-0.12806505043251515,1
0.7296910856878117,5675.9339695454455,0.10671355521195747,0.5247885338010453,0.385186290154628,169945.89436513063,1,0.884649302233405,-0.9437813155849619,1
0.6202344473935221,9532.121257401457,0.13423333059494225,0.49232677596283847,0.6506016686779605,36533.199523567644,3,0.4940950885422402,0.8657972344288336,0
0.9446457580372225,3982.1210168850826,0.8369884614476463,0.20747105592705176,0.9688142033580671,87781.43486893555,3,0.8535028526788598,0.3020720231334171,1
0.5999920210503662,9810.941479525789,0.749753432325562,0.15408549930904608,0.4726873636408009,177075.63444340634,2,0.8383815938255297,-0.8521083943678318,0
0.6632825423865712,5651.850703228802,0.3823411302911005,0.34214163620417687,0.6924122460924058,177997.43681129176,1,0.7118678814347768,0.7787935125087404,1
0.9258317822528472,2803.4578113790467,0.8284865813896308,0.2537908890743403,0.19535899732672313,141918.34873824127,5,0.862619414312274,-0.15827768513493723,1
0.4574192550209504,2320.811676650174,0.08076618482357845,0.06447386987645072,0.6236333707356633,152662.04242072836,5,0.502132630677945,-0.5207909122840224,0
0.8305792969607253,1846.1017139722017,0.6247739170331686,0.3488146318938501,0.239054899907017,174419.02617255505,4,0.7182375175545899,-0.9079861294829079,1
0.6621639133440607,4802.862270447804,0.8681760527142883,0.24693824853971474,0.19813405211574564,167663.01660044276,5,0.7009057668582562,0.4896441504992002,1
0.8124034455690554,708.3010829947707,0.8388642310312494,0.1773475610207273,0.5092205616700667,115758.46748825411,4,0.7417536000867899,0.9386421461467274,1
0.9156187883075658,4727.930191491221,0.37278275994185983,0.6667396692471315,0.21166429743359993,134884.88675788412,4,0.8297361221791821,-0.6293729133458301,0
0.6631993345026642,9889.84457548149,0.7452338530569891,0.501119812742423,0.721327527224228,110942.01417124973,3,0.470110749664959,-0.16617064504798362,0
0.6150121790938806,6866.0145593615325,0.42746814551987755,0.46576075396560074,0.9373365909663379,96104.19657516763,5,0.6563658928324362,-0.5249799331124785,0
0.4504183072528095,7717.968151403845,0.8401381643899494,0.34609467157442575,0.3936021023947349,159740.932809921,4,0.7763722833643394,0.1449399352034495,0
0.8545901045448163,1630.5512118234942,0.530761950155023,0.19090451188483723,0.3224614034267267,135464.26906329335,5,0.43540206853413543,0.7425931497933125,1
0.5721630531451272,4994.458184155863,0.7648570491050412,0.19455224604632484,0.1758848936027093,156168.74896256527,5,0.8550285054601546,-0.7386051998386971,1
0.9421372889705292,3219.1194597442823,0.07857158229167172,0.15174198658572038,0.3903964275874954,26304.863778919746,5,0.5480856469679619,-0.40357978949818074,1
0.6589437291440797,8993.926515895779,0.5900259716088628,0.10595887196748681,0.5596340905320569,108002.47849616186,2,0.555709210042212,-0.6706815564261359,0
0.8089909592294023,2222.278484132169,0.5502841774693387,0.6160423891580816,0.3729694129930725,66017.86081920228,4,0.48167937935048577,-0.5426514526732638,0
0.4340967219642793,4857.966607799049,0.6099767217351602,0.6099028135981257,0.6230762184988846,97276.97631203973,5,0.5257045566066463,-0.7401404962700646,0
0.7336211958057093,6086.453324283559,0.6956416079155902,0.24892585006947365,0.6624234149532126,114204.12558821343,3,0.7567355848336575,0.2692630599639336,1
0.8534388213126319,5383.39036999606,0.9181089700341419,0.5228146010708768,0.09782956201474535,153778.94026248835,2,0.738774318456543,-0.9129992835937086,0
0.6630023248539458,8387.31351571887,0.785682081776031,0.18966133185714582,0.6977827060096121,15419.213174964556,4,0.556906368300261,0.4579633294083061,0
0.6339458941640086,2698.8051275365838,0.2196379914349047,0.05547786607453845,0.9003175309116718,37877.173355871266,1,0.8349498769770949,-0.7157507853207994,1
0.6771667177886818,4085.2155490250666,0.825896269292096,0.5287116627827557,0.026252148609508308,166645.7760176537,4,0.7427965233527883,-0.4666436426683933,0
0.6269626081621821,8024.8008174525485,0.12207967761509564,0.24522885803470296,0.5513522105988594,174436.02068695315,2,0.9829620634485908,-0.3094389989312989,0
0.7711043111172554,5516.678411499646,0.6221985856750696,0.238043043703594,0.6038743737535993,19421.85612656609,3,0.6863749721766154,-0.2378952328836368,1
0.7363887787897273,4320.115163655594,0.8827538082459432,0.16001767404103787,0.7098153350703653,66403.88229587104,2,0.904712197902234,-0.6541520850975711,1
0.282873552193987,779.7038900758994,0.10112205421490394,0.41211005786157506,0.3857686637991171,11654.095540430884,5,0.6789619003775307,-0.02237480837557837,0
0.8256912910898778,7657.161528148289,0.8496926533102606,0.5121032081134004,0.8187103168568544,138766.16224310535,2,0.6289414890938128,0.7895317812393727,0
0.7389609892498121,9735.729740684223,0.7986207342302456,0.3355640808616096,0.5398964662361845,125929.83064096728,1,0.49598765260910094,-0.08254779465469819,0
0.793817796517821,6392.7265901408455,0.5037754338390708,0.21822437920187693,0.4089366015639,106016.86961776773,1,0.9260008487952843,-0.9442932788963188,1
0.6779905040947708,8637.141596543548,0.3088976022954041,0.2460123144725771,0.7192566957365676,127582.39945344605,5,0.8559319426912302,-0.27319656365256373,0
0.8581052692104981,5410.319560351798,0.40543822807154384,0.21819185359107027,0.9273755316052872,101424.50613482941,5,0.6249592027171429,-0.19371548076163547,1
0.4310299697644407,2700.9691715219637,0.9686581357002118,0.5273949564634437,0.8120016437774679,50602.99984867919,1,0.5342788992317814,-0.43330870383466014,0
0.9251648102790968,637.199990233882,0.20169755615184637,0.3759406314890786,0.9306647779883941,138236.7349424331,3,0.9171652927296916,-0.4080537665509476,1
0.804476461153195,6707.283542104898,0.5796042878298953,0.1954348216844647,0.26593476203020927,143157.22108103987,2,0.745208860741755,-0.602148404872773,1
0.634980777080455,5184.534058358324,0.08324074787868385,0.1306542092122178,0.11851297088670798,155214.32182245533,1,0.8334965798847612,0.9133527875147467,1
0.6540109937071356,7929.932397332214,0.2178930641891722,0.09864480687090772,0.5343495501588525,172193.03533849854,5,0.7123646786597061,0.058888235776541675,0
0.772522437061704,7099.482965635393,0.7633163880745206,0.09112133397579635,0.044430424842008986,137082.0739958927,5,0.8028318224942028,0.07352154816550471,0
0.8505541057123712,9885.547497962365,0.3025990403605272,0.06325280003211403,0.6745897689212559,19273.46456065635,3,0.6988957372726674,-0.14879299631881748,0
0.6999457293041147,5347.969542414378,0.9857660705627346,0.2153281802145626,0.24000152326555446,13542.557162904875,4,0.6504925152696815,0.23383855108990392,1
0.9166274275988446,4558.160501893589,0.50081704309384,0.3284079080370702,0.45435008840812163,135778.0140197692,5,0.7013687091092908,-0.1534660185216048,1
0.7447536861521592,3224.027049673302,0.5165393253077428,0.41979926222240543,0.6555618405393181,19528.664037625902,3,0.7313794653156395,0.3779286637821071,1
0.7277839748982678,5030.182272017108,0.03631473933573526,0.5712869479050733,0.4830953033714662,63710.581710358536,1,0.6914583441664596,-0.8235746649183819,0
0.44419753157144237,8792.27904216776,0.956526749577266,0.11281437580980697,0.23606206056654622,33147.18087907435,4,0.6046678282525472,-0.9406396829727641,0
0.9197151637890284,903.177395021542,0.17423344088441794,0.42125623212936797,0.8803705199960897,174712.98374836775,1,0.8171882973455602,0.12485290828378925,1
0.7807579022549412,9790.050449218794,0.5383405988104426,0.22944829959807264,0.7645353210400474,63787.00641212078,3,0.8097740546748632,0.46819172011280386,0
0.7353160052335436,9936.418345924081,0.3956746099587316,0.2901842560552972,0.6010724935694522,19374.97438895466,1,0.6214762286764491,0.3380279973271869,0
0.6653776448909352,6179.303096585067,0.41558470074460574,0.16955513296812058,0.6985402636083992,171433.2822277001,2,0.5421200958375285,-0.20271331200236875,1
0.461832152165237,3649.669935106313,0.6433001660361084,0.38092741884921616,0.41532589762793903,113486.54436211353,3,0.5535122356783936,-0.9935664533604909,0
0.855720591535319,2618.965199059226,0.6620886770924774,0.10728979772087167,0.37589209641835664,16138.541687325545,4,0.754810729049498,-0.7583825083704925,2
0.7607663570092071,3126.658759006348,0.15428861485809686,0.4034687518355007,0.16011157572849788,151671.3767806881,5,0.97083742225352,-0.21593861449769602,1
0.5958349314855129,976.0015517972327,0.4995866531218922,0.14339469986668515,0.8035914874497382,35929.87951992908,1,0.6223124542283691,0.3287133129528663,1
0.6966609781965063,5013.554105591908,0.7904774491418569,0.1949985650345077,0.38104424518121416,146414.1664374107,3,0.6356526058708548,-0.37590974417205114,1
0.6433197840673888,1044.5805732118554,0.44328648355222955,0.10954312580542545,0.6923239745010772,112467.79685513164,1,0.6603915169450194,0.06319878147447544,1
0.7741770918550404,7325.505040371289,0.16580447082658012,0.14812248442952314,0.2999419913209217,40109.58648819337,3,0.6167392098146671,-0.6489502641506699,0
0.8335995702270322,4033.3298275621137,0.3132169431566907,0.7137278531523458,0.7959892601266382,137941.66896802612,3,0.7162177849596224,-0.6608693908546275,0
0.638390518513783,2393.96495159805,0.2123795641050702,0.2221091665449986,0.10524341133290571,87265.84585261425,4,0.6241897199122439,0.48554722346457124,1
0.7124786243032999,5676.108799442365,0.12581746791483706,0.7182217723722596,0.6250141993350907,118477.15975853971,1,0.5272606577877388,-0.12320907037556261,0
0.9168274696280769,9750.713418808631,0.37758112743535377,0.18709376325195048,0.80759471144147,157817.4081035373,1,0.9229375593843224,0.8980715519448803,0
0.6512282684602588,7103.744965674973,0.5409362431980751,0.06551052511409304,0.6602502459865176,54250.6796229331,3,0.9519452166902698,-0.5773957770634244,0
0.5149659565885057,5171.595075989522,0.07275152527663176,0.2388123393273302,0.6961158066751002,72215.12791993623,2,0.8940450237828171,-0.10447584609078331,1
0.6580302363569949,7880.68584291781,0.6038233722281834,0.2509968840516118,0.525988955417744,179536.20348646137,5,0.8359142473724245,-0.6234269265920247,0
0.46051913376207904,7506.026483040392,0.9930244401696076,0.5038917526547615,0.5590319971087657,96379.45992657935,5,0.6486016420336932,-0.4880908190935831,0
0.9238336385582292,8971.48688004904,0.9641249320200836,0.5653594170684982,0.06589343886963506,104945.45464743156,2,0.8230283832852129,0.2801161362475453,0
0.5405248295569954,2444.3550021425012,0.8291734819991589,0.14672696944447444,0.2508031470055788,58524.55177132841,4,0.6332358288210478,0.8192602502480602,1
0.9566797255627445,8659.336974457954,0.266341112802403,0.13232676878237667,0.7219287467036839,80724.63294255675,2,0.9149876384479598,-0.7431474927501722,0
0.4605224848309893,3359.747826896139,0.022407596479367298,0.28588406904205577,0.9454214220576649,95263.79701947862,2,0.595823845439204,-0.7408292736670434,1
0.7544612962745992,9439.489814338422,0.833541702882851,0.250863978233764,0.5417809575929401,53935.60348595295,4,0.8773977402276701,0.9049290430152994,0
0.7544278090627444,3170.118914993984,0.05572023197871323,0.10762349277303547,0.7255913322577284,50484.73689448254,3,0.8689061964272297,0.4725523979238331,1
0.8003368542005113,9305.061160045423,0.20562808147077039,0.3203423404298973,0.6835798706143285,112079.35869690012,1,0.9212736596306182,-0.374353029094151,0
0.7889707506596175,9656.011787408761,0.5444532154467844,0.22207680301463706,0.9993843210661949,41220.745534335,5,0.7815816311318359,-0.18613406078630068,0
0.7002029762258705,1882.1678958416353,0.17837803914364359,0.1979619369935673,0.7950044390185197,104087.81491627044,5,0.7701201897374128,0.5777957840812551,1
0.6741864396838853,9757.74889099644,0.8337883312986419,0.5836121001384796,0.627647333785172,130056.3840153151,5,0.8742447944901315,0.3976428215856709,0
0.8410484469998659,1314.3682000781819,0.7771596962598291,0.27020960623114293,0.11515931571345961,43703.79569414353,2,0.8751536038718829,0.21903141561870543,1
0.8097422753662666,2576.3939728189584,0.7557695057372498,0.6616475872923736,0.362662005996614,136799.27049852477,3,0.8319162926439919,0.7294353469765529,0
0.685973085092158,4719.603418291643,0.8161276158975765,0.26505436676517563,0.2506989555408894,71146.34371820002,3,0.7737214585120242,-0.3751816060954585,1
0.8870888639270749,9939.174974261246,0.21970178026461207,0.22647657273408248,0.853675633248466,178725.77143538487,2,0.6516241949898152,-0.5774876272912397,0
0.7441529650433631,5141.348986071103,0.7288923761497493,0.09636456877210778,0.4461730139295992,176443.05771711966,4,0.7387740783841702,-0.18043178218528166,1
0.6925313131804973,5728.889710195615,0.3552815025917647,0.15272916784469368,0.5352996669530106,145761.0876981536,4,0.9419335778415838,-0.9850615363892261,1
0.865368749268691,7097.037020474661,0.6668447595683995,0.19667016925479439,0.9648232996893881,68262.5320100182,3,0.853790469977356,0.014572727944956121,0
0.8410241568674433,9698.788803593037,0.12202172863117478,0.4935318563371495,0.836683801650467,169325.72334815012,2,0.8784146856441529,-0.2695360215555056,1
0.6868701594166081,7941.838301180322,0.7055865800645149,0.09246602261493489,0.7898202602401063,179792.4308854032,5,0.7409854868045721,-0.7361379581736402,0
0.5435939373131827,2629.4630420251365,0.9721077279007796,0.5236311496422991,0.14221965442839724,88587.35604010231,1,0.8829578158041136,0.7509717073107596,0
0.8180142796489084,3378.413841311369,0.04360036531871625,0.08106600315848148,0.022768422336719385,114480.19475242433,3,0.684566379107629,-0.6111704914378182,1
0.8745442103468081,1427.4682762809819,0.09382890116708476,0.4035140433553015,0.125548355858763,11017.790507232308,5,0.7462347608201481,0.41192871631608896,1
0.8650298191878603,6622.2974595650285,0.12363676733801388,0.14677791387041006,0.7402833306143588,17400.645756236405,3,0.6679277266198489,0.4114456002709703,1
0.5582062205547603,2217.032912122605,0.43056390494130126,0.3786390954558618,0.41071779776007844,95101.62786438804,1,0.7185116341014398,-0.9148199592274928,0
0.7614412716158816,2945.3464405539744,0.2907801849330537,0.25427857328942644,0.1174695863791434,113583.35856705814,4,0.745834251311992,-0.14471711841415114,1
0.3672183634780739,8937.079724213583,0.8069201535406937,0.24196336361100734,0.7390195035537647,63106.81043479818,3,0.2590462296321536,-0.04724920813180811,0
0.5634186646237109,3604.1789156541445,0.47378723920096155,0.12122405508542235,0.1945840328338102,26852.069465118624,2,0.4448013180661778,0.6350455132586827,1
0.8570884606498,5883.143824364587,0.4845373426885524,0.4311123986041366,0.5890433096512144,142986.2652739634,4,0.7500401639057106,0.24888508985076108,1
0.942559939341812,4276.877083497182,0.7170381013253537,0.14717340641274382,0.7415428207858039,81189.20653025398,4,0.850266005734684,-0.8733540216275064,1
0.8359395116741739,1203.2972303561792,0.3619689825357457,0.10252575874941042,0.6080606248455004,120304.22673090106,5,0.8326150382698911,-0.10245981990606201,1
0.7375791283380834,3947.2063840186984,0.3532072474204635,0.5617887919024132,0.9936365408395262,120534.20321315098,2,0.8732861606983636,-0.3982906963865398,1
0.6135144563629719,4376.647928841343,0.7569263876274804,0.5025684656930786,0.43416272056357597,102962.57612235089,3,0.8541979586308381,-0.6581041541562684,1
0.5655133101710629,9009.160468159424,0.7800417458367648,0.44451339435220344,0.31180508760996284,40343.227021090264,3,0.6324826735453768,-0.4479142240571443,0
0.95746072179525,3582.2812096402254,0.014398772532819515,0.06728276910456905,0.20119668009991842,114733.8283648854,2,0.764882556135114,0.6804440664638347,1
0.8618758396974171,4102.790637739645,0.143790475840733,0.18960091414302532,0.5037796311756175,64754.281574570006,4,0.698330361060644,0.2399963646015293,1
0.5788285581300083,7937.519302387178,0.21309818114847978,0.0621544674856199,0.8524799402513696,149251.28512130698,3,0.6781750067703683,-0.1291524929290031,0
0.7506191416149716,7710.08818651018,0.3516004687578763,0.24409577721076314,0.9469151899289169,42843.46439688232,3,0.6916782237026294,0.44097462381771924,0
0.5048060938422084,8083.710128160663,0.29144808343195305,0.3236950993184565,0.9720548729392211,59495.23037704152,3,0.40598498663466787,0.9364449122423322,0
0.7289410348753406,9560.822030722038,0.6685200483882765,0.4443763088595268,0.5313783384763144,84852.01427078861,1,0.5181659787892201,0.8543306208085599,0
0.8282559323225479,8057.79623475045,0.8281352338029582,0.22470384504158994,0.6052603455461887,135802.23213450596,2,0.9764406721703024,-0.8062893343699902,0
0.6665737928852372,4372.277930569964,0.19208698235602417,0.13596501165548083,0.5815397646821692,132527.59811644634,1,0.8033925021968122,-0.335441452828551,1
0.7530770226414928,8304.330910531873,0.5629800606019484,0.2720506183115339,0.465972395351964,67308.6921332338,1,0.36138918418733235,-0.37374510604905686,0
0.5361924444355973,5332.409004854414,0.367816251081036,0.13206874807625432,0.15223981431673783,96827.8452498759,5,0.542057365796628,0.10769437752795374,0
0.9182529287129144,3138.2833089263704,0.5057778750460619,0.485733675592498,0.06545868676558042,49819.88208374142,3,0.6585560321312138,-0.8191731539916871,1
0.8753796195326042,3377.7121472446174,0.6207578417833939,0.3095048517235776,0.43663789569762335,140962.0971739515,1,0.9246551130428293,0.8434369573229994,1
0.7336337460973409,2626.5026913522843,0.8935998186820111,0.2939878502002104,0.1861676952776683,43440.68042192921,2,0.6650009508780084,0.565055814713932,1
0.7497748025160986,1877.4330992876573,0.19229266782728072,0.5424834924742724,0.8866517450816592,149288.97529111383,5,0.8379936347533454,-0.7544638710531992,0
0.9020226444085823,2252.6589126096783,0.08700658705606035,0.3226509881763322,0.7616999448659605,169266.89712845767,5,0.7091348920857162,-0.49146297155431107,1
0.7809067223478641,1100.191474561284,0.6272119190453525,0.09504682132022292,0.6184067039775916,178574.7322433011,4,0.6258458731055171,-0.713872799438563,2
0.6995479642516512,8940.28321685767,0.3941308487726265,0.14913044425882274,0.047411975094178826,155683.56675015905,4,0.8879712735627151,-0.04468826132874715,0
0.49022360563638134,9344.57419166667,0.16290269329298857,0.2983075851088544,0.6222454141733581,47688.82820487659,5,0.48520896983290535,0.780243893284094,0
0.7294409965883492,6074.318728692007,0.1170871673548447,0.1549619179474562,0.6210691987210546,80807.31736723558,2,0.7719395247333756,0.28925375919542295,1
0.8995825094077593,8484.650787782506,0.5589097868740298,0.34053558237757736,0.439211257728802,25102.263820853696,1,0.6724182556382804,0.21105318085343128,0
0.4226505574147588,2243.925475204898,0.3004705945281956,0.44230057022695385,0.6577529908820342,37973.73118286628,4,0.9407596032525388,-0.8510173581441038,0
0.4294378135639486,9065.901339656359,0.9974263795859779,0.1858531930149111,0.8579145309982186,18448.50410518078,1,0.6188096599688383,0.8125889522532499,0
0.6541925741568014,5310.434816489829,0.405900819330714,0.11391461310199125,0.7579868538980747,118984.94496225652,2,0.754575217483379,-0.4384871054962194,1
0.6540898815342011,1138.0674297527733,0.21228660876518268,0.08156153495609814,0.47343420291927785,100641.812867787,1,0.7433322326949078,0.8002688495457573,1
0.9015016938986437,1842.471072694522,0.6288490451172778,0.38208181893609156,0.2622844983394411,165892.1788537176,5,0.8508639326520158,-0.09194590564525162,1
0.6606936920664288,3435.276377474763,0.2442548896905069,0.19648170479617943,0.4778372964642149,88711.30505503742,4,0.7678993268204525,0.057560024107182306,1
0.7652066615332483,913.7970133701386,0.4940860432311611,0.414459324113181,0.9459708360123259,119192.1399255313,2,0.8739234622990374,0.20999891639598256,1
0.7864434345856166,3438.287091165714,0.4825761837210074,0.10497029760850012,0.819986559006329,78271.57013989773,5,0.4504676591411102,-0.4229809122585557,1
0.7873832043503198,1069.339114629472,0.4535576297157372,0.3130679881333202,0.027039689751496288,151007.69669050226,2,0.6696775252217216,0.6711115866974964,1
0.8536466306477803,2742.262249331839,0.7960856962695749,0.3241800659276612,0.7829632510107755,167483.86871376127,4,0.44805537347265045,0.916698806611149,1
0.7881456648452967,3023.862680636195,0.2166130014661839,0.058681207668473456,0.1705576379117757,83394.39525278256,1,0.6584090177659193,-0.43300486018761664,1
0.5069579807469946,9946.505275484542,0.9043073050704701,0.22565728020279954,0.5711113330377712,24059.22448097513,2,0.6248092797337382,-0.9997189430405653,0
0.6656322929207482,2737.693400754812,0.7913405032135343,0.2867112714180223,0.8065175377799603,37801.090961460715,4,0.563083267605767,0.0512258111064543,1
0.9037884537195581,2772.2712649165132,0.33312236424332375,0.2192527735307288,0.5612884229581993,132492.53617784407,5,0.717820987166083,0.18569865726053325,1
0.8606121125828148,7024.495199404658,0.18060250628013852,0.3683260079104171,0.40386072602124456,65295.467960064525,4,0.35777451850207226,-0.8730181614654948,0
0.7438779276207111,8663.896045906295,0.2795350245067413,0.4207281406223931,0.3212676367798448,143515.4453297786,1,0.6564094214611048,0.34578994801003415,0
0.8862059979969436,4177.026419719822,0.33263624690907834,0.14136813023557052,0.3051002405891353,137459.12698725183,4,0.5459856038385561,-0.41586770783697924,1
0.6493591532015203,8818.371189436579,0.5569331688070467,0.3901867877043336,0.8374275044430259,128031.28354240155,5,0.7313985580946373,0.9173335810576662,2
0.7458742752944151,3731.349197103693,0.046368168813650135,0.16879914260215653,0.8250508979996075,148416.87035646508,5,0.9795653758263803,0.5628297398880477,1
0.656066022173485,2371.6508563426833,0.9143591298520531,0.3644640151968695,0.8233766483069195,138614.4979463686,2,0.917744210512452,-0.8548370575746826,1
0.900007561454939,3631.5688311133736,0.09867485666111098,0.3663680399126467,0.28272901238305503,117539.94285677228,5,0.8124932087526653,0.9087380301473895,1
0.6739637174971622,6288.885552315927,0.2792733941000348,0.4691395934293889,0.7989177712157737,10718.625458641112,3,0.459687597837125,-0.5455423620688942,1
0.7969248275138445,3987.860013464701,0.10928743795296658,0.10593296375947128,0.03663484157926644,97665.12537587115,5,0.43459863387040326,0.5966544709028925,1
0.5017974274612322,6892.491137898243,0.25667282652566015,0.2259897568393164,0.20645626201468747,111192.99182103186,1,0.7845104232525207,0.2865605904148347,0
0.8814340350530484,2750.890854513583,0.8376738186088084,0.15374712760065024,0.5145029892716575,173309.8031508584,5,0.7369596667362099,0.07259929875263382,2
0.6383548830658037,7159.432492896914,0.6151758113832423,0.45010324484107167,0.40674616259856244,120581.95046285207,2,0.915670438745636,0.8653271644645728,0
0.7184272563106322,3800.664450860433,0.22732322508948066,0.405604511818463,0.111888256843791,107830.53838761839,5,0.6333421355688276,0.21175070763837933,1
0.8285240207327975,4830.749530218378,0.8717585297993377,0.47829537247634757,0.04172045985839212,102002.95339265607,4,0.9266726780462717,0.7174468228615509,1
0.9226126900090038,5798.578834207511,0.8007120592184848,0.17702764461278764,0.6111711361839096,27559.808936222624,4,0.5761342655996818,0.6553962727422333,1
0.7505922226809215,7019.137530266939,0.7536492823215806,0.13090394071312889,0.31348128381143303,82695.37915540123,4,0.6849107934141779,0.34435054235441154,0
0.6571832711839596,2767.78007256297,0.8476326983857129,0.3004523286220007,0.01596173026166825,32840.46772463387,3,0.8123020099978117,-0.019266064448281384,1
0.7947412376816513,8441.4826054027,0.6196496815183151,0.3961172672933452,0.4308946302573806,18958.617601562135,2,0.9352286154498267,-0.8036889632250226,0
0.8667491281493178,7357.5061226747775,0.5014373602112323,0.08908552136390621,0.30676711614008056,66009.76266446385,4,0.6983281144054194,-0.6920103175826908,0
0.8531268922508128,2723.930230727995,0.3739350261713894,0.145801995945731,0.5766073499221033,119725.16867833109,4,0.8741764378285846,0.06561656154515916,0
0.8528102072815837,9762.258344727648,0.22376402040769838,0.26368822408094805,0.9298139601240443,157355.54695842738,4,0.55810058883982,-0.3355874648727388,0
0.6533350972267679,6815.571414789355,0.5574116576468948,0.3267209585133124,0.30786633608663816,147762.19743149914,2,0.8862105895003654,-0.5843050257915079,1
0.8896907065817528,4798.0554214337035,0.8894923457140883,0.24200073611036957,0.997136518284381,60097.274607933614,4,0.5218410705501053,0.9341733912967676,1
0.8479548068239103,1996.5095927584052,0.593981788992325,0.37648340863367985,0.08604484731851536,17819.42512062841,3,0.5205100284310668,0.7172228422095082,1
0.8194779389220813,5565.599521927248,0.9196068617206368,0.391498410293958,0.08827816340042816,78455.28990931882,4,0.6812103985835329,-0.139431741051538,1
0.7692879176374906,2065.370924857623,0.35691736959316356,0.5827074439077173,0.7129599360045068,63512.47941288921,1,0.7165524765779604,0.7421790202279179,0
0.8070232584914844,4580.170947629516,0.6951379725274976,0.269066561428211,0.7486318102032227,73114.97090298195,3,0.8871619146399612,-0.8810764157637874,1
0.808180705700127,4382.768966025429,0.6486654724626412,0.43580828981947384,0.4228711953395182,105046.8199487679,1,0.44752960438811556,-0.8015451147822696,1
0.7447802266416592,7339.426621300871,0.6704338440627419,0.17988578420795368,0.2860475966177689,15170.298947646117,4,0.8383706174835953,0.8960766689811934,0
0.45958553733574997,2327.640221630373,0.6450420122407926,0.35735212618278034,0.7940020723932937,73036.97518342007,4,0.9110673249741876,0.377598171379367,0
0.42565173323835115,8307.777871273036,0.22165467493711677,0.2470972756116049,0.9562389447097354,104967.66261264186,2,0.9609243797651963,0.5286219492358588,0
0.8146505682093991,3598.257106653575,0.14359089828314897,0.3907164676722613,0.9899018933012446,83265.04806430968,1,0.6584536302734957,0.6657808670345822,1
0.5166006819048703,4717.891956203363,0.9786282562320586,0.24822039980598215,0.6344540801861044,123428.92027561639,1,0.9385780815443555,-0.8935523309245341,2
0.7281572785532243,7837.2392677615035,0.0452951288425012,0.09144841897110087,0.7401147319504457,41642.404626146235,5,0.7604467562855924,0.43563549478521457,0
0.8552801141502772,6441.22779727839,0.4677364870282703,0.2406720890039728,0.8222465950492575,36150.778574844204,5,0.9834306864245267,-0.2863997399398952,1
0.8513286555473982,3426.240842118405,0.4250803171418619,0.45104623545735756,0.7988698177595481,62338.6520939026,5,0.6213444337045507,0.6360015550635194,0
0.7963340208482402,4168.927783185869,0.36001895821507623,0.1508652389598113,0.9933923028165589,27293.971115000513,5,0.3563667919608551,-0.22462195147732,1
0.7200570324449593,3404.9747329012966,0.7819838535767095,0.24027516847136238,0.8104318522440563,50164.51779153932,1,0.5611077912430473,0.535228516305033,1
0.6214211417629312,6150.316589132993,0.7453502883125159,0.1595722811204542,0.6625724292897357,24773.75778968513,2,0.2677746746991224,0.8025817775490904,1
0.9796232653202306,3659.933065464977,0.9052249235299403,0.38158580547892545,0.3762159396669912,78336.21811196127,5,0.5678583630321304,-0.3214188017949198,1
0.8287002640384762,7394.128100439838,0.3954875261869222,0.41164626273894206,0.5979866065163444,130947.53231616638,1,0.6296415869333404,-0.06126991574097862,0
0.964118316430017,6007.978006545398,0.5641795279294597,0.1576173236137763,0.8803594504907357,58711.4737211061,2,0.7926912032273478,0.074848678033957,2
0.5634071622556887,1884.2128116013353,0.8923070473421206,0.23617422291994392,0.3054800629089084,10634.255512279218,2,0.49778104231552545,0.3756849009990939,0
0.46418193769673494,3447.551877458883,0.9938480628553844,0.10676685089248424,0.030652554972682378,104701.46402464547,5,0.2956682689885993,0.6882104428189808,0
0.6735703649571068,2603.75069814648,0.9692943623653549,0.33500280523462916,0.3271822078145139,127630.06302705925,1,0.7087935257937724,-0.5792200376641061,1
0.793403345251237,4207.975519239111,0.7178438712687342,0.15704583912196482,0.9602300589707152,76523.75100283085,3,0.7218210899332991,0.8912781385720381,1
0.7951934228264229,5401.8488189889495,0.1432275578101796,0.3837852503878791,0.7940675712316193,60489.98322471002,1,0.7193340021821834,0.5711642664417498,1
0.6244677750949894,5314.247144199044,0.023186011793026595,0.6291945852937246,0.18713988070566445,93408.42591168561,2,0.5528283162332893,-0.7209312016441534,0
0.8659375322309192,7667.974927351245,0.8252183564029418,0.2118484487361359,0.012000975906958145,27210.74301402182,4,0.6993772949150341,-0.3283204735289955,0
0.6237325852020372,2297.132704216239,0.8409420244918254,0.030620584012041978,0.6691194148861663,119467.45739839977,5,0.7013557616589939,-0.4972741209591216,1
0.5400628802493327,9491.491878325745,0.7463609082634696,0.1286311030280663,0.579008723839856,134660.51529344346,2,0.8244636850261565,-0.6819552441175372,0
0.552010547531129,3757.028515380602,0.2799234859992201,0.1388325306523651,0.08298198092546216,129787.21511933167,3,0.6665961698075572,0.2894666995946944,1
0.7287415505259812,3352.3640457033157,0.6398178595985267,0.3101570125766353,0.9659964264356341,65873.37983507314,3,0.44038774898275745,-0.8684122755056312,1
0.6928458849836525,7009.196492712088,0.31624844181527423,0.4152147157377789,0.6177932040718216,153260.8129557084,3,0.6656561090184521,0.1975415370643816,0
0.856013911503651,8152.4079724890935,0.4506482461009247,0.18866631041439125,0.6515209809402319,170964.2909975229,3,0.7319551159258003,0.6554246906177492,0
0.481373540778043,4095.4817657297076,0.3824350849805105,0.24525829963301754,0.8535977948894975,60502.617908951426,1,0.5103186333149793,-0.2762109210585142,2
0.6090233244812274,7595.046261492783,0.9136400867900556,0.11599978594325912,0.33706326864298575,54662.26183893485,2,0.9923149560943652,-0.020652617942187312,0
0.7149252566676424,8895.49158329252,0.23415733074387557,0.36203691274322214,0.5582529848675587,129697.97915391647,3,0.6255873362518346,-0.7117146227843083,0
0.863393327834685,7784.634819466096,0.5776109045737502,0.11367920036154423,0.5761883270601778,130407.93300706006,2,0.6321236420589935,0.44081903822670676,0
0.8120930702048361,824.8666129229134,0.36098152903385916,0.33452870878938334,0.9673555573275167,96770.96176361472,2,0.7830221508318717,0.8174921415749892,1
0.9029418033095848,8360.004657978789,0.6630711119142257,0.07849376836632894,0.1314864995345454,166964.40061163306,4,0.6935732682620064,0.465524522666257,0
0.5635425306440042,7857.56910531649,0.564563141177475,0.30988919095677103,0.758913072035747,34873.5541710643,1,0.4390488451050525,-0.7540147167096101,0
0.9013787006724407,6858.257262455267,0.9239776813659405,0.08986542700837671,0.5751512085387495,91152.40551598578,4,0.5852171604500347,-0.30907920885583606,1
0.7259927953882912,7720.212981335083,0.10161215170121318,0.00977031362304874,0.8453790319656058,15985.16815501261,5,0.6886230607593755,-0.6536012222119918,0
0.7127236895703604,9804.541260403419,0.2206408397567634,0.12765215367790592,0.8319517295306085,18951.510143079526,5,0.7606422791109995,0.17887006134743677,0
0.558330124790901,4595.5724342743215,0.7663479638310559,0.6751543536695164,0.012030301643037644,19126.37080308328,5,0.29703269480130673,0.4450081148548144,0
0.9424255126952327,1138.6207320686792,0.3687868398948434,0.3784066208591745,0.2564546737559992,93603.98942458129,4,0.6507496404142128,0.9506276798514581,1
0.5899372156934098,4878.454711463309,0.16578378622872392,0.4684497766792797,0.1808173429017712,110123.97401239291,2,0.7911038852329327,0.005834408738030206,1
0.6646836545588874,941.1197262149553,0.5033212592453877,0.1277599399918605,0.46171064780985704,10592.874407168696,5,0.7351820447791122,0.274552478454293,1
0.645897413813446,3295.378876840381,0.6521420616113862,0.2975228994832947,0.9052874619538376,117532.88868330437,5,0.8095358761147268,-0.7868503400070148,1
0.7785039213144704,6075.35802206921,0.04482671415349859,0.15131461641531568,0.005006056676262527,93249.1278637445,4,0.84970285080862,-0.6894930602459157,1
0.5203187320189451,3441.417482798485,0.2916218893674447,0.17822044489300842,0.48819197575698914,48046.320630482776,2,0.9442462123514138,-0.5366107080960469,1
0.8949544265517791,7011.254836140617,0.8094225376960429,0.38661488140892875,0.8847934352143603,12567.020753006702,5,0.7415623740281717,-0.8913394003879822,0
0.6935960037699553,8308.87011301435,0.5202445666101942,0.37019759311374106,0.9262124360268502,36537.54397355282,1,0.817980510895385,-0.18364760228319899,0
0.952220672224975,4494.1722031556,0.03537921517331999,0.41353257288776746,0.6572986033042896,112056.48005055345,5,0.7254294878987373,0.9023808361230308,1
0.7193235947990716,9051.310537283534,0.28195100527470085,0.2198153227825336,0.8297522976453218,122002.83463579713,4,0.6894251357538689,0.3058360048024851,0
0.8087405140032512,1258.469847828802,0.6391406559794214,0.6948362585674053,0.32406819418493826,120000.40431771484,4,0.8430553517937898,-0.12793385158544157,0
0.5706843868306835,8481.075059904273,0.19935946957802475,0.3277471243148822,0.28595946988698506,36037.594418316745,1,0.8078043152703699,-0.01224057774748366,0
0.8887438484840613,8371.44488167334,0.8273914062194143,0.22067002855741916,0.04911964711617223,164906.43338037853,2,0.4532681416353412,-0.7067495066362872,0
0.9511841079867902,3558.9420151042664,0.6765759070836642,0.09156252794477072,0.5032026230667869,79861.85250412134,1,0.8794366027747829,-0.8065185154549908,1
0.18186936403403572,3337.794277683842,0.47137906094779314,0.2585035395742395,0.4558320125195102,140561.26172108023,5,0.6672491816973404,-0.4819405300592683,0
0.7547862014570338,3398.40232095837,0.9156237810667849,0.14113670711465698,0.3719154906867407,38301.75974983311,4,0.4546676343005466,-0.3870090174697174,1
0.6872466942379217,8208.240267271904,0.3918007709246617,0.09488685320202442,0.11333409917213622,89996.68111230811,2,0.8706567560650109,-0.7543045309154515,0
0.5337344870497567,8400.708132296853,0.23507341056408526,0.47955829983330583,0.23076315882424614,98658.60015558642,5,0.5735161601372232,0.3828133818428092,0
0.6746317794527875,3632.3633588628422,0.6614029925267009,0.20397582419348187,0.2036756158238714,140960.39264081646,1,0.6060263000139595,0.8463527027456215,1
0.6707619444091464,6129.608300722387,0.5732951874701485,0.3593803514413815,0.943968402237511,115658.21894920543,5,0.6199177769778283,-0.6512289989851805,1
0.6401903199767296,1819.8656796843177,0.33524790093122514,0.27048750346737954,0.9664603373291147,77881.42314710104,1,0.6119244598338517,0.6762585190773884,1
0.8576251600517099,4953.39801366971,0.34366456132397716,0.19890955706167673,0.00342160485901033,58027.49034850972,3,0.3928355397651627,-0.40335257989583617,1
0.715686256237975,9988.532083127613,0.3982103086341018,0.1928531996864055,0.1705479009084907,175402.64763006492,3,0.8179869256954839,0.213796087357365,0
0.9235309614882906,2008.971903209345,0.2911385674793693,0.4261505444054459,0.8887808002374523,58370.09887655622,4,0.41152340882064503,-0.8226028307076916,1
0.6764264648166665,9501.84507962056,0.7102414063609225,0.4721562235658095,0.03834008466514405,32010.56647238345,2,0.6352453320063957,-0.521400972427561,0
0.8064272580121031,8330.419858667574,0.6513584050512053,0.4400901178151389,0.9434515125902656,61070.83742198691,4,0.86982805378711,-0.683841025071219,0
0.4979551382556065,9736.039183989564,0.4407776525463927,0.21647963466680892,0.38006465438120374,65579.18793585552,5,0.7703001677736734,-0.6774441456219891,0
0.6544099744578722,2205.9982258000637,0.39785467577923717,0.6050657279735583,0.5386857625703454,31736.116536392095,3,0.7314420606133004,0.866931628026109,0
0.5167535268184519,2528.42565921196,0.3650512693597051,0.42841262363824906,0.7638196211609599,130384.66740593447,4,0.8283722797384443,-0.27231387317810873,1
0.7247463913797888,660.2382264811574,0.28346832139225353,0.10796833757162015,0.24390509098915913,115258.05241874164,1,0.7753202274149504,-0.6078312001089239,1
0.8073173130653032,7384.667222698253,0.08569666315705937,0.5678253447480206,0.10067400783048852,63824.631172192276,2,0.8636045239567294,-0.6574140265000459,0
0.6706958191289425,6618.899587643764,0.26820468552250054,0.4195022721386305,0.8099481997721392,178810.01598509884,3,0.6457469781246115,0.3458594630152676,1
0.46153392002875,2191.6216640849552,0.32120134869306505,0.1833481375510805,0.9846264128356869,121351.88243817993,2,0.6451971272136241,0.4369763582573363,0
0.6630629646848052,8015.877172649683,0.5476840062653433,0.4463145028447369,0.6587780189333631,129541.51573998091,2,0.6685064262453578,0.9595147164124913,2
0.7418798904603264,3342.3573082513913,0.7737885090780497,0.32383592307474157,0.8252243104515354,104721.05051765294,3,0.7911220978683237,0.2521581652649165,1
0.5210769519142807,1782.457908641034,0.39570214483403165,0.47059398331326174,0.9413123925320509,103767.70589965675,1,0.8899221127879169,-0.08238778630515808,0
0.7266470582001399,4514.3453176838075,0.9447569058520918,0.19107462693479346,0.22857978147292823,13403.785318307466,1,0.7109667010707483,-0.551705339202027,1
0.4871057361943319,1364.2135600551328,0.8273499634411624,0.37208344965675544,0.35040595410716036,141054.0670847363,1,0.7750258463899491,-0.921330897960589,1
0.6603143292051965,3000.814734595843,0.9848018478837451,0.2390923857922203,0.21902607355812098,164825.92905815176,2,0.6982012057941284,0.7615738878062912,1
0.7341452900148602,4027.6669050597884,0.8762030410414817,0.08767422146788129,0.06178377197935503,30784.876202861164,1,0.542246847981091,0.5777098603832873,1
0.6015590194292608,8592.709657884425,0.6167259493093792,0.2003166814074748,0.7322757973155768,145257.18139721657,5,0.6236500513234263,0.5923334788850152,0
0.8234349468545951,8029.2130422856035,0.5984792878167189,0.23357945711146666,0.14565760362984181,100832.19133681228,5,0.6735658434494488,-0.35589526163608753,0
0.28981031808826296,4706.1657146308735,0.12952612675421704,0.31061506453400034,0.09270939690505697,58502.55745776646,1,0.5537165503939848,-0.28481743622074296,0
0.7344403277530195,7383.463048647682,0.7223992488915677,0.1193163338790854,0.35763487062423316,166550.2915080346,1,0.6535660080937485,0.5672926639927505,1
0.6734403917011328,5902.171543700548,0.6002068575926713,0.09334001858411747,0.060556114207506284,12953.053352529107,3,0.5578212971048921,0.37513182758813834,1
0.8109175146992869,3737.9976232416466,0.5069321033959847,0.04717830974531756,0.17955831730656235,56589.95491405943,3,0.6973733824839119,0.2992140768645539,1
0.8162207361244725,7395.806263205205,0.6932868725572886,0.6693825792235307,0.06994120753979749,160662.47118945592,4,0.6852004737277101,0.10938924468713163,0
0.7845431806946397,6993.241967430591,0.4440478428379937,0.16740055597164902,0.8772778068079596,91772.4639303377,2,0.4843519232635504,-0.26327385259041924,1
0.8542012998722514,6381.397200839219,0.5238596624082862,0.39368592285557397,0.7797343899517938,111816.70676403768,2,0.6813549119064212,0.48252014527581166,1
0.3892006027771212,6370.57744991088,0.39835230480325634,0.271423749029406,0.8595148077019076,137460.55907085416,3,0.9888237013455231,-0.2781841570721286,0
0.5769838101034663,6988.3289271062795,0.7173708933706898,0.2886975631573225,0.8683310754629643,35155.51475796756,5,0.7675196156483926,0.4694049162198204,1
0.5989248265105069,4153.182370104113,0.8766109705478882,0.18800774221445038,0.9445090557386991,46579.7676546011,4,0.546794957372302,-0.6191484474855087,1
0.9044193789881653,8756.220243143172,0.8408449391326026,0.265602687592787,0.18665456558294902,179766.904985224,3,0.7311937345543223,0.18091630968690486,0
0.7900807355379341,2041.9245322163779,0.7860252720494688,0.1869254645081614,0.9000090640591113,50366.96006355877,4,0.8041600411179696,-0.28535702371702043,1
0.4501991031326302,8896.911900771964,0.013787704544550916,0.24304919335976108,0.5250389021723687,101664.42607989884,2,0.6304485468502606,0.6571555565181484,0
0.7638079781211786,3751.6775088039467,0.9118804638774594,0.26992389194377264,0.1662310250150435,60780.235885860806,2,0.729545040769407,0.037389267615005384,1
0.7455902985395682,1687.800348281914,0.27487572072339395,0.5203671711607203,0.655773376776939,154741.3427472919,2,0.9782543580603171,0.2480299015193066,0
0.6764232367587278,6200.260325451734,0.887973942963376,0.7250445911322113,0.3270005222041876,173498.4908843637,5,0.6793630109174673,-0.8334857192559073,0
0.448746271217766,4071.8733561688496,0.1969681030893765,0.10220396684661529,0.04646947741894358,34019.710380696226,3,0.918843756879378,-0.009520246872251725,0
0.5636966338093885,8247.247407483432,0.4396457514247373,0.2822869361453516,0.0786479854527512,112097.48860504919,4,0.7229678544914283,0.5614636330892495,0
0.9209776862172487,4592.46195102329,0.7493987943269137,0.3838314457292997,0.4237159839477618,147968.0106107385,3,0.6618639850899756,0.7199738147464405,1
0.9657940743060659,6851.343992840043,0.6402789452771726,0.4097023506822471,0.8264835480340096,149914.73670964365,2,0.7460075085251834,0.4423393245050826,1
0.6902876139541204,3428.4509002958425,0.4159219380294299,0.12931786966613137,0.3110277690439386,84876.10658629725,2,0.6347254362695146,-0.16285345695500775,1
0.755693041197609,2489.797562740731,0.6786238567402784,0.21964914443182543,0.7661258632412201,48313.97811076346,3,0.840351563482722,-0.48504749776508116,1
0.7482474028471096,4186.465794013826,0.5489495100466395,0.2807257045075378,0.055743962848515904,75813.78743911527,1,0.775750007389835,-0.2216972303990592,1
0.6729147061486691,6264.674428723118,0.2757363066355323,0.20005229662563406,0.3937325012847652,137695.96053412335,1,0.7960478333124256,0.12319847890224556,1
0.6411835379973808,6740.994022507843,0.6463294454971398,0.2678852188911653,0.12744025350811183,178942.2416877142,3,0.5974688348352694,-0.9883987558757459,1
0.4908406535803623,5992.963320331174,0.20424708634452338,0.552052784406938,0.8635483353493599,104229.16533960307,2,0.5525318283465309,0.824014877420322,0
0.88509228408135,9886.529326929034,0.6939882842591655,0.4782794534604537,0.9679382068391408,43171.14947035081,4,0.6963574109518058,-0.31256419320560713,0
0.4429008989329187,7065.3567717040705,0.0031108776232428026,0.4350282909969287,0.3256157114724031,17128.910351038434,1,0.5285748304754435,0.5936142379824709,0
0.9548148011402324,9349.43646217072,0.5487725137617697,0.36583184587484135,0.9888626607835865,170427.27278260226,3,0.826230262605799,0.06895091423489186,0
0.32835831379184766,1620.3653515041578,0.401067627556141,0.21568254512413326,0.7523075602314153,92115.64438628746,5,0.7204917022996294,0.32437755637496424,0
0.933259290050238,1083.0428332280492,0.3031037738019473,0.2110145508829121,0.001233899427147911,131820.7536480114,3,0.6277711460388414,0.5189953121502013,1
0.6138089172048788,3454.44966911356,0.5157079672346375,0.3585045597422398,0.4852717757845948,122230.77597484426,2,0.7650622820969207,-0.4241802003658086,1
0.3569924967547509,1797.5949145760273,0.6453116325358881,0.2970554858578619,0.8341006370574237,161448.11830559216,3,0.7805266180255305,0.21216615634125335,0
0.8649260977248685,5495.751018168543,0.9653122662134649,0.4398086206975376,0.5338753812185402,55235.397333157125,1,0.9261878226820877,0.5032908982290192,1
0.7453819155555942,5430.321908471148,0.8330644898880977,0.1654453571496797,0.5499607754446798,85092.41585808659,1,0.5958838050135529,0.5418528631270769,1
0.7469803975150247,5962.948081217526,0.7171498830838108,0.15954187777916687,0.44769962297311705,165315.54143735903,3,0.8751727176637334,-0.16799347754781468,1
0.7686803321495876,7579.664867895191,0.4789669116791464,0.2414309252095454,0.3950388694958148,109547.95260394893,4,0.5957926680058808,0.45703025548433507,0
0.7072150080343073,9727.632152017039,0.39214411966435425,0.5277242144486495,0.02739675783816764,22131.478188166948,3,0.4934979858844251,-0.39619960602638327,0
0.5259777604908512,8843.45756867189,0.032529654585997214,0.0942131793631213,0.6217330611726494,43062.31001231237,4,0.9702780460542818,-0.7514677478138552,0
0.6619012816832729,1624.4887759680253,0.3590969030590482,0.5072255471579934,0.7667263364525255,50326.55289490336,1,0.6682894772000324,-0.7741584363697878,1
0.7109319867674494,3715.8800433212436,0.8483771386726165,0.1603213802185099,0.7901778431041926,178943.53385737605,5,0.8168009839661242,0.011404356351314204,1
0.4187426110360233,2930.318737956398,0.38402458197628997,0.3332080388859563,0.624636139844816,48103.62830966258,4,0.5698762939701407,-0.23347975812604216,0
0.8061738207953588,2179.7648989080317,0.46158499906214645,0.4422605937079796,0.34127724964233597,157846.2921746162,3,0.6975282487312404,-0.5351027325928222,1
0.6407046093618867,5674.886328229953,0.27183442402490476,0.4311124838637329,0.022609668481897383,23276.260491391447,2,0.66732190872324,-0.21764295597722327,1
0.3140178457324737,5756.01181931094,0.27413275881336674,0.39551698418688946,0.8957795472571289,40892.51788488883,2,0.6763973506400488,-0.17631334987455616,0
0.7222856978168839,2658.8258649365825,0.061871760891748395,0.4695987027924847,0.4290462183774053,158249.38598389976,3,0.8055982943377207,0.10714631502027361,1
0.6832053797968217,7263.0238779135125,0.6138039256198008,0.14305039301006514,0.6011754486640765,162819.20104454135,1,0.7248572500816642,-0.8841572908654045,0
0.5257692405486092,7462.6858421103,0.44806940304534637,0.12443860854983325,0.19455607518102203,39953.36283197621,1,0.5913270022048547,0.8160420242564868,0
0.5756910450177584,699.3099509223665,0.6059608074907946,0.1475560723630411,0.14195571792589223,49074.871313725605,1,0.4654335837891928,-0.2555976701609093,1
0.4526777054664767,4259.698185362007,0.5468869000288528,0.26395953365729935,0.08681771280791806,100196.44632646722,3,0.5936408295302058,0.23075830169947076,1
0.5890759193955165,8956.3360914154,0.7988445872971748,0.3984658202756843,0.7987652052183883,18956.101857808775,2,0.7058383562136101,-0.38719916914730024,0
0.434583670033502,5443.026778316464,0.7510119123114727,0.3580300758716277,0.6464607132724755,170698.3084674113,5,0.7836787714059421,0.5233518402665858,1
0.6366361790910616,3802.464113670446,0.7714538531378794,0.4672583795843952,0.621159258949184,71553.04326558605,2,0.5629113041425825,-0.08260659629555023,0
0.5958747203605456,2909.923440153736,0.49923900694167556,0.23303741069710507,0.9193977476873135,93178.9541833058,1,0.725937064904832,-0.3564097236429067,1
0.4567506345485544,2811.867939223682,0.3538813513539305,0.4429931124312908,0.15871223921951905,27858.22037168319,3,0.691833521454104,0.9276161542624226,0
0.9034122759574412,1447.7963215826603,0.9334365905329528,0.17044083322070308,0.17026935181160607,15532.587872488668,3,0.6447249927374876,0.7304138899621557,1
0.5893493984834443,8263.650981384375,0.05426977371655395,0.3773431866180761,0.18946914953434024,89528.874099882,5,0.4734731035558682,-0.6393426162147287,2
0.9301417705768349,1323.2453512446266,0.15262130785023031,0.1280317934241039,0.4233694302652896,30683.45291457922,2,0.4832822808892414,0.40128014497055764,2
0.6124085280649592,3276.80027568725,0.4195990921766397,0.33041468743746766,0.8742217350119355,117154.17699801899,1,0.6999580506374603,0.5086380093427434,1
0.8628075432829241,933.9195163803554,0.6139576525680112,0.15520189890097896,0.8814741260602413,145061.82156715755,5,0.5241981245464178,-0.9308862580921402,2
0.8556657337944982,7923.172412375155,0.008200374806721644,0.4703854591655656,0.5905877365369072,15384.092392891325,1,0.5664705788141179,0.921927406771512,0
0.8928367996386734,873.1949811545094,0.719322819311142,0.5830265072787735,0.658142897863455,114077.82541498177,2,0.8901370443642221,-0.5340552816049591,1
0.7968642778482421,3428.86048674798,0.5587265427899147,0.2183365861390073,0.8977623436148128,148656.54762266602,5,0.3408000602637532,0.816748061577093,1
0.649427842559824,5946.325015823309,0.48470275867692525,0.3161065673746864,0.6242189554636973,84702.75652043553,1,0.9962752108118477,0.3081410632380981,1
0.8318058322259358,4390.832922787717,0.4234950388278682,0.2086790112531523,0.22979967783532174,173149.7928533089,4,0.6529997253236045,0.024218839656294122,1
0.8798611342774577,3181.5751388664544,0.5194870317406245,0.25880737701541257,0.7049140683315396,28903.134137687324,3,0.5437791941319975,0.5716757749566443,1
0.6821060484486173,3114.296188061646,0.1617857344817476,0.2885689182309108,0.7698907741138986,64907.35878679694,2,0.6654379409231475,0.3500548024211638,1
0.69330029394193,8079.007907059368,0.10871173927698252,0.31009289016030356,0.6353446232148273,49112.755769047006,3,0.2842262297598696,0.4804962221606528,0
0.5337327466350948,9752.791903328829,0.28963747875183843,0.1542068422567272,0.2735694634423239,179352.4964419657,1,0.8698473053412569,0.7158116871112274,0
0.8800059695758908,3806.3901692635372,0.7095047919853247,0.5422246399669098,0.39991784959354004,60009.98021494839,5,0.8135011422408147,-0.05763630971272127,0
0.3130328034180529,871.882379285657,0.5882878838354964,0.1696470517893248,0.4705924076467407,75947.5472269824,1,0.7922388249879757,-0.14854140571458485,0
0.6861168598629954,847.37489013653,0.48012301761901266,0.10345417617861098,0.14529841815437994,154094.803250527,4,0.9517834674771193,0.7995556241464057,1
0.5383917980936481,7712.527444501821,0.5715209658959604,0.41093036343040945,0.4522232544599851,168093.79635769024,4,0.5917605191076378,0.5957121856353789,0
0.7597235281721053,5747.513305286706,0.5592580130393432,0.5455254999663212,0.16119742332920095,169417.0289852577,2,0.3979951428140328,-0.9615094378428444,1
0.6516486491586991,7944.130245464639,0.30704192548992537,0.3187471570400831,0.49945174407285575,104888.5665703442,3,0.587919876102551,0.3076370171326417,0
0.565999937550052,7126.221597741461,0.09745594724472584,0.107409480081825,0.05081075855278616,122761.37842815446,1,0.8984647888061675,0.8078091132761629,0
0.6656558934805786,9121.310318021267,0.8967823686630506,0.38653644640370255,0.9485314919612028,69359.19354978084,4,0.5660042735104235,0.3671666008986889,0
0.6600454813641573,8915.330764942924,0.5999112626239146,0.33521441289771375,0.24634486426985702,113216.98398954778,5,0.8431268280756846,0.10688146952996957,0
0.8174665483987672,7989.110258401185,0.6977479996808517,0.2165412908227118,0.46701430985760894,61467.17163668206,1,0.90211833838518,-0.6482194969895274,0
0.7852566517021147,5014.297020400366,0.4639972243669551,0.02548787998659733,0.03275217653235796,136824.82058108482,2,0.5517838067541351,0.9011560122448834,1
0.8983538922395301,3427.2008722365986,0.7564805799765626,0.1327920668717574,0.19272152219969818,62225.71981382351,5,0.7360211003717109,0.25269924602719684,1
0.6129233956117405,5316.754480724079,0.5844972639786672,0.14535267869716373,0.6932449918335774,159499.82040115094,3,0.6584511415279655,-0.7979476071390512,1
0.7364691290952529,5269.680269538324,0.053801122097190235,0.31383009297828834,0.11180060313889395,34392.26117626768,2,0.9189199727334978,0.8552885683929505,1
0.7806168542082897,6297.617714448707,0.8900970353936911,0.43713529121652933,0.6281491609641112,107206.87195523715,3,0.6496154575017675,0.033210694191602164,1
0.5525044750103676,2267.926893937589,0.3055361467878869,0.1256159504652507,0.00206889143433997,98514.83436674111,3,0.9875965965143788,-0.6855496893874085,2
0.9326767353423414,6728.388864227393,0.1378907774213355,0.14846344520779567,0.46500932579566345,54831.970647027,4,0.7627726930577228,-0.5469324986035831,1
0.7417119125029301,4837.70877995525,0.08804100770431578,0.3131258270549169,0.7213436407232877,14760.35856006897,3,0.8158268163886496,0.9356227064411153,1
0.8550762031791971,6391.9459034381625,0.7204403138421108,0.5114719194304901,0.9262928629137313,35250.726687479284,5,0.7245981329901938,-0.12673375023350064,0
0.7362564950039121,2776.245817735684,0.7039683668043598,0.2482953602171305,0.4928361760924138,174551.6983131369,5,0.6580738534574031,-0.16065173385205034,1
0.2906717991537165,4626.7514918348725,0.7001621248132707,0.3468767347385816,0.8405324697386266,170021.769698693,5,0.38678254899643133,-0.027663606634162674,0
0.8927517207841811,2496.9115372989427,0.915752772681566,0.20952284525271522,0.8025913547216569,30281.12295300175,1,0.7111740221855996,0.40104077125930826,1
0.6296724327311652,8815.398989189616,0.3489430219976515,0.03295955545652701,0.29577077706750987,73726.2338077873,4,0.9339864001856129,-0.26995971107115224,0
0.9152653641616829,5135.629927894607,0.5611330563589232,0.23472501810446997,0.8747336239116787,89071.52525219996,4,0.7962952831975394,-0.15791451416075897,1
0.7282572157648322,2637.3234479512153,0.6194955829943495,0.5657156336973649,0.6402829798092562,91272.22823420161,5,0.8707952898158393,0.4922366326346117,0
0.8822277140176128,891.4826095446897,0.9794818285664626,0.19405139597768092,0.10418464808635974,60799.36947914216,1,0.6193579510151457,-0.07760642072485102,1
0.9782224017372505,6919.517314208647,0.3123461437185918,0.3359085870934754,0.9391127965958804,165201.98155391164,3,0.5201909562353483,0.4271447731134508,1
0.6463752174400718,2539.1247829026793,0.9563311999039404,0.36088079918032295,0.17667674153385737,164443.40208217409,3,0.7506012936714924,0.9244350484502164,1
0.7125201309048123,9901.030827028393,0.14873433308238138,0.6203468851597354,0.47036094729629385,13217.83149107398,3,0.8285555957393955,0.9250502716008278,0
0.7667791713253647,5570.153547444131,0.764001456027842,0.33868218555032875,0.46636538554509976,120500.23383796235,4,0.9439038079210875,-0.10598706711299855,1
0.739690570399673,3245.2814643563047,0.6328859000204128,0.16355497987052584,0.6252366231409037,22641.60943935726,3,0.878661386100537,-0.5315569199310366,1
0.510451852556782,6747.935621029988,0.8168960372719875,0.2017300965022643,0.6649567656784774,111574.60256231681,1,0.7712591709985676,-0.4975346452360321,1
0.7744226812939894,3114.5892726618126,0.02868557363984714,0.27419390703806196,0.2329078296387369,157371.79238830582,1,0.6144529766659689,0.6384439400307624,1
0.7332320158428736,8292.605792142593,0.07813104293905582,0.05359689167571626,0.3524424885176347,120420.26143599968,3,0.6624222905656796,-0.840559770323652,0
0.7726175940911645,3428.2424838344477,0.06969577956914585,0.35182961890030456,0.14459020463075234,89717.69454043952,4,0.926347822541846,-0.9191718110171558,1
0.9103091697814619,9888.353457761137,0.5929594554972878,0.1663137627476369,0.12601573404955524,172842.27395917094,2,0.9127440856250502,0.3628340398572818,0
0.7062120307541093,6248.875461730289,0.602936067575538,0.4017333975177021,0.825067355243756,136921.75911298176,5,0.6793677088220493,0.8202266739009629,1
0.580485289098263,8521.905914955301,0.9061048893549762,0.09783445856778723,0.7507213403270845,52382.59336797662,3,0.7950616540308075,-0.5383937639448775,0
0.9872602825985453,1191.7469609950112,0.46760351451844495,0.20149342836317952,0.44268348662884427,75779.27317884298,3,0.7908728056198363,-0.8908486465182524,0
0.3757164153313157,3808.844465168788,0.06804905500496394,0.06674992015894887,0.0959092838429273,139178.80678679387,5,0.5575057854161708,0.7905751591571994,0
0.8618521078682181,7506.127318578422,0.20952940162251543,0.3336911154303729,0.44992174336995305,13283.422179729441,2,0.7498665751118688,-0.2916798976666328,2
0.7277415280130466,6723.060664735535,0.008073094817842907,0.5670908830477429,0.29445569374480185,20873.76143320626,3,0.8060107729211956,0.09944169206562825,0
0.8945418375164924,2345.3096536206986,0.776714525128405,0.08570904162457597,0.7779192204275114,156101.94033816035,3,0.7629877227356998,0.672494864413848,2
0.8844001617369062,3883.927839842244,0.8155994368807745,0.2067350022795003,0.09663933444341721,17300.818237757652,2,0.8395534578887932,-0.499993492398765,1
0.5558662038646371,3002.7123711316385,0.997940416284136,0.16643546835245732,0.45136855374505713,125347.35300385606,5,0.753851407244695,0.20244324802926306,0
0.7980539734844694,6327.016612737509,0.4121944490530943,0.19497657268458995,0.591387043629907,64214.01269949192,1,0.841470798527414,0.9830195492260208,2
0.6208150601552319,3773.3981798583623,0.019298375401592516,0.16070853644330718,0.9857252532130553,150401.59201660057,3,0.9041018615656452,0.48261918393097214,1
0.42223774225808186,3436.015299003323,0.23472988149037222,0.19006504592061568,0.08960813119207267,154048.83114020663,3,0.6362610686488475,-0.20531877616449523,0
0.513195917959736,2470.0908141452464,0.5877688676632958,0.11904201663049103,0.11396047216696603,172067.64837389384,4,0.6837966911726592,0.5360367394384031,0
0.7718041344941963,4385.757648689159,0.9619429670527364,0.3949580423149597,0.9880491602165009,26243.424016372057,2,0.5949291287280246,-0.9564544547563745,1
0.8566453343312824,2357.274606867259,0.10357855147079431,0.07037071261444398,0.4056251544629029,81883.99156898943,3,0.5869040084379203,-0.5693201476573366,1
0.8027582411574596,9644.411080087508,0.12157302016074278,0.38855249122007024,0.7437143071981449,107572.96029240864,4,0.3215567697501924,0.4893568071044725,0
0.5985381751204775,1967.7672092053822,0.701758985278943,0.08734975130204978,0.7834753824909472,165729.6695302678,1,0.7119078628928325,-0.47552802170748865,1
0.5033589503118224,9176.394792108375,0.6672070550215495,0.05995676389602749,0.3145594092129136,55307.40472362806,2,0.899771349804483,-0.7477727678093682,0
0.5401185184065775,4570.494432487529,0.2505063553118331,0.5254237641630171,0.21430020694120056,22176.673423610577,1,0.8948691310829237,-0.41339163277046054,0
0.8309288166304292,4089.7269198363597,0.813144791014519,0.28271805226936186,0.27609120005272303,44299.98550099718,4,0.43734791027870734,-0.6573303956910479,1
0.9500979147983296,2697.538108596064,0.1287787554774632,0.34973930300855705,0.7643934250381481,94248.31503838225,5,0.536153562908819,-0.1587081402553323,1
0.9073534441660798,6539.685176491432,0.9257418447767598,0.40849646509686427,0.840479451025298,125778.67038739438,2,0.6946670744181928,-0.7509183758181806,1
0.8674344317544331,7012.516142602945,0.2010319303324214,0.03583754073968254,0.699504937171297,127414.58362308973,5,0.8742444750057718,0.6754077840702293,0
0.7412650203093344,4941.924141397966,0.081352372723005,0.06142990367460492,0.44122756970888477,22692.762206033287,4,0.961834580431438,0.5599509507599891,1
0.9672576739209693,1029.2155090875292,0.3395220864738546,0.12415142644403501,0.2625634567585221,139439.74497561145,2,0.4076290169121179,-0.38605539238001896,2
0.46205809363558953,9225.846431541224,0.18784128853454496,0.3656878923816427,0.4252490424941272,122240.69854730366,3,0.8326524420924963,0.03985388379943089,0
0.7962325709865997,9813.126762325619,0.5269412250360329,0.2078089671418309,0.9145266196292458,79282.34182626988,4,0.702259168241833,0.710069594190591,0
0.864543213852812,4594.912444512433,0.6868465373717261,0.2770118177307386,0.8631955417569936,107084.66563190483,4,0.8280566426108006,0.8580441238206,1
0.4764883013430909,6329.777670388608,0.4909215784782912,0.304749312614612,0.3233762074193568,140515.87586955383,1,0.8587307336430785,-0.8178255688550413,0
0.7231774821023343,4777.836949315594,0.6606073318109776,0.26824406459996114,0.3279408160703763,54555.76716010636,5,0.7108568989140679,0.4440411610688142,1
0.6928073148239454,3557.8566834181456,0.3649205143999844,0.6144538297929536,0.779974049778931,169805.6955786997,2,0.9180002585224606,-0.7290812495044019,0
0.6820468556612228,1234.5285321491724,0.02792259723863999,0.4625806857009834,0.42657405258452097,33420.49284099456,2,0.5037186227000932,-0.9599325958326381,1
0.5137134919004795,4832.643438774339,0.9740641242251491,0.4312403995038445,0.5727228084946608,163377.87798960527,3,0.884150801304548,-0.8421109425695135,1
0.9335300609079574,8274.653285414788,0.8194135045399954,0.27697445264278675,0.4223177403635686,135945.85254058728,2,0.7437350810590005,0.15176037009653376,0
0.6789832442402502,661.798880336034,0.07341882408462808,0.4944533323053082,0.24233881983636252,122288.16528596295,3,0.8663324426435054,-0.2457682791007414,0
0.5965422502599608,6030.022990212112,0.4491763961563344,0.31737182247994405,0.18885376885572758,24094.359533975265,2,0.886611434642059,-0.762649918302557,1
0.6444226601205097,8867.335032903544,0.6350190700718746,0.5162129005823389,0.13954171943372984,166230.78328446703,1,0.6993193804738159,-0.051346533772296477,0
0.7181180997036966,2566.719585136401,0.1905942705726379,0.5274896042605857,0.011422780444411362,60206.15959186708,4,0.8057459596570039,0.016462223039795942,0
0.8383610511426611,2240.9307145460907,0.5779886113627715,0.0914911493189281,0.2806164567038364,136754.07507306908,2,0.8358091537295012,0.5747899352465504,2
0.8488729741421323,7836.627944168459,0.533648618117687,0.3136625234326638,0.17140859031096778,160416.24015729377,4,0.8172165615197543,0.32732393235100643,0
0.8752317038545097,2923.3210956332864,0.20826518853470477,0.3944107237662995,0.25795042669550705,51528.19387834503,5,0.9086883153663503,-0.06806669114076214,1
0.9662431162925239,2323.85054182616,0.14121030927745326,0.29262430878434875,0.07580400949983668,165482.13105005038,4,0.5869239323108848,-0.35132730364722,1
0.8150054084329047,4090.897880407733,0.7589622896186374,0.4486095165877092,0.341559362993067,114030.08026098472,5,0.6551416212371335,-0.9959829108757821,1
0.9378812181830833,4228.769116567071,0.3225864461496337,0.3563757874007416,0.5199585897076429,122035.4029905752,2,0.71872880304419,0.6640835023148142,1
0.6707508716931342,8803.960098657377,0.24404053384224333,0.33177653206320595,0.9445714149411193,165467.19069552943,1,0.7076886164096512,-0.4660292067376679,0
0.7031853610582172,6375.21298336993,0.7378783528059887,0.17671977046151038,0.3470719636155529,99544.93673199422,1,0.6810135960860162,-0.5735628458997837,1
0.7198263514400774,4356.633835226099,0.736068692022982,0.05081311360481243,0.031022979171698828,84910.08479464818,4,0.4402293490424489,0.46920163703230533,1
0.8322392420549801,5576.685660714785,0.27640165633622915,0.36309757961818584,0.3623643833354736,117649.400487833,1,0.9017177157687882,-0.856701397577696,1
0.5705952233931275,9562.669716590104,0.8725684612518537,0.35711199128793003,0.8172242874567002,104183.99789994585,5,0.633833058671474,-0.47476281950331534,0
0.8587593126441506,1575.539427794006,0.6882501650723424,0.1830467437474029,0.3401472665917399,20450.87111604581,1,0.9488958308070086,-0.12988322997058943,1
0.6633664243156376,2473.2974563845687,0.3457642178215381,0.28301961154912253,0.2917306705897431,40683.6479783577,1,0.765217608831207,-0.11683448743709546,1
0.6947043124041582,9644.022712572276,0.4274896501846589,0.26386364684092173,0.9189951411121792,12306.301416912342,1,0.8517015094524971,-0.684304283779315,0
0.6237211790414464,9594.586061008438,0.7267096859306178,0.43830643581543366,0.2972292781946311,28387.6827146744,3,0.7342001910619063,-0.9197582760218217,0
0.6296305595720194,2183.0715020153402,0.21158383289549199,0.46097252375254333,0.9702616839204556,134074.4421621893,3,0.6506229092537782,-0.05893229752810991,0
0.6758222533852584,1878.533762690333,0.46876079247522406,0.1288292860188282,0.8326357404308321,10800.897506909392,4,0.9533446014830353,-0.28507181633104994,1
0.7666279670984377,4500.308776216889,0.6535583422580996,0.12331742752199082,0.6842499189733756,61748.93748332037,2,0.5005945526599823,-0.43030130631774854,1
0.3389371968841408,972.3237786357065,0.5394985480087132,0.27687633644733683,0.5983262734128867,86384.63874436285,2,0.5526112304873028,-0.4587422747493972,0
0.7365176327359005,6721.583556708831,0.6083283459044933,0.4001757266208272,0.22478057974573873,169428.08234679457,5,0.9122559960632987,0.008353593672250081,1
0.8819467181577312,1236.2122057865508,0.5462124994767796,0.36462838976907674,0.7303984367751399,65591.19302428575,5,0.8278175193819667,-0.9566692659750982,1
0.6270408995546922,1051.2814573956668,0.1992274437900201,0.5284688984752927,0.34713812992128523,143132.22972841223,4,0.7202303337949367,-0.7878353778498228,1
0.8932526809751472,5109.275893984068,0.4102053449726214,0.7425985411491464,0.4856421601683284,79490.14852394116,3,0.46657478201237723,-0.3495918305462242,0
0.8133712725789195,9598.973043045964,0.5319854954775457,0.042610596472931306,0.10406878205796088,26743.534613840286,1,0.5936317517664651,-0.040371129463296906,0
0.8943911214223055,4554.561392600016,0.7800627423459461,0.24979711077195438,0.2961541099407259,26803.437159477962,3,0.6483858778433217,0.38765457040754825,1
0.5745055043098456,3886.5710072752354,0.6539042371695426,0.07349129637916638,0.5291194679111728,83513.74939702803,3,0.5402403049984781,-0.41378604479845227,1
0.7402977438991326,9980.588797271716,0.42659094518593477,0.16815863235237952,0.4680413135823511,19840.13235775073,4,0.7535576370897936,0.33408986717679734,0
0.4173568573196875,5553.705127402242,0.9743998321591455,0.08929951919462564,0.3435131551015894,107175.27101442008,3,0.8567870889914797,-0.2256998922000022,0
0.6226150292877909,4064.7933654573612,0.10779552167972517,0.2685386323292739,0.47192995515719594,93920.4550123693,2,0.8173990249588156,0.5494410032073347,1
0.8731181079111592,4165.677726745218,0.20680486855496838,0.35251343570826627,0.744926134104303,129430.98156835034,3,0.6453949855561331,-0.038762324386615976,1
0.4518235618726146,2352.1152123183497,0.341312610031664,0.129587445353888,0.4593255641846754,41555.65999967091,2,0.761142532879728,0.08278076946178081,1
0.7636231442478623,5366.1190457516195,0.22857207698791016,0.2371474451738684,0.5061564717244325,110797.97313356203,5,0.6832985064013705,-0.12985940448965105,1
0.512310755380525,4669.122767596055,0.6254419968060113,0.25028007384183537,0.701146081210443,39668.820978727184,5,0.7585881682692218,-0.7342144819440388,0
0.41823633435417756,3072.555315300427,0.03955072933625525,0.2656707628010024,0.8416148031630462,132779.73129035038,4,0.8645839310624891,-0.6576657569740305,0
0.8562718301575505,2025.1308227167178,0.17743678427341592,0.09672479361681517,0.5268637778573518,62216.971902450096,1,0.3244007911969504,-0.19901085196811485,2
0.7856486843252698,3456.76925234176,0.2933472376586044,0.28909314023575305,0.9481756150825015,114450.75445883816,3,0.9567149691775724,-0.8023609650047119,1
0.4322432373026713,5332.491613033429,0.6833457750793165,0.10791294321137919,0.35344744349132906,160055.13421180766,1,0.964804545812087,-0.7196170543163123,0
0.484720012475926,1054.166086705616,0.875864882581128,0.33683310776824915,0.25255498138797317,92999.80145087605,2,0.9654957100663872,0.24747021912006373,0
0.7726941126215471,1960.5682715475818,0.7984917705530544,0.5461125276451486,0.6930898681887464,42689.658687974166,1,0.358115913579792,0.2664833792042012,1
0.8451704348273934,9502.744036206406,0.18208093325025487,0.3808254812616512,0.17574973663912896,160640.89315638755,3,0.668334556155152,-0.7451269679195291,0
0.5602340109596267,5657.12583479772,0.5654057584410691,0.08420889158727077,0.8999678524965128,70958.5235393811,1,0.8158632999525959,0.7076369644571405,1
0.8357801124083619,1102.7683847703597,0.030022645344687238,0.3983109499969443,0.3865741828623165,134142.98880900705,1,0.784300625827991,0.7134511977393732,2
0.7852822661164418,7084.333708310943,0.31053677535286117,0.23751449125742688,0.6981486547732347,64416.2653499646,1,0.37049310655606377,-0.24054126138751375,0
0.6883935464998312,1087.12726575083,0.8059837948283267,0.04577767393636594,0.5701835224899381,60696.62525064903,4,0.7035350525123607,-0.004077569423356353,1
0.8705011697600071,7519.305156940543,0.45666571374333953,0.14327784286735332,0.054390858889109994,119144.80408333852,1,0.7660942177061844,0.6030916986887638,0
0.5526460582167388,7624.645856340256,0.14994132227583457,0.4617335424754145,0.7090787073462977,36572.94398501453,3,0.6275022628719739,0.5254140816636299,0
0.6787886499498588,6685.2502696179,0.4385533814883127,0.2051771356439088,0.7900047302037633,157385.5580441458,3,0.9340432803095793,-0.27450389500480643,1
0.6294030734335525,7455.943173883822,0.19803292546222828,0.21132627792891606,0.9824724307962063,75896.07772639494,1,0.9009507298218447,-0.3658049355385802,0
0.7199803670617948,1335.6749196240485,0.3931914578639628,0.42873759454341637,0.4161276664360528,13277.164114645067,4,0.6367390387453401,0.3286844664014985,1
0.6540482760027598,7404.415247375043,0.4878334727478434,0.5032914111978724,0.5029315679541506,61924.20051379645,2,0.7087979927137245,-0.27296054970576655,0
0.477325475785727,1798.539037376888,0.3495581125110284,0.3874434191743126,0.8748673366364896,143444.27518191535,1,0.7720071205212226,0.37890189498422844,0
0.7651359522242048,3725.3061190825165,0.9369689504338609,0.13456139774382364,0.2691973130172499,156091.00540691358,4,0.7396734197544702,-0.7407482380631958,1
0.9452332656754123,9456.079908256012,0.562530297556382,0.1611905973779616,0.18914263272653753,106539.64708122422,5,0.921942703581101,0.3440780125537135,0
0.7813090458749358,5277.317037761831,0.8428926739468967,0.26766012187933746,0.13291027308597125,59998.58406723258,3,0.5871012521568476,0.5702921480064715,1
0.7921897555208077,9690.551104788632,0.7607285470555802,0.5721248685590642,0.978252213183724,99735.19762757451,5,0.8622179974554748,0.8092096993475373,0
0.7527693848326819,1344.763359424007,0.6611663092677765,0.4061408363025121,0.27035923554257046,152183.80076738732,3,0.502207254775328,-0.08763409109488962,1
0.9125904879742702,5036.787695850211,0.49688874830258223,0.15646133211222005,0.7573944998285022,63726.431053802975,2,0.685972885268835,0.12060811374301394,1
0.9299947057253486,1092.8220426302712,0.0021737837815875016,0.20713450160291375,0.44966715447883765,75524.28551131827,4,0.687906584632245,-0.42217946552292385,2
0.7261171501973251,6486.997492793205,0.6134676005520838,0.5504722504979972,0.2405753747045941,101748.00260830754,2,0.7440724262361644,-0.6990116432485463,0
0.6962564591107148,1247.7165130009057,0.3559574530024977,0.23591645523941773,0.913333799606973,160813.49326401245,5,0.46126494651722993,-0.6537804169609287,1
0.7682036584594557,2165.9941241335846,0.11776216680131879,0.28624580477745554,0.46380750174311236,108965.31875134906,4,0.7650793868100231,0.6891470377884015,1
0.5268133699966094,2958.8879456581644,0.4446262636120777,0.3075206774989803,0.5659553938190977,45294.57641573105,5,0.9557807887136276,0.082948577733571,1
0.546236531056396,7613.06659081259,0.7355533222833047,0.6408927298903863,0.22249348352402498,25147.686456839696,1,0.715609259377465,-0.24737977949187728,0
0.8714297883899985,2057.6401287717104,0.961677794698704,0.4035857371678413,0.32415231266487987,26152.372677737192,5,0.8168836310286619,0.7278999278369287,1
0.7785845096471798,8543.004506284144,0.374104891122082,0.2754418809298221,0.7476875539037039,171542.42754373004,2,0.808934658730822,-0.772400122983238,2
0.5929359792238166,1753.0874188926082,0.5427232987049767,0.08570168146557036,0.3430447726639859,149810.12080296423,2,0.843954538710285,0.1884633450782469,1
0.691876501689396,834.8222661664852,0.851244383363585,0.0826261787678214,0.5059585500156792,140195.2973213503,1,0.6098998105711612,0.5815021330702481,1
0.4791347360001111,4252.931480211844,0.3339994199500148,0.17860278925763776,0.11435547718040207,94381.97845890792,4,0.6309328206797018,-0.7501646254345467,1
0.7138093604418513,9804.695598727303,0.14225724497081538,0.05611918005779707,0.8500664616534435,124331.73493718986,5,0.9751306031465835,-0.7589042846791241,0
0.5378951622919125,1548.2511639933837,0.28188183123268906,0.2112540417009837,0.7375816314072795,31646.15177222057,5,0.7490299693150764,-0.9332521901398536,1
0.7518593064302574,1466.3252183764757,0.899122829808388,0.27668278852659384,0.760744853991367,115552.2716655909,5,0.5880530669228472,0.8839189383880173,1
0.7032746044095061,7636.081852558427,0.15939310846183774,0.30877067938835817,0.17818519806205135,147832.72453839253,4,0.7123516220113291,0.3843626570542855,0
0.8762591761844057,3465.5360929388703,0.32922106100678206,0.1945411200897944,0.4951561527639986,20563.5858401628,2,0.6453845586816744,-0.8571200585697025,1
0.8723946345685436,7314.175363644311,0.4646403105003406,0.18730589377212326,0.02754127865747813,60345.57179257713,1,0.7468145968093004,0.342515651908768,0
0.9004498795851577,2400.100599711952,0.84711322349092,0.14723253783491524,0.31508907779820605,28747.37447169781,4,0.5300978008502782,-0.3927761994278547,2
0.6437416205756517,4870.683944882548,0.9377132836529747,0.40824301373795924,0.348019520766926,54238.59613156974,1,0.6647391787202205,-0.7813332765240708,1
0.8342571054259827,3020.25383861472,0.42581030963325484,0.058307758640031834,0.9136901735367493,141329.05822310288,3,0.5608696052637364,0.9844400169546932,1
0.764602407825122,4789.518041351325,0.9319540483535156,0.41305303308721725,0.9927827989313822,66448.35826895545,1,0.9229347653492824,-0.6402339593578819,1
0.7513333909255723,7806.422379560386,0.16145909485775456,0.08137722431867711,0.6177459015498391,127246.2541409518,3,0.8214767302489188,0.5970800259267426,1
0.5812044924408489,7739.094434537786,0.1568522918963704,0.3611918128596703,0.5167687510533244,141461.42856063554,1,0.871063012510623,0.7628078730623902,0
0.6836639546198936,5399.836732900374,0.9492508196347978,0.3424593843156685,0.4400889342716059,148828.57741430236,3,0.8761942701477646,0.060655715249265496,1
0.822123893558076,9319.532515349983,0.5096801335283312,0.34408355359577664,0.018296237384917813,158473.82537941993,5,0.592045592613959,0.9520057137612288,0
0.9739217641161061,3005.948973258603,0.18590783535395394,0.2747698547905734,0.8001165462428611,111598.08804328156,4,0.8541083187863665,-0.7602654784650595,1
0.7219435074254344,2782.9578356327143,0.4879903705755618,0.2744372918569892,0.6718258441136336,57708.771439936165,5,0.6096989691906849,0.9217394325983082,1
0.8794179767393611,6331.16081116662,0.7832111553790515,0.2135862852592142,0.649285750193407,35594.950432449165,2,0.8570218941337548,-0.8586818015173678,1
0.779618138132719,6402.321825059496,0.8269203657235237,0.019928181511888833,0.8090433890318336,95630.47121625624,4,0.9838903128114971,-0.04532012206227698,1
0.7966638427992332,942.130375867253,0.8639692566492423,0.43331176608243965,0.9280542015957722,27604.72935300143,5,0.9319675682403854,0.7100540074003874,1
0.6245983071766356,6273.8882676755275,0.5695709030874185,0.2550376278404897,0.3895300189033263,164823.07642688925,1,0.7412563575551079,0.10638320909142851,1
0.6142258207437344,4057.1434948156366,0.8669460143678803,0.3700336459661494,0.42640289681547827,85221.64045030555,4,0.9159480935994707,0.16692008334078756,1
0.7269224698002174,7600.703990545311,0.5100302088032547,0.18122070859208472,0.9751389901638341,158407.3047708001,1,0.8770050027840618,-0.6780314170599726,0
0.7539753786415226,8177.003813180092,0.6070599023910773,0.14984028159605195,0.6644248510365149,130575.96521862381,5,0.8532481327416448,0.9686952918070444,0
0.5751154616863016,5745.461285696848,0.7587198022716453,0.21272300048706352,0.8513510707056113,155726.98568141527,4,0.7159931256436347,-0.5377502957211187,1
0.6323980850557412,516.1977992715183,0.4254352927105085,0.13690809592211697,0.2215695386037757,160272.87517327612,5,0.7987838460963311,0.717859168332798,1
0.9693484961498022,6545.475196583099,0.07358148713877477,0.49744291472183955,0.3170751909959547,19059.894730105367,2,0.7727950885432973,0.9131112620324708,1
0.9226388586894356,7614.372156826376,0.3501663568576976,0.25782696489824375,0.3916052271952626,133293.83413180785,5,0.5135157642949147,-0.4384434553823726,0
0.3559670490900651,2865.341029199385,0.6239442167959603,0.41808910027403623,0.31693311276773417,48513.10839093634,2,0.9239230590131008,0.46102864261070864,0
0.4642169723187219,4914.137010837494,0.19233236963947686,0.18666866186924597,0.8842470140905325,178180.4739540213,5,0.7502604649180613,-0.839251955882858,0
0.5321776639010768,9674.40292241199,0.14838536349964004,0.4430131248989943,0.5115101958591982,142328.50560141422,4,0.8413412042618396,0.4828906214064852,0
0.8085354563981734,3332.097757243983,0.2930805445914376,0.22446577908020987,0.9536471062028054,10640.050476548062,1,0.7983690559975177,-0.03132650862723185,1
0.6665278052231347,2619.9558848965376,0.03211146227782136,0.4358967330959174,0.32132244421512723,167660.77470637456,4,0.7900327774440074,-0.7641304398943125,1
0.48547296026687237,2503.1205095410965,0.7434228980869197,0.05897848749619191,0.03724463026343228,59692.00337420011,5,0.9164506339699798,0.7892828395255875,2
0.584254586013704,5808.6079263629645,0.2587156021883388,0.2691645542397169,0.13806141968336028,80831.11193819644,5,0.7627356423661406,0.3577186213965382,1
0.5950686803601186,9522.97746242606,0.12423839663659952,0.1856298774597558,0.21707043261482495,114088.54841773743,5,0.6171729673777715,-0.662818963911358,0
0.8143744580388633,6282.55622740337,0.6991294159634353,0.27358916390539595,0.6399697007836839,165772.66498751714,3,0.8687667685317332,0.0656144084717627,2
0.7003328775153825,3381.5696422577694,0.8429280125432879,0.4478860059047346,0.1810878966944235,167645.5259531903,2,0.8691444599270947,-0.34825624350173157,1
0.369889108928808,6566.4128916408135,0.01987559586177845,0.24790548858654468,0.3814985239551395,105790.19966422566,1,0.7969296550675565,0.4211270176405988,0
0.7011128025682632,6436.00182717898,0.23359977074122484,0.3386847417825678,0.7953868241355146,63843.16428794624,2,0.9227755639365652,0.2549243811976445,1
0.7551626224368642,6170.7887894317155,0.9452323248695834,0.17960432662583076,0.12475901512805254,57462.29008995324,5,0.5485082837376756,-0.6209107297564078,1
0.9879311319203814,2014.5489654388691,0.38525413593277524,0.3023841452962671,0.08048013830124467,71947.50679234142,5,0.6519023980894686,-0.5157754157118253,1
0.8079182529068958,6528.384593777445,0.9385920633819312,0.2933037946408315,0.539970229711396,40687.32620163185,2,0.5713346849338667,0.4090882683026249,1
0.6414368904981884,4586.562298887747,0.2742125383706774,0.21982974311312137,0.6980690193138464,123871.61311441631,2,0.8486912218072074,0.3503239133516811,1
0.8548300166640703,676.624556918817,0.21806763557193198,0.4584469227879561,0.9109531882940741,99726.34870506884,2,0.4827157680363452,-0.37551196792347885,1
0.666137363494281,5627.762627901204,0.21410841172799588,0.10910884055151922,0.6619766729632197,141488.999045866,3,0.8651757950981557,-0.0435177937979232,1
0.7480439951245756,9898.034079574967,0.08522866042493826,0.27809888578010494,0.9461788777782679,25998.92387120355,2,0.729772697295922,-0.06560911226096922,0
0.7877053773760255,3822.5261130178437,0.8964322885091256,0.4696016850236499,0.24452604294867297,77983.99013782854,5,0.9492952959666457,-0.7511154672684603,0
0.7593686762497696,9672.812574027254,0.9798350226329011,0.4283154287897301,0.3418212683351727,50776.687594151525,1,0.6917285761167914,0.24211546951290086,0
0.7439568789619487,1413.9545457946483,0.9545088072716379,0.17041035359356588,0.8393096784423265,100981.65506409886,4,0.8924566169902916,-0.47112553077754327,1
0.425393262211751,7458.276100739409,0.852028139827274,0.08279306998411597,0.8110538204392835,89601.47722536423,2,0.8147460437732136,-0.08020682964593395,0
0.5821299334094866,1586.1349492969357,0.8468879076509752,0.7312022948901854,0.6648903591701906,86426.12670213493,2,0.43173423781563325,-0.8564784307668336,0
0.763798822219676,3098.9299487751045,0.6610854671689876,0.5352422947815982,0.5060243058781912,63661.11743047022,2,0.3034029051901155,0.22808492358093213,1
0.45127664136424067,5922.9879355601815,0.8262137119506135,0.28814732633445017,0.017711392867149067,133563.74766060157,1,0.7992241238595595,0.6791979896955873,0
0.2903511877360942,6131.4070927791145,0.20834236434304776,0.5149665981367635,0.280443957403799,91866.50972449867,2,0.7131520084316604,0.13918589846083051,0
0.5799605558775557,7864.507513724627,0.38791263038712853,0.20661313180719454,0.15833750553955073,44381.44256824278,2,0.9553450286832628,0.19361617611597937,0
0.8876687562047717,6345.458368660673,0.6408362932947479,0.2960313471715101,0.051174816748797425,103066.07039296487,2,0.7640830657252795,0.34661505409657223,1
0.6886859146217016,6139.339691615327,0.8747713325615963,0.42233872476758816,0.7760797192442761,111434.26652669697,1,0.8158503663627937,-0.6073265209861192,1
0.5200461072997087,9167.354326396813,0.6604694623687837,0.35028780147790195,0.13131210275376193,13634.54513510651,4,0.6542333563839526,-0.862419506326044,0
0.901430915837192,4795.527145986994,0.8390219583342059,0.18673880277667518,0.3574128927821981,44642.37234424729,5,0.7175185568507817,0.7079993634007395,1
0.43727422905529784,2640.024897603023,0.47394951584929745,0.7081810022964494,0.977456877464428,51208.664721638,1,0.7625703186405383,0.693215662739739,0
0.8390479286008838,2036.9915577244874,0.7173037377050443,0.1826723612232132,0.4091534253739858,52172.77756773234,2,0.7326666955023633,0.0892862582640821,1
0.6946994228593202,4299.948669690248,0.9799808063750867,0.6191178566684039,0.14150638922059267,50603.79796120524,3,0.8051954122863338,-0.6058595385873635,0
0.3995562398503618,7271.15117434011,0.15348855712975773,0.4443926568558369,0.6897623764510137,56178.99916637569,1,0.8000907406616123,0.6344886654435689,0
0.7400228446941364,904.1631068340586,0.9269206923158899,0.34092318962115825,0.8099417079890419,54663.62846332071,2,0.8846392609872286,-0.5595100358872429,1
0.6241542875759591,1726.007171839358,0.5223639478419028,0.35660892842543584,0.27915069707216655,160291.70234501298,2,0.5957518829163486,0.7218309884388465,1
0.6761296735321138,1508.0778709845745,0.643218030730058,0.43009794765675724,0.8093510083338185,64340.13828164238,5,0.8391604315951178,-0.15246357540903843,1
0.7513110208807571,6059.876453988858,0.8778690069105127,0.2846279551679007,0.27152107873285036,69459.66144226164,1,0.8160632923956467,-0.8850209958864417,1
0.7271691959667064,2807.2141800470295,0.40965417255231695,0.23963846254949644,0.6931118381459702,55250.13463913624,1,0.562731055037157,0.6337477460628527,1
0.8335285546461064,2079.464568863267,0.41869257489005063,0.3386006440463541,0.12480361954346542,174487.64112223484,5,0.8828931455390003,0.12125461544498384,1
0.6764246330793431,6131.321837558712,0.5271818363471004,0.5751868532487375,0.42782294876863125,101033.43603995713,3,0.49872663138708806,-0.3632837810385552,0
0.9608119906471375,7732.444196797603,0.01910208449685058,0.16903638866962703,0.5204939451655561,113792.83941527776,3,0.3980828018517881,-0.09413601321068166,0
0.6452854746742033,3655.4717063003113,0.4966661809433508,0.37615872909876485,0.7252835773491391,135032.83455072745,4,0.8294337849732826,0.7723997049749054,1
0.8470920769100475,5992.943753927663,0.2910872649942303,0.20084721523505386,0.650031189877552,66731.39169419344,4,0.7672079477875228,-0.5936882170602082,1
0.8400527671028442,1432.1819253948718,0.9279541823917814,0.22386653786692165,0.8533428000131571,174692.6730600192,5,0.7911571616636656,-0.7924216501648751,1
0.664889883245007,9384.314789346916,0.08773529875303132,0.7554887436763499,0.1842910679115869,35895.44933763739,1,0.894923326246991,0.5695801732115797,0
0.5653575799108024,3700.513760490342,0.4593204620198018,0.5321240995112082,0.6612465489415958,87828.48208403854,2,0.5965175438144209,0.24336948571976613,0
0.8873588548279195,9976.304085148262,0.9474681703773609,0.08130958452827691,0.1277501023196851,34724.674599913706,3,0.8065210855550231,0.7399389083164811,0
0.8399233823722183,9796.58368057293,0.9010352503184775,0.39230171693184623,0.47807992115792863,144363.87686426516,1,0.555848948406269,-0.373184838032969,0
0.6892218005707843,7898.822768690209,0.7013484423745502,0.08156215619544134,0.5245575304055564,28244.007643728586,4,0.6829888034548471,0.12250393605532062,0
0.6588855745296867,690.6374063661838,0.5893610519960747,0.44508343853526944,0.02726342338653731,104162.93258030912,3,0.39052471173675224,-0.9151577879350761,1
0.7649428242395045,5663.011743651451,0.28073093713284014,0.06085322486386511,0.0703566960129387,27817.066750113157,2,0.5378334228952275,0.6933553902371088,1
0.8224451332217456,1324.9459941801092,0.3669571127524548,0.04809696310116926,0.8392718109691565,86952.52099140068,4,0.703787749701086,-0.6176326709585211,1
0.6700354612384825,9003.811246634403,0.09013486475412724,0.3657153865527051,0.28678835808677494,57652.35844834643,2,0.6745591610339122,-0.7707623947887192,0
0.8263853454779826,8001.544400150327,0.7861082977582377,0.15034343278903445,0.34614514974373334,163560.44885308546,4,0.6462733098003368,-0.030895497011300233,0
0.7476616957737773,9737.233577658988,0.3238697679038117,0.5624053651555388,0.6404062269084588,19026.285162063003,2,0.48602216943576193,0.4898274425189544,0
0.893981515938807,6279.638054923056,0.6677818990302073,0.20282580874601472,0.2207146265003943,120489.39706604164,3,0.4231216169294817,-0.5804651335431661,1
0.8333479816992904,5460.641642601211,0.35759477719861343,0.3781531275308861,0.1928625833188149,128192.70960282425,5,0.8706405099535358,-0.5330555515938495,1
0.9948188444180529,5430.251631471682,0.46433044139626267,0.34043323337095394,0.42154102947098504,161126.95740480546,2,0.9767009091806028,-0.3688117883163329,1
0.7953142367653862,4171.259557316276,0.555002472376395,0.12769287287174594,0.05899669344537706,159214.00757289727,3,0.7364161783961517,0.6221834219213993,1
0.9657810516599625,4952.555638676839,0.8018524083906036,0.4885691399691748,0.9169702504055911,176099.56872329174,1,0.5649786507742853,0.4947087883660368,0
0.6562409949230937,6536.419539785828,0.2111563775406804,0.22529374455877504,0.9401088914490285,53164.59023900791,1,0.766572011290987,-0.4602903502012805,1
0.8987919586365257,9363.002271784633,0.3987653868298564,0.33536859094291677,0.44820016447201416,56720.31394512164,4,0.9338677343464583,-0.48973288285822436,0
0.95507863113033,6160.901213432295,0.13008157189181757,0.27054753815378957,0.2092394020147944,77539.76377319456,5,0.8941394487388298,0.8128744821140548,1
0.5572642284627408,8642.601452014987,0.0757605049212593,0.554541525104354,0.4705745946444021,101388.08670820054,4,0.6331889838120832,0.22963370593532462,0
0.8147350940437952,8696.409157373757,0.6046743561687918,0.6112348782322322,0.09993318992880817,72414.12616221735,2,0.8401260301944004,-0.5500367010955916,0
0.33104123627676496,5428.910420558463,0.18909104435890267,0.10873337884489315,0.3977973164840717,135850.38979262768,5,0.4795655807148006,-0.7192336619975321,0
0.7843445235842132,3800.9615942274054,0.059799341926098815,0.16586705866025483,0.07366554868619024,11452.658824641056,2,0.595756625344492,-0.8676911624841783,1
0.845248577071996,6575.95179665477,0.8970979312064055,0.1265317455247781,0.7061657034800944,13001.233648291634,3,0.5505365861215428,-0.5072972447162993,1
0.5611309574217381,4735.834748191006,0.5343144197853958,0.06595333423928933,0.2757135501107282,131729.64917125576,5,0.706015860373292,0.4400609586316162,1
0.5913748654987474,1273.6882395583625,0.13462820740298465,0.1613901790776312,0.5206594832402816,160130.60783362616,1,0.47841496452783,-0.2566877448634364,0
0.7210565377373755,4089.1864541081195,0.05342612744754971,0.08585258164842688,0.013539350300644348,142013.06713447114,3,0.580862198596138,0.9300523738317783,1
0.8243613808614791,9943.685311468587,0.11986005341365613,0.3900445180974305,0.524636462401998,29905.574282732992,3,0.8806448334319529,-0.3514850008345778,0
0.5126056757792898,960.8627652497285,0.4713372403206141,0.02871224019369681,0.003267937762077122,168945.58457841305,2,0.36196078084058764,-0.6995981750898561,1
0.6624339992082566,7118.335663058803,0.6684652551688978,0.14025222110155913,0.9251921752060341,98725.14514617324,4,0.8479691091820004,-0.6468122356728447,0
0.5074018453877653,8491.292698176847,0.6412800749860456,0.28957410473836986,0.5011578935994999,136190.17585452984,2,0.3002594070383742,-0.023092476452605926,0
0.9521849374238961,6662.896083016098,0.1444230862644985,0.335979209364502,0.10006649581792781,44177.85360274039,3,0.8940618595477176,0.8749162511011914,1
0.73800073383952,5912.608196051255,0.6334889518377088,0.26229523940183685,0.34105478618520557,103295.25725880616,5,0.7612547379179562,0.8005599699478751,1
0.6005960705800868,7221.766961298196,0.4048656242175994,0.17818955065654063,0.04606713343096647,66110.33665341474,1,0.6354803531634314,-0.633367547624516,0
0.8613489298196824,4578.756004346729,0.46474378429946506,0.2614631839438062,0.5308954328095885,175709.3314998839,3,0.8201007590614761,0.5089668066212929,1
0.6779151747293706,1367.9365044343292,0.8014304062453171,0.23140592834186743,0.12234321585244168,90613.34376815998,4,0.6335719300113514,0.5047584813335433,1
0.9066200223658649,9642.531665882127,0.33249937267963836,0.4344405687649086,0.47310752111283305,138448.0875527975,4,0.8623114952795312,-0.6693957491236271,0
0.5294443768222198,4606.857314849863,0.14699904716335377,0.19829326229176966,0.30550788376345483,112549.42918114191,5,0.5958987055755037,-0.4036081051580651,1
0.7509122677696839,6821.197753096167,0.8734531335663405,0.27399022069982,0.761583402490134,26030.787282901118,4,0.5499610711843146,-0.8479227855682099,1
0.8186795351648927,5547.449150448305,0.212130575866338,0.28792063244655375,0.482255282720467,102297.7184192969,5,0.9281520116587937,-0.8502815986504157,1
0.8666169180968433,1019.3941837867683,0.2940298705546427,0.10858416893695234,0.848185290854566,101836.69746956156,4,0.8774035465757796,-0.11578992599956273,1
0.7885952401653086,9551.092709429116,0.7065900589026224,0.2668369488193454,0.9413483788590894,131670.58936001768,2,0.777435850382145,-0.03195094641534291,0
0.6042406367959563,8029.103648086071,0.6835503170576073,0.41485981048295295,0.9695248682569119,64724.36282328478,1,0.5626651510514027,-0.9345102250718993,0
0.7933339918360078,1916.4299974592518,0.8004000212838287,0.20789411012346304,0.260196352495647,156310.859425265,1,0.5610189136814104,0.9324576539100908,1
0.5119857432191267,9825.664324738535,0.18386664144794107,0.21087242493869504,0.7675686900033954,115842.59511834075,3,0.658933077561684,-0.02738040200456271,0
0.7281877106135524,7500.563035631225,0.3522798933142033,0.04553844554975158,0.4381108202946,16688.023389145743,3,0.8191948840751033,0.5756803792633698,0
0.7178422138818181,4987.055679068934,0.12588323895626108,0.15866372800116169,0.4261731563406663,130162.08403897284,2,0.4928619634499015,0.2698644282007956,1
0.5239316166362981,6308.015537315946,0.5410391471686042,0.49325406890029927,0.8682304142425836,164184.37470711183,2,0.6381851769157911,0.2386247782105626,0
0.9524662705028217,1513.9984791386764,0.2925705925387012,0.1320150037474957,0.1456689032352314,126135.00620192914,1,0.7700863766794577,-0.3937341085778665,1
0.41495638939282425,5823.909345148304,0.6889356410085627,0.2776544741487593,0.47781030795605883,74599.54174708584,3,0.7266860140265629,0.7742237966387158,0
0.8186284329113057,1199.7801841620644,0.00034436798454107187,0.19777730910110117,0.5928832397138206,110410.3012030517,3,0.8276441630624555,-0.4005245564878135,1
0.9189378584086637,5676.124942633369,0.05968299845957925,0.10576218199875301,0.06612342707742003,39137.706073310226,1,0.41749134944324234,0.9030187272891301,1
0.6799858212315558,5750.609043246462,0.43256030051934335,0.03806733536752621,0.8645142541947876,112213.43050504361,5,0.8712243067199116,-0.9211690152704717,1
0.7145529098207907,8807.168459027067,0.9581841559755685,0.3114956087515482,0.3143391083937209,95168.76657093733,2,0.7938808632132964,-0.770601769495713,0
0.7543777665765594,7388.046252586792,0.8908513873591829,0.22862126771555621,0.6568196473860396,14446.807037811595,3,0.48722203045568374,0.4531339005672701,0
0.8781539340486754,2870.7477260436403,0.9940090280619832,0.1804711845840922,0.9280800015954994,64721.28065664243,1,0.6139037340920692,0.21739504020796163,1
0.94465431553941,8940.04835078464,0.41683022486404486,0.2195512492867026,0.7197547193003967,42512.03234727671,2,0.7541956662548945,0.4341284548943469,0
0.5199744880882105,5945.805316056055,0.04656848627375154,0.013233237490968362,0.886010534759446,76410.82754958811,1,0.709724812771752,0.2832301441378877,1
0.9845976469366189,6260.605046453321,0.3059561420197624,0.2840753384753765,0.06954468221062027,51111.51298694127,5,0.7558204583823973,0.054408072486510584,1
0.8496740356770864,2105.323007610694,0.6757708521739515,0.14829638328146205,0.49273467408073657,151822.27863798913,4,0.6684168290714977,-0.9376248757015484,1
0.8350593306657574,8648.849161706583,0.13516380976741527,0.5588903140623862,0.5648321256850177,128606.19313023509,3,0.6150207699276655,0.6178252501718406,0
0.6738064924079558,9344.168592657168,0.29997217876000104,0.2840778532539391,0.6890388806341619,135819.50607843912,2,0.8372415820013097,0.020295317154084724,0
0.7403425567511137,7862.411170201627,0.05616616454485868,0.17544564553710004,0.1168582539590689,71347.44272777122,1,0.7442922649119471,-0.7883698677245827,0
0.8272616170295638,9437.14830012756,0.47496703839023424,0.13062077416600879,0.6567892800542725,10585.882077439503,1,0.7429308710610956,-0.6150238954473435,0
0.4522556516840562,3371.8490891622855,0.20892067769508793,0.41896630073397884,0.14599355086943244,47256.127674067684,2,0.7880584747744332,0.3240061589824106,0
0.7467851704785011,8680.632099446326,0.09124802689900235,0.6918759378650814,0.06761280721265994,138400.69475343742,3,0.701887645630009,-0.845974168544757,0
0.8302471402608403,5144.484857205554,0.41121580948247904,0.5065069317747543,0.4693192079047128,112482.25724113543,3,0.6782779860181415,0.7389634284138957,0
0.7322117753706432,2057.213427964057,0.35122540437415495,0.2279702297652939,0.6003752860217303,101558.28816271515,1,0.6758990585618581,0.5814713776095644,1
0.9143317235506964,6853.605690817311,0.5375177369454923,0.23324031848217777,0.9581176277382623,57688.389030708306,3,0.8237699452257832,-0.38736015619962516,1
0.34809045489271745,6999.142571705849,0.7490386553136391,0.3015216393305776,0.698625427384633,22876.195576466045,4,0.6225208027887756,0.7670232554107341,0
0.9681385669933146,3225.7828806885564,0.11256873642650522,0.1466987889226027,0.5913907614853575,143427.2999396681,5,0.758717381271737,0.770352464279191,1
0.7120359457484892,761.1866504619156,0.7911255902100085,0.34269029904306697,0.2145649008964231,16571.44655909574,5,0.8481045221451458,0.6756845777256075,2
0.8727274081653551,2398.5489613128516,0.026289979875180114,0.06416082913639973,0.15204436681466527,20053.19970664078,4,0.846004960121379,-0.3846890819551694,2
0.9333250846911328,4297.886702901924,0.4431019024958478,0.6692922121723681,0.6072732247697117,60138.990057277115,3,0.43442409034685314,0.3117246190214866,0
0.5661822536490425,2091.847655068751,0.587430286885882,0.22382046287787963,0.22294903935453314,107398.72515759432,1,0.7334880786037973,-0.09715420954451703,1
0.6232343834855001,2343.2845082762396,0.9569986731397976,0.36937542446495236,0.7066050922070176,178678.50782020972,3,0.9364489546973691,0.07776663788618521,1
0.6876963276928584,4218.211311631561,0.5739230268696497,0.12416434258190799,0.11447709186147403,25409.067816667313,2,0.5511856161235547,-0.18062031498574282,2
0.6504839523003151,9636.972835931323,0.1587491932713886,0.4819225127364827,0.3396358234152016,90439.03587594964,2,0.8191040113350267,-0.9920238045343426,0
0.5656331375388599,7760.31339637266,0.5175418053439091,0.1484887044123464,0.7730867634418224,112298.06152023224,3,0.7207483901449603,-0.9800498403437059,0
0.7855292532410804,3537.609811652359,0.3957839471914162,0.07016554585321844,0.8310370798894452,149927.89087644106,4,0.7104491845860147,0.5456973458227155,1
0.7941079278425255,9540.238654726209,0.47935556760024367,0.38723313137660137,0.34524077354850735,127234.3655695598,2,0.7647114887452686,0.8927676447474993,0
0.4341937583222217,6633.644526457961,0.19709701465908724,0.7511055441143265,0.2067199301847672,147316.06853400022,5,0.6082589963635824,-0.5407884681854696,0
0.5899466155352346,4826.7716240813315,0.5008270423112718,0.3014833428855457,0.9581998611642427,98819.7312101179,1,0.7291627921793339,0.08864112229118382,1
0.8596406105064783,4948.851890073897,0.15003976429087684,0.05285639214342525,0.7610759941452493,83775.03659567429,4,0.7071528450329789,-0.387919263215718,1
0.7487822020879429,4402.072444436222,0.7440430806908699,0.2427522333172029,0.8070592878177526,115183.81393681023,2,0.7055535168816321,-0.044910757923906086,1
0.5785297921539644,2713.424499186427,0.5939062602255979,0.3676929519450017,0.2227516498819424,163148.03761182594,1,0.8958066687687467,-0.7637008840047492,1
0.7356992241196619,4173.005826030205,0.0785276915917833,0.17718788755634615,0.4244386480358294,103644.01756738515,5,0.7266330925447495,0.45081478143598264,1
0.5677950248219112,5515.015648412229,0.8896144679289798,0.49800933565598476,0.06820873124064841,112950.83026259423,2,0.6178657371930225,0.03250519840900479,0
0.5510290274368624,5516.259831937099,0.6163796046156383,0.6693029609845028,0.10939948821982848,67455.94604612741,2,0.788349673856099,-0.3825519432793889,0
0.9312311152759533,7736.500571018921,0.31610705512783144,0.27308518883099026,0.2209590437587774,111340.64574347601,1,0.8294529943905748,0.327137280385154,0
0.8459398595071577,3908.5796429948496,0.04564239952731031,0.20302761603251054,0.303234630887812,116719.90087879657,1,0.8505840434714682,0.022487718882793217,1
0.8868875951519132,7309.581278387548,0.632226695771633,0.25195269234124185,0.9971848029319738,138082.33262650203,3,0.5841713142954271,-0.1914336308028015,0
0.5799511857912842,5991.872468302504,0.37344026134833685,0.3426913364128368,0.4220885651760451,107270.03815220637,2,0.9190635827386618,0.06639100513052343,1
0.7810674045456031,9637.531343004926,0.9076181048784876,0.19632358483656542,0.69787578293396,43583.55009307111,5,0.7144317185107931,0.9073545030774894,0
0.6219827853397505,4160.206797322835,0.03487783271417455,0.3044264218656657,0.9044471767326179,108927.43432348546,1,0.8387396225879131,-0.8614385361881312,1
0.6699891070926736,9061.556410477508,0.039102435342243336,0.0102902588621496,0.24605683179800986,60638.13954297994,4,0.6419426659974695,0.8479585546427002,0
0.6636356657254131,8296.10419933375,0.9492992869069354,0.17397997878248003,0.14472219508379525,24845.164157095744,2,0.6973061616368103,-0.7473336400533084,0
0.8164179464234352,6557.810703599841,0.9648739456795062,0.30034990274108114,0.24325819749491018,150323.63234817638,4,0.7939533855099749,-0.5872579778195346,1
0.6688444812426778,6717.887434050113,0.0277422267726386,0.158020927184205,0.8824216870070488,21232.25918027071,2,0.9795451005431118,0.9583610917934429,1
0.5783035071188365,1304.1743787609016,0.7160332349413275,0.2548596027075364,0.6656860342300409,117389.54995444276,1,0.8573813347155093,0.6200913590772532,0
0.7282996967192203,9527.133753137607,0.22149485232884047,0.3097977407861052,0.4513351232404793,178044.0842099111,3,0.7371977998850264,-0.29657181710236213,0
0.6663751754835676,1515.8926032095674,0.7013927662860725,0.10333847586432712,0.8202827468332419,24895.259150411664,2,0.8797094872756417,-0.1905568118374874,1
0.8261877325145405,5850.716433063317,0.8687327966579836,0.1594883994611012,0.2367264428988085,47422.4134719953,1,0.7870153019110809,-0.4017699473008729,1
0.5982633140195254,3635.6726042669675,0.10083147886227539,0.6091477977524729,0.23917537453960291,139336.71614785603,1,0.7051577043599984,-0.5496581710853474,0
0.5166141725311331,4583.593793753592,0.23876641676204202,0.1492077378725178,0.5672200920222904,26472.002386173506,1,0.9399412699903159,-0.878246028569668,0
0.7095992498816521,6296.738602949762,0.024077668326494828,0.12324696407548764,0.7900627572524193,151563.25433341926,4,0.9690473844426977,-0.9326611660023798,1
0.9634081531442183,9134.088089882056,0.043829845444440796,0.4684318642404563,0.25955851691514653,10045.920800643735,1,0.5011895767936801,0.0031952576841034475,0
0.6143129728258067,4846.887673936863,0.029617858217774184,0.368909358967846,0.2100343385108826,161291.04789381917,4,0.6028273517993875,0.060210977120068954,1
0.7283639875517625,9883.43077541119,0.8006823564264145,0.4276296643115922,0.47397469933910996,21359.935894016642,5,0.5200834493163083,0.5231253060182153,0
0.5771273663264104,6131.714620839248,0.29829267843077667,0.4324755140159728,0.1342046900116658,166736.5742606321,3,0.2946585495110318,-0.8097460181962759,0
0.8095641634603103,2025.2624551006577,0.4932114395719891,0.40866336436021555,0.7478117475784407,156973.70961862098,1,0.4618844521861533,0.029425257685486095,1
0.8967942952641469,2305.0883008968967,0.7878442635970163,0.5670542219628644,0.5773309223244405,101725.73020910645,5,0.7924160255105578,0.8489220064235761,1
0.9014656012655734,7303.054838097885,0.4949436627067181,0.3695591822733146,0.5125412090889476,142251.2668275891,1,0.8237306576564102,0.7053185050798256,0
0.9272893993353909,978.7790453121268,0.4291960626245961,0.44896460295921503,0.8722634135200928,22729.06414042502,5,0.4854878196549816,0.06913815217143826,1
0.8355131227470117,5063.244974111155,0.01157320648945881,0.4643097431333809,0.7325618246287919,32975.134830254276,1,0.8854716204330518,-0.7327314279304558,1
0.7273420729443404,1908.0815431334076,0.5680395025367562,0.04061692401421488,0.14926979195707857,72778.84840395418,3,0.6723895384674218,-0.6878987619541328,1
0.6979785876843954,4615.577034189528,0.1247430781370864,0.2774625205363693,0.4204318184421576,101367.9599744385,1,0.8093937485859186,-0.04532472587818526,1
0.7115035450509826,7624.215509681336,0.7646482407910262,0.2281104158867686,0.32127055500572066,157596.42416147495,4,0.64552256536504,0.23470822326448526,0
0.7744817562853691,4858.722818293624,0.2577377238150196,0.08983733450941564,0.8020694380149382,102255.67607694492,1,0.7607492267365016,0.9572342083581327,1
0.6648045957876426,2052.785535318806,0.6741874108086551,0.3767891825923669,0.7190367841712548,123084.88102339407,2,0.5974877497942548,0.6625851945860339,1
0.8716452943665337,2893.291018388103,0.6462235278246794,0.25235253027797294,0.47201008780533127,125580.35143858586,4,0.5307500196522312,-0.17126379688117344,1
0.5218116403307812,3991.626092195733,0.6166756029300201,0.2632658718517118,0.8236465089353083,159186.58168962848,5,0.8023273102134497,-0.29966570889484023,0
0.5071063619053356,1160.8312431209397,0.2669520075371926,0.27871360576576726,0.41006713801614003,142048.30645850985,1,0.8959820393835998,-0.9730259911172241,1
0.8515525709388396,6051.207542770658,0.26708977717556814,0.30763772117551924,0.8035520302988511,176095.1507417032,1,0.4428225228102118,-0.9845698225545123,1
0.9189932249622467,6271.571017141477,0.8630480434413299,0.26290164138125655,0.03207489493202931,13402.148491984051,1,0.5270855164120567,-0.05112180437211289,1
0.7667171437383701,1090.4433077593908,0.012807332630426993,0.1612144412304038,0.1346189765401017,45330.87501464851,2,0.8924886717234406,-0.8614265039269315,1
0.767788556582097,4321.957551154539,0.18152263345395792,0.08962760497358548,0.75597440785326,168175.77502341286,3,0.6816334266114994,-0.687277781516199,1
0.8867549209541726,4433.006487404887,0.6101709176419851,0.3614129666111139,0.1143892428131682,144677.43751948973,3,0.9032158778926109,0.9607568329495908,1
0.7867347267033985,3671.2859012497115,0.8170462544031698,0.18369046104455178,0.6837610405664207,55451.66682594139,4,0.39082794590612663,0.43448757808873495,1
0.7512009955748772,5798.527533145562,0.35834550867285864,0.0892164115203508,0.7235737981275394,175621.93137047946,4,0.6619050129172774,-0.09549770178154038,1
0.5106800243170522,3786.596155571062,0.6534434586108001,0.02315711709904271,0.6621953571879216,157879.77462990175,2,0.638326960062966,0.71576511075039,0
0.7913501618070325,4455.888155039158,0.5571564196202363,0.24480402765731968,0.818232125205534,20991.728492973627,2,0.7041850124258006,-0.645169589119007,1
0.6598234910450643,8076.473700695253,0.0645401044820354,0.5018896517996472,0.5116170701213639,147922.67364176252,2,0.8855223357888975,-0.22136582426224427,0
0.9480856055189563,2040.0388765869136,0.6217501969306781,0.222440054583638,0.8970370627234809,143362.89426961422,5,0.8229455555855328,-0.4104986666993704,1
0.5009590538213915,6381.589605382498,0.8139034722724935,0.3733882179286282,0.5694962276704746,47596.018751125965,2,0.3245147234285932,0.9909265328062706,0
0.5819188461881031,5303.146816063033,0.9924483202994093,0.06706865424958303,0.507872968730071,123771.90688497778,2,0.7738316772971946,0.8022071706306544,0
0.6135783451027093,3398.180556053816,0.02964007265172286,0.17663285512973545,0.5093873098950423,174938.40623532556,2,0.8236022089815519,0.05216751990556623,1
0.5029081521188541,7411.579236658902,0.660058172583868,0.24240097238015468,0.9120822174846172,124897.69539629376,2,0.9333310939775382,-0.15192085089077856,0
0.8626859271999773,5736.289415640906,0.41454955314796216,0.19437978103104214,0.2436960357867639,148340.0822149405,3,0.8341402634322134,0.9962192049146861,1
0.7585874446467186,5034.934506126606,0.009787888706205283,0.2518133994037194,0.6950354423712031,26895.70835935739,1,0.7633898786489929,-0.5873392895974292,1
0.41188580772358285,6842.858490326401,0.6143609437085114,0.39587439904071986,0.24261578816498652,133667.99418957872,1,0.8253426012714347,-0.18422944333389468,0
0.7244496449962986,8121.757925822928,0.1224272985556355,0.2812460205087458,0.0921749785477739,44808.301330335824,3,0.6783181978545607,0.423537365455499,0
0.5007110203254052,9740.353505318973,0.3785668501891366,0.10532095965070351,0.9537438776332401,22215.20931711125,2,0.6024526453940754,0.40766726974932754,0
0.8438283265012003,6478.828499575548,0.2613670924884023,0.13270857095613467,0.1297253795558294,103853.16215803532,5,0.9606438380220614,0.14848880253806418,1
0.4462856521219303,8807.179861303637,0.36116340227109933,0.1326742659007589,0.6861932515473744,137603.88914155468,5,0.8857631464228172,0.9037795892755751,0
0.7985621729009148,510.369639718091,0.4926955815009496,0.45754910984386543,0.42455872588386034,102946.6271256563,4,0.8344761766926214,-0.506465423212922,1
0.6499480016063262,5537.239080895966,0.3592095324895145,0.3052576652286993,0.8371013666302496,168371.46857599597,1,0.7797908461260666,0.13725665655875763,1
0.6180252259393577,2539.151713316882,0.5527318705895392,0.20048765401797547,0.7732021830370581,128263.27874623175,4,0.8917797285929563,0.6209558903380432,1
0.7094874442726661,1394.828342289803,0.23864969023285376,0.1338300080120429,0.1437684245447325,29987.720079234266,2,0.5682106080525724,-0.5350761817935039,1
0.9210032648764074,5553.724662111725,0.6353617674283816,0.26400049696232564,0.46781674412122565,168868.092981487,4,0.8115782947551177,0.7422972764292175,1
0.4640132718060509,7594.851808416393,0.8537630041248534,0.19589241853140785,0.027532281725476615,35990.95701731118,2,0.7948149289639772,0.27825537987678395,0
0.5764175143570204,4416.588963506607,0.2240670469152124,0.2385472889659712,0.42952351406406375,138903.42541155688,4,0.7446481529427365,-0.23785884067811258,1
0.8211656283431441,6866.020768772131,0.5078772158556225,0.34669349900096685,0.700215822259774,35252.42548152528,3,0.643804807277111,0.2953843748547553,1
0.7737796488093411,5152.332911489025,0.6486897845498887,0.4048404752387677,0.23215621398211705,179758.64688590786,2,0.6672489937498184,0.8561243974727832,1
0.39434416308601417,4652.315726614547,0.5646261312134161,0.3255007936865127,0.8100334065976443,66471.87638151855,5,0.8305034587475971,0.9763512897542947,0
0.734923427170364,3257.438084140676,0.36564944619222595,0.4245529597034169,0.05316482619380636,94307.98475043914,2,0.823552698147224,-0.43713155754893007,1
0.7428245401507712,4134.638387759544,0.6421997080057483,0.06966881384341751,0.03456636216018705,89362.37618740794,5,0.7590099084243538,0.8181486181475726,1
0.6741133962986307,3823.058492547065,0.02824620621007623,0.30915219809074174,0.027452548061360327,27322.52482886337,5,0.6038612406060322,-0.9228273734179944,1
0.8692849919276906,6638.778248141374,0.369906231996433,0.44186204150647923,0.28002687156018324,93982.54999908002,4,0.8567857768983622,-0.9854526119743596,1
0.6876459646217196,1602.1758571518255,0.5326122146410032,0.2092912350587411,0.4671058086509958,35416.019031097065,1,0.7959922193497991,0.2032334376818863,2
0.8936325699805349,1380.045502534157,0.020613158835864676,0.0407486883106785,0.10744701226984499,146336.73902977406,1,0.5282906781160946,-0.036708621847328704,2
0.6610868858024822,6770.123444980373,0.5076488296842998,0.20133214963212298,0.9967435948909059,172913.2836796224,1,0.6999884442207349,-0.06163391777202287,1
0.5525558753541865,5689.831663849367,0.6542544607656283,0.3932615098962863,0.9995610815001386,147369.93503213004,5,0.6640039783965817,-0.5318674350395189,1
0.8397239181720556,4586.900919055247,0.7592076977130451,0.46529688919354295,0.519802366145629,83280.87921899742,1,0.8658045006535577,0.19492277829151794,1
0.7795597353288483,1948.2074018750836,0.1133740814094304,0.155083818693593,0.568009534729504,10403.137482246439,2,0.6458556732604663,-0.9661133785620424,2
0.7825947378446295,4404.757562758459,0.9905648748916949,0.18070673480096405,0.9268083796759692,16229.388312097406,2,0.8776915531840803,-0.13237532512139105,1
0.8492449299022055,8002.45175154011,0.6061677013350956,0.400268246155478,0.7697927793029494,94155.9746394904,2,0.8075097638757364,-0.2661254661657302,0
0.7040167498903589,8951.401739997942,0.36319379261233,0.1679725978246332,0.16794767840868996,125512.8412278525,5,0.9388172651200938,-0.6138928193834166,0
0.8901826647689725,7174.477414660091,0.2490928544567138,0.3380861687527339,0.7924889150217413,149317.3910767624,5,0.5056247428364857,0.021489463847420787,0
0.6072749789554316,1069.1656708683677,0.5728968616834146,0.15885624088034114,0.23094033309305928,111920.35684967668,1,0.38135920519357475,0.38051788421502586,1
0.7140102630259775,6868.892877710627,0.8817116471665708,0.12900998120981136,0.4302478267313734,176313.23146139566,4,0.9073750604765917,0.6259372524682676,1
0.7421947920091756,2789.3631006897986,0.5205653961413648,0.15391084143532172,0.5325082455594556,93942.26548978123,5,0.5455027946981439,-0.07550067385455206,1
0.7910847656939382,3494.886808750848,0.6614720556049603,0.09405935081054266,0.716999299018562,112004.89599273787,3,0.7922546129889441,-0.5202201028387323,1
0.3892928176045165,2360.7954756198533,0.3576964395405602,0.36310576432225117,0.15015029772224453,49117.394938962076,2,0.846121993302214,-0.5802075340564985,0
0.9612992149982423,7869.680010891944,0.3881522880889726,0.029903649833201647,0.07616985478810001,67742.28187131626,2,0.8837982012947316,0.15836996573303752,0
0.7388292771138552,6661.720165054151,0.286175105771892,0.15534668926292824,0.8661233298606856,126132.39563644287,1,0.8645784967975498,-0.22149375024174822,1
0.6888514114742914,6312.433018692218,0.7056372943682397,0.31743791186961134,0.8267924912870483,112279.02672263214,4,0.8671810995573102,-0.36488747976573443,1
0.39822029233988065,6845.739791858123,0.35918755341656505,0.3788870422794579,0.5232653419170278,72840.30959781227,2,0.9080901132062822,0.04595101829222692,0
0.7709507676365321,2749.3364833370824,0.19071640404123924,0.43787906905360247,0.6623638038421561,29036.93204902485,5,0.9739036366798289,0.11284633527916177,0
0.3187157763517739,4724.121936090935,0.3694005711662379,0.1244135690336921,0.7193013195588487,68244.5865233903,4,0.7177997627068142,-0.5323431469950739,0
0.5883596634607103,6515.910354715397,0.8538272078327562,0.47430100480394044,0.47653135706590466,17506.45028570675,2,0.7340306508982529,-0.24339403226400624,0
0.5994513208592297,6547.643262373854,0.7382520435769234,0.38843991219338625,0.25723048558100936,108730.42841619838,1,0.7446459024103822,0.4154007556545556,1
0.6135199811229888,8022.5926961737405,0.3346408444635639,0.40061013661810607,0.48139240720454446,64912.63096501198,1,0.8914668657870832,-0.22520343024640055,0
0.8370460288226597,3227.48768353705,0.9068089648367024,0.6846062833712997,0.9507979909762735,74574.24645040932,1,0.8137300098739795,-0.11179718350430812,0
0.7449789026887997,7818.193156119813,0.07483263511746696,0.2819205850164325,0.837832513562536,107764.99758032986,5,0.5846540722030986,0.28005467161198694,0
0.6219150371508407,4681.752565860889,0.04975379141364322,0.33016270922706753,0.46554749925182304,108818.92567983588,1,0.7615177203159146,-0.6183908639877393,1
0.47298883385691487,6866.64057455988,0.12747035478524127,0.3608292877413388,0.22557903337274332,110018.36293940192,3,0.31685354045573066,0.733588668078287,0
0.4997827334734251,4829.334110620224,0.1164547558586031,0.16508119245442557,0.8896144279034061,93570.50558150586,5,0.8621914212928207,-0.3232005713266255,1
0.8442759976121618,9511.796613013961,0.08783431501234051,0.677023714047197,0.6382410905842303,92980.81368292465,3,0.7652105945867431,0.37531124954785633,0
0.7951769044411091,2203.3715150456223,0.6613426119979924,0.2200993669347555,0.4047399564304932,149607.30552525911,1,0.716808480229557,-0.40558320983023477,1
0.6400319098326768,6912.548341532392,0.6008423796554239,0.3442904997540705,0.11165754102898906,89484.25703392476,4,0.8510218864276217,0.296285422741684,1
0.969014261034478,5977.082507297509,0.6476055105817147,0.15251319512232336,0.7517636373542695,101125.1272875726,5,0.8312453936173941,-0.4453118554543911,1
0.7762816217444277,2140.9448890035737,0.68836605416203,0.043968905891708904,0.3169723725325191,177999.07900541925,3,0.6331557246015609,0.4960998548637625,2
0.7022899740574008,1127.0601902108453,0.7568797524806798,0.3780027416710624,0.6063059142839768,40778.508787819745,5,0.7368943410355464,-0.7902921386042321,1
0.6199557451717903,8091.871695230804,0.20717692748641037,0.33139800056967117,0.5696172320547896,133491.56707285478,3,0.6049405427990147,-0.385027492842849,0
0.8620882544482042,1995.7876696395192,0.6223035132347998,0.07328776907853798,0.6996230772343971,90441.82004621006,5,0.9063323345003564,0.13501225680510287,2
0.6637144564041326,2271.813486464872,0.5800486593363733,0.22423661130611447,0.5376211076322219,151192.08557829837,2,0.8840189877028609,0.26637763091654865,1
0.8221977864100968,9795.125127895873,0.9436600258034737,0.077901900471191,0.6304115532985155,78685.5356446022,3,0.7385937449630572,-0.7236614126819285,0
0.7845175537447197,7313.978089027993,0.23236772423964858,0.16770987861720438,0.08154241874585211,61508.2025934706,3,0.7518663273550784,-0.36093171057339557,0
0.838248934265568,2879.6249952116136,0.058722934374331404,0.2584661923407221,0.6652786726685146,45323.653089733576,5,0.9506619478469158,-0.796423225785643,1
0.5067964401177021,6114.015121440212,0.6534950697145432,0.09138479519599817,0.19419089519869992,158280.3163731614,4,0.9284584155475488,0.6686932964977974,0
0.6333882481515194,5574.062464823876,0.7401728402367118,0.11059720137509704,0.3919807243827068,132115.83873817223,2,0.4671098635971679,0.9673203670406196,1
0.5644525794993154,8522.496041381552,0.28319600580755067,0.3597051877453322,0.5125345226424544,23073.0768030345,3,0.7816702982914147,-0.432397789727919,0
0.4029038270756526,7428.547104409931,0.570848430939669,0.239055023124131,0.6868771765329704,131293.3401601601,1,0.6927349178338497,-0.03377034629383102,0
0.8528198157629131,8401.350692185264,0.059536065534150584,0.5568299475649389,0.7424273430597258,15952.657295266277,1,0.7558718461395099,0.013053689753618869,0
0.6222504996400521,2509.312585784943,0.960044841168289,0.4180089760819971,0.7049226740924658,40876.49067934945,5,0.7984110290724894,-0.67109890648015,0
0.7089959030666335,6582.082441486549,0.10992497329916862,0.1923705566321736,0.0951054590160667,110775.61006194793,4,0.7926587206936496,0.3352232559805506,1
0.693350197933227,882.288154974613,0.06757053615199571,0.7294999587254416,0.3869039711910236,88796.75647968498,2,0.7632402424141592,0.03356316670545745,0
0.8642712982848334,1154.935816652591,0.04411015949461905,0.552124432226568,0.28066507221736725,152882.20884396823,3,0.81037730380355,0.027705927324699786,0
0.4741935306348946,7278.506810693674,0.42727190650335267,0.29306812168342644,0.3984215243652477,113341.36430328873,1,0.7141256197563068,-0.8828372936364366,0
0.5534800268035363,731.9909751173478,0.09715974345719003,0.13022718992482268,0.6468731844459396,174045.67559639577,3,0.7310978174267234,-0.8401612829619995,0
0.675605704449881,6007.767584554837,0.7446482409555752,0.39466263582400496,0.19292072625892376,155381.2030474205,1,0.738520713971986,0.9285826657837546,1
0.8157100302250695,8483.848435223035,0.8988741606264057,0.4019183602893119,0.5020993684738186,67836.60056819794,5,0.8804695683357312,0.8794215600622344,0
0.8383045851012799,4109.447179971272,0.26021893232485704,0.21004089105301887,0.8848715710505801,151805.66086830705,5,0.7442647605167592,-0.9635440468163958,1
0.6169191592745377,925.9841499791714,0.6287731192513989,0.29106018593230937,0.731126857560897,157888.99966172836,3,0.5401583539115732,0.08091816247005101,1
0.9820347630706475,7281.550771472905,0.04233844701181777,0.23767261577659962,0.7253651111894501,174853.24839595068,5,0.4483591825342881,-0.8703020049319992,0
0.602281706948603,9332.021298409432,0.3865644716927954,0.48459148724219714,0.8487163780919049,12135.69765371155,2,0.3170457866048673,0.5862942085857203,0
0.5507449689066201,7313.128224553545,0.29294211342772836,0.434133935763824,0.39924499260740975,158706.53184541332,5,0.6629789444852249,-0.9014900282070213,0
0.9426240948188646,5995.248808526365,0.22861909644035883,0.2569973743428227,0.7594828334050654,21882.2036632604,2,0.3253920409403464,0.09862623212937915,1
0.8445571108095541,2685.2738838510704,0.6447234896286991,0.4089938726799176,0.058704419628011095,99779.69868046812,5,0.6195797546506685,0.23854134605649735,1
0.8736368563738207,646.0684284227215,0.1302279463585363,0.20230691011393695,0.056426964379181266,80492.80175791842,3,0.7039661298666056,-0.8078885671461771,2
0.5739125476995456,7099.385030551006,0.8607105232969884,0.15903058769143405,0.3317986569574619,166379.87558081135,2,0.9683776107532875,0.18874369587541606,0
0.9248453058241185,2694.748670520783,0.6648359063687347,0.2460316915909828,0.19684696611918495,78875.8128177659,4,0.5639064198439061,0.8833551725335971,2
0.6545936685919471,8652.545433232397,0.710735178688058,0.5721637762616858,0.5185385836448358,111327.25455615812,3,0.7078954749418241,-0.8053167732692497,0
0.6773579327343161,4930.459128909807,0.9353443086576682,0.10525395720709568,0.18320246120243344,127619.37429848229,2,0.7275873610546497,0.3693349955850955,1
0.7105368151147652,5541.038032538334,0.9423728715025147,0.3048245068634168,0.9755738762371727,13235.058621047468,1,0.8398382481042377,-0.45749359938592615,1
0.4836408698819673,7662.397170530484,0.5516523238192358,0.19194520890645794,0.8511051310793208,110458.3131205041,1,0.7160677701441223,-0.45276773784345425,0
0.9449309866641625,7904.59077413176,0.49537981728598046,0.38947418593485517,0.9825336990489822,98058.61200608108,4,0.7112189381919205,0.08825157625968849,0
0.8205048193127171,6605.182914265397,0.3353816082269101,0.029469585279998083,0.8077630253546461,110981.4687356456,1,0.5082806042946153,0.8556859333885247,1
0.44961204149845485,9415.102246421058,0.7155716102024683,0.1478082659977269,0.9511096965338498,22876.489869467143,3,0.3418528291817414,-0.538555263771056,0
0.555609696786205,9831.835145043984,0.538208886979813,0.2714091921153244,0.3681052278376882,19444.922903786926,2,0.5678766344371978,0.9866678253162129,0
0.4193530817190449,9495.41172155886,0.9328750797401246,0.038940059292073254,0.49790507787103166,40182.53736623906,3,0.6763355026598918,-0.8170965731099731,0
0.637903816859236,8329.702260767463,0.23862594871260534,0.685299238504835,0.23979384121748648,157815.11486171943,5,0.9253880195235527,0.8803578750627057,0
0.8441865104908849,7203.439592320388,0.31025268625049074,0.5004885117734703,0.6358060637127668,70600.08162312416,5,0.9075973796374195,-0.9643116991122616,0
0.57252087539149,6801.595649875841,0.3160904474199687,0.16651096252726996,0.7882303018238733,83785.53363928522,1,0.7348060761088949,-0.6756478178979015,0
0.7317353383301005,1485.626680745072,0.805998454556707,0.12284269552966741,0.4987421701685779,76328.26775371199,4,0.7863565602501756,0.9527722703062826,1
0.48173355500309345,3079.1012947815684,0.09904033184215233,0.056957798766519165,0.29637283861530717,131442.92211122147,4,0.6977228907119806,-0.4677606710319957,0
0.7845774513941671,554.0381235290819,0.4556491209889797,0.23833442503511718,0.5076721939159259,54110.84371156361,5,0.7123678924639176,-0.9857960189278427,1
0.3804498578829319,1805.3937672229229,0.4275807369730473,0.3672245687160964,0.06289521985639701,21626.86984514831,4,0.819549100252122,0.7701318266906398,0
0.8367358223507508,4672.680033107289,0.0731396210137586,0.16413361100110188,0.7211194518204911,74289.73187935399,4,0.9523803573765237,0.8279463696728635,1
0.9562461043752731,1892.0972324961967,0.41079699854434715,0.05152151734264047,0.4516069714520218,133732.0409818653,1,0.4921430686504902,0.48882573115205274,2
0.8266760973434146,9065.8024394292,0.5133779832839813,0.2725944776023164,0.8982342185502947,165544.56533135218,3,0.7889133595030803,0.8791111092773072,0
0.7230683156873668,8154.142260685178,0.06510469250491324,0.15638831161972191,0.9232503092661384,18639.665893409852,3,0.3482695613203935,-0.46865671603451453,0
0.47499728557537824,1180.3131648504232,0.5098621284446674,0.22879703840235993,0.12550481036463546,147784.3405495719,2,0.42622483051887583,0.2906049396496224,0
0.9232115639854379,2864.6802969390274,0.9592379046834011,0.22184575101213017,0.9961109873181168,21250.626341514377,3,0.8342569209458279,0.48469772093590335,1
0.9514462507599835,8281.182903809335,0.9789143231615323,0.2262588482751722,0.9698225145248404,66212.30504597427,3,0.630261893259599,0.9472084863142614,0
0.6587805137043788,8128.938202318798,0.5316797785898112,0.4864568414218265,0.6271314132549503,13791.259777930245,1,0.9767499174100169,0.7962877408392379,0
0.4723549179308597,9481.780226118994,0.515096932602959,0.49505673706848013,0.8254476725064174,164962.08882278556,1,0.5634540182421294,-0.881873281152501,0
0.7482051251840791,9976.703735364923,0.28550816641639143,0.5446848944378614,0.018436979535188525,130154.12918402164,3,0.8036976943243266,-0.32190064893540415,0
0.8071454131928315,9774.565600790658,0.9971154717121016,0.26079960298238025,0.970385539690757,72752.98945063195,2,0.20332959446333485,0.23024324283307074,0
0.7879390033792825,4396.310864353694,0.27422917102522604,0.06042661137399509,0.456313926489051,74167.61909717276,3,0.7942446619850382,0.7107725886229836,1
0.8952397220059702,2878.1202161193064,0.45290130043995636,0.30816717192295356,0.9097002224164521,118773.28679524873,3,0.9161971567826886,-0.440680405510256,1
0.5006425819049173,7704.896809057093,0.0029340578026765263,0.4778886763473051,0.385124855718713,25240.211827586634,5,0.6841399135585225,-0.9838962279469763,0
0.6462132367315918,3343.0924810682927,0.3492322909091369,0.3598334463805491,0.7881764677403219,34658.267330687464,2,0.7362182193653312,-0.6260834203700818,1
0.9447864345832593,8160.803421247633,0.07144030060882389,0.3098704968593537,0.41794585748839364,154028.11597010773,3,0.7673449658650642,-0.14932186795712088,0
0.5834221678448124,5572.5699387802815,0.7438247703851323,0.47025172149467687,0.36270661460538955,44393.22464157495,1,0.9043139087737861,-0.8777044641833105,1
0.6051239351926968,8042.309114732062,0.5610144530299322,0.4464327319964848,0.9467758027546946,133533.28760991342,3,0.5493376480671099,-0.9153444921692642,0
0.5080226948815713,3120.8588573115994,0.5721718772876565,0.45695586241824365,0.6991115338967018,48386.49347975678,4,0.9633907796205319,-0.1967634983471327,0
0.8428278593752385,5326.259497761298,0.286511285899703,0.27416562159133123,0.8400810903989646,24984.873923117782,5,0.549310598294694,0.2957511870329701,1
0.6555828091247039,5858.226039220729,0.8148962902529736,0.4514701468931005,0.5433581374967219,163005.50175673573,5,0.5314713347660371,0.4210104868718585,1
0.3122346055031524,9459.526643341254,0.003270925331250174,0.12701653814803582,0.9183487451581935,163284.37313945574,5,0.6072191475074306,0.06560594041898482,0
0.9199194991073645,3032.676979888964,0.3336011791641921,0.4243643143339924,0.7399604568901768,112903.02259638006,2,0.6315800971589428,-0.1282532981052824,1
0.645550512752229,9398.538273206499,0.6594974904588677,0.262384176583193,0.072167650754425,88545.75354894304,5,0.8456448286094616,-0.9623003488364368,0
0.7514216125253299,8146.159696924301,0.907922537416921,0.21463393291599392,0.7668707641187623,103969.1868105751,3,0.9452371858611799,-0.4748205266956913,0
0.7421412438211823,7443.493513823605,0.23461595692523307,0.17990463503878326,0.018710467164203992,79381.66254314124,2,0.7528190798972436,0.33974968500767466,0
0.6044565697312245,7975.267557258689,0.541100051727418,0.08502719977658056,0.8290689220598111,138719.68472144427,4,0.765438060815015,-0.10088933040305115,2
0.9138866299006176,6251.537935860541,0.537991420533321,0.15318860693280614,0.33186605219815635,138275.3201755439,1,0.6728722683317332,-0.47175274301966663,1
0.9014993834138443,2818.7600993936153,0.8741743690436998,0.39945561007842884,0.5982847439117506,149226.5336556622,5,0.9643134501400754,-0.5411653658275852,1
0.6613572976532042,2300.2022039786007,0.05051688955984235,0.4992149330394259,0.7493770183509414,98897.43349277767,3,0.7225134054054433,-0.9654693935091283,0
0.7235936420680745,8730.24364057871,0.4244755610707073,0.17162538739871702,0.6369649614270501,146228.1164731869,2,0.9606971380900939,0.6501280512165635,0
0.713251336062467,7388.824324660415,0.18246567479193154,0.08901063646930107,0.672370231226614,36472.16139545235,3,0.7063117699974127,0.7560986621074863,0
0.7356046381197823,2525.440686229016,0.021532600298598048,0.3500754309235469,0.8926657434665101,15122.904081591127,5,0.7158593402296001,-0.2686569200808788,1
0.7055423294092188,6343.386975806815,0.14703094052048282,0.2670464295855304,0.37397198302382006,120169.01826176725,1,0.7414874553580619,0.4025169492742755,1
0.6740174024436345,4751.691573435126,0.9764706728481991,0.079774047358712,0.5471451498190343,27930.923040480284,2,0.8856991775785095,-0.8700762178512274,1
0.7773442104512678,2007.2241146493923,0.2148485095202679,0.2007349965258807,0.17492870424270723,103613.88488419716,3,0.830352102216248,0.7774675246434828,1
0.8590172518547767,5552.642538893061,0.9350307733358,0.5115135915113578,0.46754308217144624,132591.24235018,2,0.801540997613747,0.8135671002399476,0
0.7576618004460467,3174.431378430964,0.20525434263094167,0.15957341368446643,0.15003637082444954,79204.52245863725,5,0.47250630915370817,-0.686316448594998,1
0.9357205995372724,1414.3191794969298,0.9312952273844844,0.3820177271253605,0.6335855461015155,17458.361077012843,5,0.6196658002708254,0.5612143260324343,1
0.6470218511453375,4936.103836181403,0.6546209352003144,0.17384934211296887,0.32425139056379004,160812.33805080855,4,0.7560367958470092,-0.053509117372665616,1
0.8784970844338656,6106.031244888837,0.11321857750192676,0.3758772274096812,0.8590144805405938,17351.657101146226,4,0.8118754066160152,0.3620402914172587,1
0.7259875433346636,945.6108986209299,0.5819151551265778,0.4873647770389961,0.34357763002200603,163807.92667471804,5,0.8501991472949877,-0.05062516565119024,1
0.7121709638023316,4319.88111940447,0.3185140375402786,0.30639030464519257,0.28683389221221,18947.199947347686,2,0.7141490375131747,-0.8426767071166437,1
0.8435677190202072,2947.78823844851,0.3831531559780702,0.06927874508820185,0.4912707964547144,134977.11473964533,3,0.6511235046645645,0.6800823373037783,2
0.8484192818510747,791.180611718708,0.44017095783497306,0.4228966161430971,0.1753287067856184,167223.94957801618,3,0.8172846542020985,-0.8285247169989625,1
0.9096915344943783,1693.7942213093052,0.42270702253033454,0.30388543770893556,0.20380612791014308,164186.65332918393,2,0.6592484660250199,-0.2796958034846302,1
0.81704943902695,1820.8245087745868,0.6641088904830289,0.5645416204538902,0.7831460754122024,161875.43433761512,1,0.5134798453028466,0.9719183352355418,0
0.85527689177708,2237.3053571207256,0.7683680685907631,0.10281338819923996,0.49722540269689186,160123.3659456278,2,0.8196330139085085,-0.14663174001231338,1
0.8408543977763069,8132.086928660252,0.32917768920112134,0.23889121934105542,0.20634194410464934,96769.65425503287,5,0.9406968825422263,0.6405817348852532,0
0.9504390616487844,4675.172731542322,0.9243639616856898,0.7056277868078294,0.031522807239489636,104807.44216423431,5,0.5590883892456453,-0.6621524659394804,0
0.826945221262787,1897.3169265686754,0.9384663140188765,0.15231076997568538,0.4664774576293509,115351.97045422476,4,0.8361201862575282,0.6601305048885535,2
0.7886093715203695,1452.821185814948,0.0406904371511434,0.09056257233563715,0.7426301304033663,162311.22779070138,3,0.7393846469803601,-0.07757152314194693,1
0.6412671541739877,3330.434357925871,0.014908788883018498,0.33405111059808956,0.35119006419099885,152487.27132580042,4,0.9646095409020856,0.019860680943654785,1
0.6690448833819402,8081.147427692297,0.425066330151061,0.3433886121090495,0.24796426966807872,143106.3563727152,3,0.2657914224725112,0.9373091453967188,0
0.5539454037439834,3962.368555426613,0.5906452509876585,0.1683440365599717,0.39637956048867373,124873.11512382234,2,0.2938747784743177,0.7722749299517524,1
0.738291315497492,2019.0249227924119,0.2779047474520616,0.4463766831234198,0.9591295447855405,115125.23273781748,1,0.695524670606689,-0.3044564595272725,1
0.41295146730977483,4339.103724688519,0.25941375108577436,0.28612909369756434,0.4231620940181139,166819.3656578836,3,0.7513699732614452,0.898814703974737,1
0.881783164479356,5775.459794227047,0.6783338297091906,0.32840669152395885,0.2596380875255958,42749.511838253995,1,0.891588728902444,-0.793757448998089,1
0.6530126462823529,781.0497445611315,0.6017042846555698,0.3550822457408271,0.5692425399941724,42763.25071154062,1,0.8570674270980816,-0.947628028319432,1
0.6686192000377977,6462.597113681644,0.16714687499310965,0.35314531291626355,0.8107437417659357,177019.81994454458,1,0.8959647306047477,0.0652770490940926,1
0.3750872135396553,4253.457153640498,0.8845009632651588,0.45809343604912356,0.02233229802338854,104037.035608135,2,0.667054866777637,0.5397945012365644,0
0.8478545062255406,592.3958137463467,0.6799760701610699,0.4028175004386823,0.5581016862290946,92173.6027177757,1,0.8278985818931544,-0.5581199147647942,2
0.8114113452741261,6901.949289990618,0.3625762491690083,0.06396355785210092,0.8363124112229481,154601.2137204469,1,0.8330556812176498,-0.8394104889670093,1
0.7455841067578888,7267.682537845158,0.68362468999115,0.19104762643626544,0.2156237563292125,154460.54687324617,5,0.5226624799639569,0.6910166788178584,0
0.7300143685333137,6473.977991307487,0.11265308676781594,0.3603877383580367,0.9216829795014666,40021.66278279828,5,0.5932779090644968,0.9726337659851054,1
0.8407924715860077,3748.337067185011,0.4682561245740561,0.20151819353951053,0.5776956210173901,39507.292178635966,3,0.8017546675869399,0.3886322835101217,1
0.2500830925738141,5531.246113626631,0.1689844095595593,0.2208223783269822,0.5167264374221485,145195.0100611195,5,0.8085569175961764,0.950528462109397,0
0.6997376903261218,4177.998208267636,0.04143124612843663,0.4243164760315664,0.9636615174607245,143557.51346541368,3,0.8581047622607156,0.6653527567949373,2
0.8759276145591522,7155.906436517097,0.33832627028829976,0.21085755846371396,0.12965171520079954,48281.73690709699,1,0.5359090176313575,-0.49629545079011583,0
0.455841707511804,6044.011769220043,0.15073548348078325,0.24496026358661765,0.7401411661720506,153056.7231613392,5,0.7742078540509094,-0.7804369965363622,1
0.47945079909862176,1277.0915813607726,0.6335179569538247,0.25950518318153765,0.8185712907232665,91608.69215157443,4,0.7817000466657975,0.6178448856956307,1
0.8086639728876598,6609.388803080476,0.6740678940177103,0.3452638142827725,0.48855651729853844,89898.1494944832,2,0.7741169803978075,0.3191969166415316,1
0.5611160571858685,7028.764936209114,0.14869230622660334,0.6531155895008849,0.006475677120053258,177567.91080459513,5,0.9360442008186574,0.6257776053700519,0
0.801003787434222,4021.6707158396443,0.024613005603426275,0.2910242173354837,0.5243365061393193,98266.48141894319,2,0.8454593754803457,0.4367373540593227,1
0.5255155603034298,8819.964919117192,0.7928105616351604,0.2338021345400843,0.15351192882737974,33297.71435596656,5,0.7427966072890998,0.0103161032569834,0
0.7415375212615289,8508.636371027145,0.0020570207285622866,0.13971364271969205,0.562570521690576,57626.48946502802,5,0.6434885279879629,0.8816494703454356,0
0.6293581105917939,2164.0819770475096,0.3439130891837887,0.3414078851576169,0.7386186185721382,66725.95956354904,4,0.8462104267985702,0.5071192251973957,1
0.7656597474541711,9090.52993061575,0.4945832980456698,0.17093524447224348,0.531071429828884,172939.37944403058,1,0.5791244882984874,-0.9829520580598219,0
0.5421272967721079,4688.287529203237,0.8186421885384328,0.1906811945575056,0.6308020104871085,54886.35530747726,3,0.6702467447571044,0.4085191766347447,0
0.8219850422247387,7375.621700025787,0.8385586427461407,0.47475199713646254,0.10394554033009262,83168.49969013243,5,0.7178190008203368,0.08828292347958167,0
0.5177929207555125,8233.921566188743,0.7249394406104555,0.2278723066238904,0.09704572684912072,137438.04341127546,5,0.9071137117876151,-0.7234020703078559,0
0.7146005154604602,5298.568000162054,0.24719762253989785,0.7335526382102229,0.8509407571055965,56596.372473626405,2,0.4918063842930835,-0.12974610339594017,0
0.6010115041557412,4291.468424022749,0.7201869343191708,0.5520477419868367,0.04932986079345003,129279.14904656874,1,0.7992027499209174,0.04833706666971804,0
0.9039515827580443,9196.788001843433,0.24653919787694167,0.17668811903475898,0.28429996379301103,45277.99138062907,5,0.6971374392970761,-0.06309113818627177,0
0.7916758366505231,2693.1087528865205,0.21460819173170165,0.47939116755507566,0.937696579041056,51227.970894403225,5,0.8859270886298235,-0.13124347733484787,1
0.6492380924934275,2941.2157383318727,0.5471279542305324,0.2184478364945793,0.45886711349993525,177676.42935468076,3,0.9119677953033093,0.2623667208898828,1
0.9544052372507124,3935.3929831276523,0.6788544438340626,0.10101288638186898,0.6745385800503287,72720.54957687377,1,0.8048632751130504,0.317198920525098,2
0.5842308458925691,8664.924890720373,0.05305176591168059,0.23861091931218628,0.22169036825494737,134046.6396550529,1,0.8167153350408811,0.39505286110911153,0
0.7430948564395801,9418.48851002422,0.06002260112460844,0.4770173658693448,0.27051288028123954,152810.72647987353,5,0.49289924654195577,0.5228751992241807,0
0.5793056781850261,2590.643290171188,0.7841706868167898,0.17106206949410627,0.5090005474538839,68964.89370702641,1,0.6401714944295133,0.6662988872301034,1
0.5455969143518614,8706.76640249683,0.8594972509654798,0.22165429061826772,0.6381000482828421,70718.81524221439,1,0.7120918230607358,0.14833473094218785,0
0.44891123814956946,2952.9281149514086,0.604440916341894,0.26870286884671046,0.9604611210891825,141425.03826858517,3,0.7960600426401082,-0.8541424667872459,1
0.968327312193754,9721.091844123937,0.42882800970688595,0.3766748203454343,0.5744199705256957,113190.22852400008,4,0.6818458303902225,-0.2704773945892389,0
0.7356537333408869,6175.374973825032,0.8453164795991859,0.09267505946278139,0.09596909794613184,71497.82582587568,3,0.8895387609203567,-0.9924177026551397,1
0.5790545385349102,567.3214407501328,0.7288170327753302,0.4589844028275191,0.36691932248357173,137426.23079709208,4,0.7979896976640517,0.1904145779598565,0
0.7226484987554143,824.2340886761899,0.5795941984312686,0.16093928034558444,0.24416758712776943,156829.8511205766,3,0.43561437391954927,0.9501113644294221,1
0.7152503193890041,1901.1030426447305,0.3197571219487634,0.5261892286895086,0.25440122057534986,49956.508442786304,5,0.7565194588220168,0.6541698655607855,0
0.9173323703179911,2281.944999278189,0.19799506165681624,0.38362427733445337,0.5053874494068693,14140.542762578023,3,0.9019755832247637,-0.02753258522735913,1
0.44102333864406934,7792.381666852668,0.41867303927151567,0.5192944155906738,0.31666642317146,56605.001303276935,1,0.7948756102990181,0.4163892141161776,0
0.6287221589596449,2616.275825961024,0.28682257596021155,0.17972366952713992,0.2893088831420241,124663.23866394979,1,0.6466442658207022,0.48375628809561544,1
0.6679029564348227,9706.845390473669,0.33925858773446094,0.21509547180300106,0.9680189609464458,165592.88277657432,2,0.7294997551979918,0.1896728304688211,0
0.8538198169748961,6543.064543427914,0.5156310553120325,0.34880362639882717,0.5839586261449087,156720.9434431831,5,0.6362409882352967,0.771166497140094,1
0.37589408927089996,7078.916337908418,0.16909395695160978,0.44845549808871527,0.2617788292636377,47769.001817655466,1,0.5712266822336974,-0.3563185576894823,0
0.7987141156790496,2569.2569332094713,0.8061766800738255,0.2559172972848984,0.27586942567010875,159770.02831945117,5,0.6194275443229469,0.34676660110539337,2
0.9458624370405491,8980.709983903305,0.14552946171476744,0.5081274325572396,0.8110281133059211,147824.39242585833,3,0.6568346642294882,-0.8707033926883634,0
0.4310078761402294,6844.238441789348,0.4809936394209524,0.12999944207697706,0.8864758252221002,134848.1615149641,1,0.5896546676443789,-0.7235005342809688,0
0.9210870748678794,8711.853431247706,0.7459713380804366,0.22744816773398632,0.6790312052205117,126998.56939731445,5,0.9636540476424033,0.8769148980648258,0
0.9674712719814352,9586.570423696656,0.48502070768959626,0.3286464352676901,0.43144682451482363,147205.72358909113,3,0.8610201364233785,0.08614668139333648,0
0.686263736997143,1693.589282541166,0.36102206358863875,0.2151007802104773,0.7645740106887426,156494.0164543683,4,0.6571119449355572,0.5087665896047648,1
0.929645762066773,1417.5786875549838,0.47489130582275096,0.049767068520566705,0.9373818913679383,149248.94902304825,2,0.8821406013629464,0.7385751057907295,2
0.8763324307560667,8132.37435260154,0.8486706988741405,0.16603909718478832,0.16620056736630773,30714.218201116535,3,0.609043701517373,0.8682717282344954,0
0.799614658701736,8728.197561394618,0.9904316982839576,0.18221450299232958,0.8617056483165207,132766.31077411264,4,0.5773619268793676,-0.8204958351310294,0
0.8571683839923204,6045.733498340864,0.6311432892894355,0.2730488189869431,0.8488226183429644,153021.71752923174,5,0.7826882994371083,0.40365413124372385,1
0.44621835376042934,3977.0052036299458,0.7934440426487007,0.24056033422670933,0.36650196235666765,41570.02114727379,4,0.6596252620165441,0.2596889827801623,1
0.5794265350276107,6699.981542714625,0.014488686159288666,0.26375493613711354,0.2917861093867715,46345.58253508734,1,0.7820547249811983,0.20027117134890782,1
0.8437560678638815,3403.8086896283444,0.8803644095245726,0.15615874783578876,0.5653101460784875,143616.0856565834,5,0.6887324874052956,-0.7091399549912987,1
0.4970801491507958,2764.6640754579475,0.9540497599279182,0.3604599183939334,0.2722937789077984,68467.96400066192,2,0.5237802354022953,0.5463868969370358,0
0.5926521720884691,5137.379490509022,0.5751693417575705,0.11816949943607126,0.14537730529999604,77949.17085464156,2,0.8350405689559538,-0.36883910740567316,1
0.6172271413935887,2553.461362260607,0.7538048620602198,0.39194220544490993,0.9530789055836253,74117.07717958538,5,0.6272876055228234,-0.5555981663213123,1
0.8514032028092963,5095.184278994143,0.5127447429600749,0.6087055909679603,0.4913657900934262,46181.525126063316,1,0.7758303461353006,0.4145440320210918,0
0.8863095868340188,9587.761801903933,0.2862037404555897,0.4793108747716986,0.4722560837602282,169595.02968745967,5,0.6764521495729062,-0.5692857014163357,0
0.819833657760187,8477.94833836521,0.8522479719830128,0.12736591616132706,0.12610314482407736,146996.1947441494,5,0.8349356499299259,-0.0025324899934846545,0
0.3102814785253084,9445.493735250211,0.5968367119959418,0.2737752100293961,0.5041528652335209,52591.64820858414,5,0.6626952590900212,-0.36495480718380224,0
0.7307470831118922,8160.125261049906,0.579383083791407,0.43779875968686405,0.7428330153945679,28034.819511300117,3,0.8580356802604052,0.6469555229611452,0
0.7164258585691677,3870.1338914896287,0.6591322038412064,0.26317151329867855,0.24804630350265744,73343.73241848439,2,0.828213427073618,0.908749360713986,1
0.969171746999846,8214.429766239811,0.8560031658288484,0.5527183486238617,0.368888657181184,80602.43237321996,2,0.6698410436237147,0.6492395800099617,0
0.7831504758188931,9267.699563755534,0.7319061257709644,0.25525527012825433,0.1789152885839297,11205.662848802212,1,0.8912436076591403,-0.20623472668495557,0
0.8007416452107224,9496.839984452017,0.21112419421574524,0.40345291044817544,0.3550757130827874,160815.8665791765,2,0.43885641848459217,-0.6744198485050923,0
0.7156912995028678,6990.379581507472,0.46682354440731955,0.21019173140451955,0.8612815500005576,154718.26103231643,1,0.5833197325697907,0.39674409726143267,1
0.8913075678703527,2507.983116243575,0.9802983319862062,0.34893449396752885,0.23706007077890134,154527.75895145006,1,0.9132466167271668,0.8073928790737352,1
0.8078508079889152,877.426956964563,0.5545607137627746,0.21057097831668609,0.02954159801698375,146986.5531793656,2,0.6070478776979225,-0.19706630654316082,1
0.7199942536168762,1898.4021675214797,0.9382453534707986,0.20073433101840676,0.5362231892123075,134631.40721750408,5,0.8250541592425192,-0.9184532670217362,1
0.8260945711489482,9672.695719992482,0.813369486313056,0.4651230778405705,0.5794922546806437,117868.5182815115,5,0.5942504227595058,-0.7512953194579282,0
0.75993400259184,4889.9198298313095,0.6660234418087588,0.029080734908196588,0.3289107242094299,173249.1737521114,3,0.9766881468331547,-0.23467267698388228,1
0.9468589754544118,8622.367140904546,0.34936520265975524,0.05859219867045071,0.6415687424797001,130994.08576462735,1,0.9117897529661159,-0.0014460261946640518,0
0.8271995382958871,4917.919458803765,0.304319347525439,0.08623005313489047,0.03790202713880897,117141.66512232547,4,0.6305530383250834,-0.41887098541034784,1
0.6704523956099853,6777.767042868474,0.6434210652975879,0.5515650936176975,0.34057375782591515,144100.26494190682,4,0.6594838168304671,-0.025005386335531288,0
0.8288165979333161,729.3373826621696,0.4325612408464108,0.13375583016366277,0.1445718704140868,51865.275204663114,2,0.7997706405963548,0.9176007151321552,1
0.6238828766342115,2873.7169558339842,0.7987536228167271,0.7845407599189256,0.22980608902141242,174414.74111760646,2,0.7446734457050327,-0.8459123150856791,0
0.6856098859213948,4644.558160404597,0.7604567395401959,0.0667647006394876,0.3825343747244577,13257.536038501708,4,0.791548529118201,0.6070190182348494,1
0.8752597306668105,6490.99494796455,0.3121304867385143,0.04917213586523442,0.49341058283813555,120228.8449835847,3,0.5012886924534439,-0.08934499409500551,1
0.8109588427406655,2129.4512865051956,0.702728783061762,0.17528423527054293,0.09319947460162092,23106.014073489314,1,0.9030523101796646,0.30738389226583385,1
0.7056574097353917,7763.238910569656,0.49455019009718404,0.2507471167495951,0.1013191819631899,155062.00332219587,1,0.6614447236473208,0.9387464756932495,0
0.5252300158741373,3961.8447082942544,0.32329210081399706,0.3616181376600165,0.6740448577943341,174498.82034488718,2,0.32791303417662404,-0.0808885376743429,1
0.7777182117850757,8265.635057721902,0.41296659276464,0.1688291752148058,0.404132402717703,79463.8240647261,2,0.45178796312819186,-0.8079365286130675,0
0.6864373317707485,1430.7063587531393,0.8953518672122619,0.5568197064373127,0.17652195315470331,155717.99842291165,5,0.8398446230008867,0.6558246891658659,0
0.6567883197567269,6957.687582982533,0.3595176921225405,0.45271769345714724,0.23491707995353772,67072.62858558426,3,0.416280572534927,-0.47057365102748827,1
0.9275617996320366,3286.619165461847,0.287399273319458,0.20726795057635666,0.7200562480830933,37098.628057522874,1,0.6031386113680338,0.8104246172267868,1
0.4770859105742661,8056.14015416487,0.3518072207101378,0.4198662585376976,0.05175885303101291,57030.396855151266,5,0.7573786737199666,-0.8361227739882633,0
0.6202721598365964,4320.6190569029,0.2146184362086917,0.2181064794182085,0.5087431173705877,61313.13394065991,4,0.7641268294292175,-0.5440308647708274,1
0.9174558359147428,6820.821506503881,0.5446349873963287,0.16779174184161316,0.3603212405178572,117213.56639175359,5,0.8498561422832923,0.9361384725469133,1
0.6150913974635859,9375.900052046498,0.14743643632253223,0.40647043347393924,0.8111471450733506,145345.1664272811,4,0.7423189346587145,0.7605185075027938,0
0.5489793526428729,695.9530041307614,0.8174437864369164,0.19739752550193781,0.7901070194288333,44886.81305750114,4,0.9419434757969346,-0.5623476694593164,1
0.6346594861716802,605.6094321765495,0.2255802472456261,0.3667001402462171,0.6892016319403468,24995.06466824002,1,0.892037682905438,0.5529301263389517,1
0.8857062375584703,7817.652895678778,0.5980550275396457,0.2502040491095001,0.38478373835077306,47680.81328778386,5,0.7820712040719496,-0.8274146884878368,0
0.7633403535508828,6640.733989326743,0.12502549891989356,0.45789394125652877,0.6312362696929806,60411.42981007097,1,0.8047451414039538,-0.6842911868871759,0
0.6357641788039666,3283.30734479211,0.9784531482143263,0.3291973324848764,0.6398487463967977,57568.49219907492,3,0.9367535622863138,-0.6354427961028601,1
0.7498505140883278,5196.768676355493,0.45457545889364714,0.39251309785206856,0.3321998715998403,47391.57910015875,3,0.413187380628583,-0.9136298262021674,1
0.8954207465225513,898.3888231892531,0.8221713407588145,0.24387800363277637,0.8799748810136931,89220.03498295097,3,0.8515375771802572,-0.0308329590947789,1
0.6293294536212161,2328.2332509317876,0.7686478356499837,0.5055446764143146,0.9848575314811426,155517.08361783292,3,0.5094692936050764,-0.21870150869688865,1
0.592900481589481,4532.715558008091,0.7136930471456788,0.15986321203985934,0.3144399714456845,27059.24493326083,4,0.5785342682086035,0.179184310036973,1
0.8077964763471907,8423.421954104082,0.8273648712046098,0.40458641528710987,0.8012273010703121,156545.10456925983,3,0.9829649148346458,0.3774402338166185,0
0.6782322753388702,5056.838237170806,0.10046360865970583,0.07244970532380247,0.5009082664925045,94491.43327086969,1,0.7223475679658858,0.19068085660613843,1
0.56420128312281,6070.443792996798,0.6784971974719621,0.3552183153243425,0.4636523968635462,122279.56107897713,5,0.40170022851010956,-0.44305752931157594,1
0.6644793264161643,8800.661023940915,0.26582723527378116,0.3594585169383005,0.38656290484220024,148612.41050260884,5,0.634055722494761,-0.8347245652799129,0
0.5481154787472411,3433.77967909403,0.7858716640665898,0.5986652229751166,0.2920253156556346,61735.57870742929,1,0.9302316138807567,0.46403804750453004,0
0.8028569321780248,7156.643550469531,0.9568687598478888,0.39541114663500976,0.9195078621934863,172219.88288537343,2,0.6733846116485155,-0.3817622871522721,0
0.7710827761107304,8685.838957443408,0.9014895298426958,0.11685847998567643,0.7408150419188977,24235.165325102324,2,0.6131426087721755,-0.505888046574728,0
0.9383679973733711,2424.849156613679,0.1149522224736661,0.27774384378071676,0.4407029301108001,99703.29557447712,2,0.9358790758164618,0.38101331269254435,1
0.8594586802174443,3886.5425689044087,0.369552420672821,0.1765114205714883,0.7515646160029981,53316.572695758034,2,0.7743261218271253,-0.1162471519584769,1
0.5883455393444762,9808.196651948874,0.36432275719759977,0.1513589268677712,0.7185996892685677,79350.870558201,4,0.7272350862865693,-0.590957821156888,0
0.5152390994503011,9840.576365564006,0.12229626635953061,0.24891000353643497,0.2673375018124461,86306.90180497532,4,0.8071314655408302,0.5330924374828854,0
0.5350682113667775,2620.68433779241,0.09812605334682745,0.015618854933663065,0.17613230091197973,165466.99293022187,5,0.8218626555886724,0.6127584312104513,0
0.6668174881968011,1131.2354694799672,0.3848901349691817,0.602411501178401,0.8362991913654234,85068.85901893816,5,0.42225619192257935,0.9705738546890237,0
0.8631051580286453,3073.7553074455022,0.9920715504965113,0.328295729300697,0.8114062130184371,128651.13786386725,4,0.43872594675210724,-0.06402540236669907,1
0.9591505276007669,4278.45359438503,0.5689426510662752,0.11958508246412057,0.9968626720667106,171799.73933024646,4,0.6488878932426172,-0.9266555638796974,1
0.7278006242320482,4689.553208846055,0.6217816286042562,0.17709942195310435,0.019363296594811175,94070.53881295295,5,0.5434870492495985,0.03451276017258387,1
0.5501853844461739,6378.659919639024,0.47101891001868235,0.25751700403670724,0.5403806867973612,79412.68789965338,1,0.8260246431936505,-0.9534897264806106,1
0.81739372416179,9045.276221249691,0.6623305523040228,0.1482314617425181,0.7013227509062755,175404.63536982826,4,0.44195882553554156,0.8951705195423716,0
0.8605942036942265,3638.3061131180434,0.9566620807447695,0.1663358711629749,0.5825400621923136,150704.98034347955,1,0.6499996294499237,-0.6503741719213425,1
0.9224175957864069,8574.853087242482,0.5886979536143918,0.28038748492141674,0.7104420268045576,169761.39439988273,3,0.8198416438392082,0.8507927291850128,1
0.6954020140841422,1388.0497488029555,0.06503845972119326,0.5174988202732921,0.13726121470776387,77528.28854517295,1,0.9051909090739311,0.9000404614681967,1
0.3121664805139542,897.8096402455399,0.4928905691681986,0.46980059679555325,0.0015160281700767886,128375.14639508507,1,0.9141867450613608,0.5509134575042054,0
0.28375139287438766,5288.4292396728815,0.9927512732519512,0.4032136759696857,0.09303205418160543,52433.79762128675,4,0.8435882600239424,-0.8253857820118824,0
0.5541108515760089,1066.7911216407465,0.3874027205942633,0.11622108269912496,0.38005981306778125,157189.7415079576,3,0.7037806442218058,0.116729567102837,1
0.6964886425619813,4228.653111725187,0.5938812372144722,0.178892191345342,0.32893328787676723,168623.46020422553,2,0.734005613458382,-0.2914724547484877,1
0.901896436300885,9019.392110257726,0.106636763428817,0.37104804012249,0.8740031253606487,55537.29713389906,1,0.801997396829942,0.6404267296123911,0
0.624713260634122,2794.088843970997,0.1411804987365669,0.1587304972259659,0.08352627442809779,27838.509237357786,3,0.4993863424810927,-0.39557107154973914,1
0.8933109989515975,7206.76986368658,0.8746814531539625,0.32507168373366513,0.4427061469512802,44124.90679877491,3,0.8152341105802026,-0.09749162738481032,0
0.8145143594963011,3372.4712277056356,0.30034462825161146,0.04060566581521621,0.957822438207044,117581.46219914389,4,0.8017865206929018,0.1473829973354075,1
0.6318061546353155,926.7405248002883,0.305451273354593,0.34364497526506105,0.5029037479119945,56271.15880649993,3,0.6235342110120959,-0.9293563739875315,1
0.8270735688006766,5788.560523397939,0.38721299600232817,0.6144811912499701,0.132400087576112,118563.8419602859,2,0.35357666893825745,0.21776190857451705,0
0.7732231850870134,8431.108160099142,0.9664786729045225,0.5079401676582123,0.29126717233483446,69532.07925661112,4,0.7475483267658927,-0.31147186156900064,0
0.8811782502352599,4389.950259254884,0.08439049603687643,0.5007022795820688,0.6267914842327719,165862.02525879836,1,0.8757312731230342,0.05835444878184681,0
0.7518698360449738,6364.291351351827,0.8187641025513349,0.3971482055593273,0.011989478562731581,86941.60627619048,4,0.40496211207780813,-0.7503408312873745,1
0.8086347977171185,9050.224177748396,0.34155787646598645,0.3144493237711751,0.968100326419271,94595.7320019136,1,0.7162373867420383,-0.32835823048086166,1
0.4299921968369333,8002.097871001384,0.8494680259854749,0.6003995408220698,0.5669768293898065,69171.04375166717,4,0.48931462238007034,0.1635974474427888,1
0.8747790852827905,2341.825794231783,0.9917556495045424,0.16822536882460024,0.7041391808571285,22416.43248733132,3,0.7570995913673243,0.14316000163488773,1
0.7563568106719536,7467.147613967555,0.34866741021174785,0.3916124008714559,0.49896110831901563,93918.15860901865,2,0.9169387718565483,-0.6840762771165037,0
0.8348676585730097,5267.983739021444,0.12935636621235524,0.4448944185644261,0.9579242002407954,141641.9568958859,4,0.6972107699111596,-0.1706058667441943,0
0.5875724363469984,7586.684674917805,0.14437549798292826,0.16600146745485753,0.5892210515416543,172012.50798548717,5,0.8409534577618656,0.03900515970865137,0
0.8880105434170363,5197.897729961072,0.758740890949186,0.2596979993544859,0.6619836924038669,23017.85493854006,3,0.727231099964559,-0.8375498785848039,1
0.45061947375610517,1715.602559028877,0.14492155233813653,0.25952751710302363,0.8608375634384855,145557.57948830829,4,0.6500895179467211,0.19874396929129468,0
0.6667913855124249,5914.139743547772,0.2604215685346366,0.47801206567180093,0.8615566570589134,55400.44640857049,3,0.8290194260371914,-0.5365614948806996,1
0.8964576049765773,5175.272927774729,0.20439834366207976,0.25245918201786693,0.028171348821780517,149878.92132472363,5,0.8630256724780114,0.840415473483394,1
0.8673906642410062,5420.256469593697,0.3556785640309825,0.19873343026957924,0.28330087734347154,68142.30691138905,3,0.8198362068890704,-0.4629122588385022,1
0.5453972832512601,8849.573309635767,0.07436657514968747,0.47671196871111793,0.24631813241316192,29453.650772225177,3,0.8950135265308785,0.574719702434616,0
0.6609553055093229,9000.951943709388,0.856742482407258,0.614774135772146,0.006644896521408983,114043.26753951852,4,0.8120267417269179,0.16432068213522744,0
0.7919268829976335,4808.602514274325,0.8601463118009935,0.5666794710577278,0.8767825506922978,161963.74630903968,3,0.684196673645412,0.3706940222361981,1
0.9400767392962003,4829.454392160839,0.41293289848268977,0.07592043096156094,0.31714006971760356,40870.09879213365,4,0.8176112516202934,0.8035240828112526,1
0.8875430017008521,5394.276109289852,0.6120875690234753,0.4365231829872941,0.3469527361265474,13706.851062702899,2,0.402634937262239,0.6956266988602948,1
0.8207081059377743,5436.098144175441,0.6419515709043047,0.07820743291383517,0.09962239482293478,160253.09430191436,5,0.25995954154118034,-0.7445098344024972,1
0.7271483201553214,9528.67786970157,0.7492581153459288,0.4938159931903487,0.9897212891493402,128631.03495382617,1,0.8822762245319056,0.8674888833353209,0
0.4838588295403658,6669.304440086188,0.5206900875440511,0.5546716546071596,0.8262511350011034,147478.34964545042,5,0.7778159710787781,-0.7226519327520464,0
0.4403659146076873,3135.8414514354677,0.510336045441686,0.28160548269008234,0.5718623131187073,20172.42533693956,3,0.649949311974329,-0.367221317192876,0
0.5968679856546172,5549.599571062904,0.6313037773282109,0.10753511164384111,0.7719303556911045,161377.39636275513,4,0.6656800600767055,0.046266834627213704,1
0.6476796160376396,6458.624037625837,0.7030483956698775,0.4407638906211047,0.7771131007235466,81256.525916315,1,0.8688833060351312,0.8666989965842002,1
0.6206916328992986,6577.831349632663,0.34669037702925176,0.07188262440994096,0.6567313025480612,162594.91837954117,1,0.8173424225086553,0.2543717917534576,1
0.5302308769721726,6059.915149262735,0.3303704732688151,0.08885678317932914,0.17401118561876072,21037.20199259618,3,0.8154165583913622,0.7499021900738179,0
0.37849350920365665,2188.493468904605,0.2697184040959092,0.5130281123222538,0.720314858368263,160417.31148357128,1,0.7943472550747929,0.8834419196264023,0
0.5421428821963367,819.135296255321,0.5488465553127485,0.10521800571156206,0.5696174169552914,124474.01166702776,4,0.9487028902731259,0.49696934257646364,0
0.9901003480838929,3709.508997485117,0.3601556895557724,0.6503109244191878,0.7240719074812898,104225.64604072903,3,0.39140762275033675,-0.03618589763166802,0
0.8239765433857025,4561.460468322409,0.5403132677076319,0.5068272762818534,0.5434532138857889,20502.740154062507,5,0.6037351030438265,-0.22397187209098268,1
0.41470054681618934,1087.1402759728228,0.40598476582692156,0.20007326164245762,0.9563370620687531,127030.97999164906,3,0.7890345728068227,-0.4496624754370282,0
0.9197147211996719,8242.189711188537,0.8367341825526609,0.07382520268787188,0.6270254304944128,111621.60935625627,3,0.9023934455869688,0.013185445739617663,0
0.5495766212673947,3768.7356563476005,0.07313023974546073,0.11580115888961236,0.5736804424688162,133469.1165762933,1,0.7944396938827807,-0.9039275014157486,0
0.47335855141881633,9179.511088695794,0.5722105936046746,0.48250988472395334,0.8427882149851634,131841.85746211495,2,0.9250153017785436,-0.543702630150039,0
0.2758299785540607,1966.8960245015192,0.5756237505871977,0.7458903920392346,0.3792365552235778,85434.83493503927,1,0.8641158980997794,-0.28333786756990564,0
0.9088526805715118,1040.8820909044775,0.38371731053869984,0.1855929423276124,0.3157936651876112,44795.806949967315,2,0.7706959537648643,0.7067613286584975,1
0.858298066150418,5082.002991670057,0.4210208945631432,0.5599218537349778,0.5031688334449135,166224.61431892207,3,0.8259965496471127,-0.247788549699953,0
0.73941717147013,2296.728699844213,0.8001313608829286,0.35106647104003236,0.5844675114130362,167350.22973689702,3,0.7352268004672864,-0.5209522204041628,1
0.897910268936181,9405.29311798968,0.28067371026033483,0.30156470065785795,0.22048212507991283,46028.32107314429,5,0.5170047074084831,0.5653848329867881,0
0.549765435506955,597.88228531052,0.8714037914261629,0.35729335677593593,0.6822815134417629,117211.06368559189,1,0.7258291822003345,0.8863182063030417,1
0.6747891464155392,4419.886913060833,0.8963433041346933,0.3454252891978468,0.802374697146348,44487.99110967727,5,0.45702035146448006,0.549568017008391,1
0.7790099572511235,9304.1038277791,0.650619304402196,0.11984073224839975,0.5773198303082313,156408.1670081631,4,0.9094374892047057,-0.7484601745427748,0
0.786637741573654,4151.9729639328,0.7728577137080984,0.37674806680199024,0.5229635620640526,26696.264017015998,3,0.8525580685408568,-0.35933937987641684,1
0.6371005102330926,1384.5381657043772,0.6129475283544884,0.4246079400811728,0.2946422290443811,178333.55467631726,5,0.8626357885970908,0.20578432774612843,1
0.9199867958955543,3377.5019571869775,0.5252591137465916,0.1380331327585206,0.9095830238161666,113846.52536915004,4,0.6338189601602631,-0.6079691129863918,1
0.5953354209373742,5231.098741427118,0.9666777542502296,0.5451598374352707,0.7544997324949033,13895.138283490569,2,0.6134031581852911,0.2731613923778242,0
0.9409577477027204,2258.941029761664,0.28265496422746417,0.2732420041836342,0.480286867886106,159923.56624072438,1,0.6742249892466956,-0.527944426825192,1
0.8811210042934698,4932.336198860988,0.15415094664311213,0.05258847283881257,0.6591069138151928,126357.89347204154,4,0.8624403864345561,0.08542232573554798,1
0.8575903959937323,8445.260359965456,0.28748536314251527,0.11712775781669497,0.3368793668083587,128544.7986301924,1,0.7690549315372306,0.41352277442101104,0
0.3676930147030134,8789.870716867823,0.6146256083794451,0.10663435894988353,0.0598174251378899,56755.49293268292,3,0.7238542471190264,0.5736253642678446,0
0.5749095772042654,967.976979751955,0.18518343810114368,0.1920776109644953,0.20392761381886404,67255.38064708744,2,0.6822169417331128,0.601117254362163,1
0.5578868392784313,2028.5819014994481,0.9088140432263141,0.46547013954731276,0.07948813005089739,165450.9487028373,3,0.5679851332922887,0.5495137855785472,0
0.6407829062707721,3115.2562897846396,0.4110244006653927,0.40499907295607374,0.5081756815987376,117942.85688253662,4,0.6318336427014778,-0.7257968740066367,1
0.764396810598541,6151.225583432217,0.8499628782918436,0.06545096345221083,0.6220636309768005,12882.203362497126,2,0.6794136838152043,0.9786465726937037,2
0.5304249780676628,3929.4502085284375,0.24923654452881672,0.10001175543209415,0.3804462922631302,65659.19176935276,4,0.8484679603760356,0.5443054970863208,1
0.5026463878841413,8518.388677737716,0.31316835508274754,0.7266134193810476,0.530154230028589,111752.34907180874,1,0.6448316867207927,-0.7917340610588992,0
0.6426950942869315,7308.382748687907,0.059223397172496584,0.03659757509267189,0.08543489398296866,35161.10878022516,3,0.6630161971836716,0.3951342531849098,0
0.5762363344223097,1454.332219578328,0.25776769218557394,0.3168569785136998,0.7699584228848788,26709.48695709039,1,0.8814460193144743,-0.059997679584463004,1
0.7562156582716282,6433.296273864867,0.4903138189633014,0.03584928530537162,0.03278204744062874,20095.42717803581,2,0.6008087054795642,-0.1440695440744173,1
0.24579409510970907,1573.619940796295,0.9461369177232423,0.10785421347758954,0.6344255835658051,117198.55558776889,5,0.8608646324902978,0.3532276515426913,0
0.8087988327417452,2922.8388615463705,0.3889029738914982,0.5860021225195468,0.43334654168671394,64501.562373677574,1,0.8593691735281054,-0.6642083284248701,0
0.7967567970301485,2189.7710185751666,0.6397438794833459,0.29027050072582467,0.18380374644785302,73525.37147996058,2,0.5468641359639753,0.9988583642193873,1
0.6723800956889447,2144.088517406697,0.42771011746878795,0.0444935553243102,0.5230558707238435,20206.86311676796,2,0.622410357700702,0.08896950513162816,1
0.8056417416286377,6355.7574853801625,0.046791850767941234,0.14298325668924342,0.7809482289675277,135463.20017935353,4,0.5523297995617826,0.18927046152889715,1
0.8395814399380263,5854.246764264534,0.5035326258967027,0.09285085376701938,0.41352241467067663,140348.65383287313,1,0.9250169696828034,-0.14961319024829822,1
0.8145263258793876,2172.2674514834052,0.06591364670392086,0.48880841031479194,0.36770902560413454,151004.04441390754,3,0.7179196050313569,0.21184241356400046,1
0.8810850010457664,9906.641651475102,0.883699924597536,0.18914684332584492,0.1424603863555428,120782.76891547476,1,0.5759335223364073,0.32802430055464216,0
0.72432742097206,4507.448957498791,0.753036961950914,0.27460063941877433,0.5945759856285093,141459.05739260578,4,0.6770225218290802,-0.3090089170404655,1
0.697698022231626,1422.158617471898,0.3786514712523662,0.28253656404527316,0.8280137139885911,108128.48984758185,2,0.9035699219877414,-0.07583044334756583,1
0.5629119904050397,1645.4056610735938,0.6402186661912898,0.5253685691926254,0.561341550279908,93578.30030980092,3,0.7979251864930977,-0.4888068646789199,1
0.2229198795568796,6046.99028040265,0.1120281553133321,0.44031809609651085,0.16508756220266207,54168.13196930751,5,0.5592752927892033,0.543904136805742,2
0.9001966154961385,9801.159332142992,0.7025549869626508,0.5695998493499631,0.6612278302281492,19074.180004757567,3,0.5802626936553026,0.4747482036260686,0
0.6119664730219647,5933.53546538238,0.8227324089914695,0.12238680018958613,0.0301417647083686,59609.73432681543,1,0.569285185356094,0.6218678746359678,1
0.8696099869420423,9515.894027858054,0.8217456485382345,0.07508600276143602,0.8380539483285983,126216.45624238849,3,0.53873776757242,0.4056652881672438,0
0.6589108483490911,4719.262082201254,0.28427754769065583,0.23737830144277375,0.9214951835301255,167561.9364017073,1,0.6538953362071358,-0.9597967353753085,1
0.8872000277288936,4640.4904846941145,0.26374619527682663,0.6346913541370118,0.5970364898591746,53556.33344273428,3,0.5271135211819852,-0.6177036704869405,2
0.617527671539035,5250.069913500882,0.5213976879026785,0.47349261616144805,0.8817800007957044,123874.35499219512,1,0.2732074017285197,-0.22277420096173728,0
0.8058063561857409,7125.541852477775,0.9677721619298484,0.38603371263757086,0.0845055790976359,91301.58993231191,2,0.7375546918257958,-0.5316298423511097,0
0.7095057888707365,3992.35168128766,0.9205229776060853,0.30225075345376784,0.2283444941354401,116683.23105331672,2,0.3118544446458916,0.06339716097461112,1
0.6502240687098935,8706.917310450091,0.3596384817559818,0.13793694826413405,0.3172606369914458,10275.713293641653,1,0.7389632982854992,0.7962392107334917,0
0.6139492409565789,778.1731552973893,0.7798295061830441,0.35685488396813586,0.7731667073308754,30851.029906717315,1,0.7881754509806116,0.4761039657999946,1
0.5396112341332098,4677.759852770202,0.9213177640914574,0.024719084133871205,0.4842398450341092,46893.591050108094,5,0.6716724276826859,-0.4669063176055026,1
0.7172780641504304,5354.422574809219,0.260926465717605,0.48656891615255504,0.34834746190716215,161886.70294553746,1,0.5251375125045772,-0.20486099055410767,1
0.8124150850081667,6266.806263499414,0.8302956496029398,0.38760263490959723,0.1580696991601639,16889.701056831604,4,0.6141040705530892,-0.8960955326676565,1
0.9611310148091655,3122.683167475701,0.26789562690917657,0.220321464651856,0.8106429943234317,106837.75665578315,1,0.5567495030015698,-0.9875224380332157,1
0.5935724304734973,4561.059724365436,0.34328212588721063,0.35805953338850677,0.020523420568870132,167868.68386154424,2,0.8968800438649421,-0.14973168575648788,1
0.495711310235547,5103.108627033538,0.19882069085075416,0.1720021029864294,0.33727046554477746,120851.8860381182,3,0.8399662130051312,0.45587225472031667,1
0.38788182217419875,7025.644797490526,0.5070797990727135,0.17883856838186293,0.24277560530398157,92348.7007983475,2,0.42222463526580173,0.7216165027604975,0
0.5088655621270421,7848.669754990233,0.8433108942612412,0.43126315012862304,0.12901034659997057,75618.60251892162,4,0.4756482182603453,-0.13704770600880467,0
0.7023572628842095,7509.359609765978,0.5280521374355123,0.4306784065176498,0.17204149769404276,116113.18091000475,3,0.8304224472583807,-0.6394916214034343,0
0.6800143486173388,3745.0389967510605,0.12344000969309754,0.09777338963534124,0.49379705613609404,91665.47559662463,2,0.766765499518692,-0.4772508599497871,1
0.7711527056085214,9994.779968423654,0.25177593222717,0.20056024468515865,0.42605649477588803,129920.0302866989,1,0.9203819139354038,-0.10904574061119754,0
0.5234996111754139,8562.320461978205,0.5628618672813389,0.2615335856880337,0.5183692030149362,115021.67865622263,1,0.7298355217612009,0.29917651427878744,0
0.7784190351697063,2970.222044877205,0.5831874555705602,0.39248021459737015,0.7276203702273595,106459.47534227293,3,0.7240553371814756,0.08566230700783817,1
0.7703606911821439,2353.5051538918615,0.5769059035448698,0.18616688517041363,0.8923287636881861,172657.764264289,5,0.6196693807653216,0.6812297540801484,1
0.5730715330827637,3483.2018805422094,0.07700349250621596,0.39500810081286647,0.11846207194761571,152067.627456127,4,0.5877497311541058,-0.962957673216237,1
0.592381504423185,4797.276103496626,0.7536958926347542,0.6084738445093681,0.0826778582483585,113505.84994762835,2,0.942698034998818,0.9842535933503855,0
0.29713747338061924,8582.594094036333,0.9094281989890066,0.1027545941812866,0.3203546550046542,101570.5388231395,2,0.6252516160332239,0.8584124170703333,0
0.8720884127292534,7894.441506048077,0.5105189477298999,0.40410554038568053,0.546301150413659,133070.43682675652,4,0.9400467074456065,-0.70072889347245,0
0.641771241956037,8586.838173305823,0.7188292867718629,0.10337783734499183,0.09988735038591845,146665.64196501125,2,0.9149774907264848,-0.9036655547844032,0
0.7771090415830071,3083.5925916481206,0.9140154920365512,0.39824724128556493,0.7159717842411182,60190.30471112425,3,0.827581275211202,0.2353121728040768,1
0.6622507607707725,6137.881613292444,0.6426227549480159,0.1530704413814633,0.5560942179322218,123381.02109562166,5,0.6476271687223447,0.44280771269527497,1
0.7576142074974568,3190.8660916350573,0.6743257244310511,0.4093188033574758,0.7484613045780989,32976.25492378825,3,0.40807637760759435,-0.0494488169937608,1
0.8383614372166761,1535.7200268351849,0.7214044133839546,0.1725289444159371,0.3579138024289319,83176.72507669684,5,0.7054690662566191,-0.44346901779711523,1
0.7098280727074674,6999.878563009466,0.26050245145406514,0.15768210584391626,0.40109656825751794,169534.20817318305,1,0.927355570333253,0.27830766961062103,1
0.7633582625301942,1858.4767363566684,0.5826778747168274,0.2891076325063739,0.80757156565936,65470.89054988569,5,0.8721824243929727,0.27167327933862095,1
0.8724958896467461,6843.128736211479,0.8421751145444563,0.145715318227195,0.2670094565289416,36219.9515038691,5,0.7726316384577655,-0.7033356017648482,1
0.7498052532280345,6655.660896601386,0.2961627302607507,0.07578823585606254,0.3814169278677553,34844.79575699712,5,0.8264693200482166,0.5989723413055086,1
0.5797840086618884,8197.360222028161,0.8971704995968602,0.09630215361974998,0.013493001193543464,76933.85692044022,2,0.7180217047393309,0.49902170404942425,0
0.5044829534605119,1825.7687433538617,0.620381949765632,0.0895219776141536,0.5553207730533509,48279.97362802832,5,0.921601609563969,-0.8303476389731166,0
0.66924524981356,7943.061410833703,0.4231748514330562,0.493129955192512,0.8514638001660191,82576.53667755268,4,0.8643304580460057,-0.07507383939227497,0
0.5245514344085239,9993.126996489253,0.623182961400293,0.29693715569261514,0.027891286898406253,132210.56966063744,1,0.7276995705030543,-0.21317854462654018,1
0.7950839619433079,8584.90326156607,0.40185990568907637,0.518692405084793,0.6137897030751094,160987.16010667293,1,0.7630009236327742,-0.07505600124245415,0
0.2861145013176797,7642.214725112829,0.8380356018481746,0.15106405595653918,0.8454485327919358,28728.31034558645,2,0.3170691910598689,-0.07741359077643661,0
0.5748826514942669,6790.570869599722,0.4823185800675971,0.17500360593094857,0.49393188467725546,140629.40240324725,3,0.4900550474772977,0.04809678411778395,1
0.760157198293643,4506.92410451158,0.9012133597543367,0.5801925619676885,0.3130216410735015,27591.648372341926,4,0.8977596433729215,-0.44559169796850795,0
0.7351954099847685,7439.751594970221,0.5098080808478265,0.10467208832814744,0.9965838132388646,74503.82629054785,3,0.7491228435743981,-0.06073014227830842,0
0.7826958399251125,7379.691333834306,0.6603683896373872,0.25704455343233956,0.06483122559670595,179413.17228374982,5,0.8698895819762716,-0.8010107865957201,0
0.41555545613869715,6499.233685529239,0.9977444210068506,0.43449853176468556,0.21042347979553822,21675.215384369076,3,0.9145085106857773,-0.6466240391806517,0
0.7786355405223672,8064.64459382937,0.14696584100854115,0.4912398841233086,0.8852446146055107,13889.77564885604,4,0.7833439005229036,-0.8239356605550905,0
0.520553987786562,4763.256940054929,0.7367291487334057,0.11608629637158298,0.2973068704803037,66720.27335104984,2,0.7302283536829524,-0.6276508093998758,0
0.7950675011936752,1651.900765257711,0.13887222791593357,0.35686677011684564,0.8198466612145746,171690.5409542495,2,0.9940828224278068,-0.9913381490189193,1
0.6135566763190784,5811.143412287755,0.8388663657643962,0.13880111329515962,0.3332012939600003,13406.527072431536,5,0.43609805192674356,-0.9243384928762368,1
0.5943641376214134,3017.913522757755,0.5964533811620116,0.7191012068963455,0.8119809554759236,47860.95724857594,4,0.9708503271473374,0.593268931087886,0
0.7027246211479126,4152.114425576927,0.9381595606064592,0.15308991114221246,0.6857287645889586,112537.6065249445,2,0.6763636667820346,-0.6017453886616788,1
0.8230400516177594,665.4415874416472,0.8659566019448683,0.25889709188507437,0.4685224367247839,49738.06854831522,5,0.6445344725279777,0.039979717073758136,1
0.6154390936695966,4136.510585219892,0.07487203746882343,0.1487219965046335,0.5229453271460345,19147.294348490715,3,0.4670906864026432,-0.25926099055971474,1
0.4360130247787032,8183.610508286819,0.1373025416788609,0.47946034873127524,0.17765954827140185,18915.599708027243,4,0.5984846154557859,-0.3419420951075578,0
0.7175799011359543,5655.862485913421,0.6011709286068252,0.4798325360306177,0.11588394861518658,105057.08838597804,2,0.7290875987400375,0.7142024316064866,1
0.6635569561271767,593.1050058727249,0.5183146399420748,0.4171439885999152,0.7169427903263924,105521.96464321754,4,0.75373555405941,-0.02754457763390694,1
0.6963731189654453,4963.516292278549,0.16856513061344458,0.12333226283770476,0.8485731812163992,130100.54890404333,2,0.8413527373400883,0.03361021415433152,1
0.9837069490752354,3268.7906526313704,0.1293592282716498,0.423601625067032,0.7219708048703481,32395.992371268472,2,0.9347976408826852,-0.081787146395087,1
0.7686149033847789,5036.731226273126,0.5639907834416131,0.08715578317650893,0.9128647058937184,94974.78779995331,4,0.7586940043623702,-0.4621236400756148,1
0.7892737374300461,4344.580853754832,0.04892154797499948,0.06095794891710681,0.890078414194781,112161.358586213,2,0.6568545501351126,0.3665030641422269,1
0.2846823742858305,9353.802585795123,0.873735302953439,0.2743072029013742,0.7781872785868336,47803.89592304052,3,0.643752976998168,-0.9056408759878607,0
0.8924318438363456,891.1843401486501,0.8070829198026205,0.362051573686003,0.898126920077717,103048.25419980002,5,0.702533797916551,-0.4370526577284324,1
0.6010272733881218,6994.0861071783565,0.7853699717110894,0.5800643832966726,0.16722360380729484,130400.51813088966,1,0.682764656343263,0.3230324999590837,0
0.814758861364985,8584.752664866544,0.015997147040741067,0.04211006813145649,0.7313610673707432,178442.90695787783,4,0.6895641454109259,-0.933165697914881,0
0.5856101061923027,9612.766554179516,0.047640943412737946,0.0918723583081578,0.7536766034802175,111391.85984674937,4,0.8603096481431557,-0.9485844518294224,0
0.40321430223804294,2187.544152170811,0.5498391211507286,0.17799510979221717,0.15397657513350937,156402.43547723693,5,0.5276294455112082,-0.254469698782116,0
0.6538880884041627,5547.395618678842,0.9944256888941777,0.1976035271106598,0.9095832719678075,151724.36741135773,3,0.48944314746711864,-0.49764318770331606,1
0.5724410868252325,914.1009845135131,0.34231620097135174,0.5648289611005841,0.008785234785470775,169845.37259953268,1,0.7596523172662518,0.4019210921030414,0
0.6235128881609776,5242.243482323341,0.34437481640534395,0.2884115177032278,0.43460499627847526,132919.45148805494,3,0.5791122010583869,0.5118858882930333,1
0.737558749061056,1691.8518506393282,0.13427796686198334,0.32372995740476235,0.021479049639596903,46227.07027648704,4,0.7746127400761291,-0.9275205683874808,1
0.89082853685813,8460.018409637778,0.6743358037395014,0.48876356870744414,0.5233578458119327,60675.491702226296,1,0.5430977988267651,-0.12721158961562296,0
0.5756410681674146,1581.765024750966,0.6466766889940057,0.44144167592983685,0.4121561537513644,143396.4438110806,2,0.8900099322683278,0.8864297171725721,1
0.8744558446561983,5376.2394236717055,0.10132241637915906,0.3143558979605468,0.6230619371155381,98539.86701655998,4,0.5529773994106093,-0.3740743095468071,1
0.9515464012938626,5450.412655431161,0.46741228706835114,0.37129779823088005,0.7664441180678212,52722.46998262176,3,0.8285988506699707,-0.6060840261377358,1
0.4761224187142375,9730.679730350252,0.6670749088219743,0.37939367968997606,0.7685752290786851,121633.95775778196,5,0.9152607574205145,0.042595719109592256,0
0.5612701201733983,6722.316593369437,0.49351613632192703,0.009979459371249931,0.7222216003414292,164111.10323523133,2,0.7901224440572292,-0.09817059272172646,0
0.7740425582786259,3234.482784229618,0.6743635818647555,0.3269633573724551,0.10187744177740132,70807.2759898238,1,0.6575728826718478,-0.560979846720181,1
0.7304672275934655,2787.5934444123154,0.8162703974314898,0.3717792434510516,0.4174385261444883,111361.62687956539,4,0.824939399612466,-0.5464611713120284,0
0.8421567299162392,1718.3579536281165,0.6858154331217676,0.47219894975817767,0.8159504980652273,108855.09024985519,5,0.7654609812885699,0.37341365738191157,1
0.6046338754750071,7686.889878466065,0.6161142358305238,0.4339960487531948,0.6543001814839939,31585.693922679704,5,0.9553764406288697,-0.3541601089120765,2
0.8241432391850111,7062.188233732217,0.8535902569444932,0.1646110192191102,0.6810279049277278,25341.64814852674,3,0.5259486022814244,0.9720563602185335,0
0.8435152415132332,6293.832709427006,0.9005885678697881,0.16961362094314533,0.2269260320095785,161202.5508301687,5,0.5566884160504135,-0.4204005580606265,1
0.6071245561113899,887.9842080248893,0.3888864371758042,0.0678958937402129,0.32505986094082606,168701.27154701026,3,0.8720890224937805,0.09577863542844,1
0.8875810984738266,7746.874230745798,0.17324988772388594,0.09646175324394592,0.9558112108809276,163721.10398554747,1,0.6323605298851168,-0.8537515379296889,0
0.6026377601492411,6597.9319829105525,0.8178604040080506,0.3726914412408232,0.8469252572583137,77431.31505497535,4,0.5266180913696722,0.07764900013759513,1
0.917282501889405,9656.94424704964,0.21375310729948316,0.21878527445457707,0.16492173671132349,58895.4155946954,1,0.7823090526557995,-0.07878115223765247,0
0.8219949180825801,6078.420233829715,0.9289506697490857,0.4425781036656788,0.5446930709856821,170169.2871587645,3,0.463779129253073,-0.30130534583333946,1
0.9395740617132607,3387.5431132862273,0.02287794522190345,0.1022202251217395,0.49050726732809236,160076.40264058742,1,0.8417328654570538,-0.1407509959111437,1
0.8333871188264497,4124.445245798543,0.9212711826193035,0.061122485237653595,0.4436598592100167,149368.94792937566,4,0.7306009481714837,-0.6430667118798485,1
0.5204437025818998,2170.4867010932085,0.5891829926120628,0.5229390298952857,0.47061357137398574,66811.45020273526,4,0.807023454698545,0.6404610585116111,0
0.9735883438631859,7367.684730913159,0.7747421165128814,0.20744647164626787,0.6428885098725157,118586.24391771742,5,0.6330140819886847,0.8435843747830285,0
0.8183118003875479,7223.355770206391,0.3984925870644045,0.21291366322770172,0.9671494168769895,137571.4468784437,3,0.6060332213441006,0.6749928177249507,0
0.9002642090084697,2406.175147037924,0.9917162919088801,0.02222913818228204,0.8753253392608012,107946.23037450283,1,0.9282642835815691,0.6097416561247864,2
0.4720590556165168,2005.6485702316468,0.22755142756629043,0.31586220853016145,0.8751264036036214,112340.73666091103,5,0.6977241406178727,0.09676841067596809,0
0.48620114694750943,1231.5468654208485,0.26434366263817477,0.22265076492916944,0.7033767330701107,138636.9230895604,5,0.6025574285335856,-0.3327043991961578,1
0.8074063936671491,9163.769564976707,0.051432444037472935,0.09985203119230102,0.01758763425244847,140360.75687085703,1,0.8060967485916721,-0.6561268892975705,1
0.3476878510616188,2714.1634201010856,0.9404733630614383,0.32843131423815314,0.4404605329387381,50791.273117012905,3,0.5225527033660018,0.6394918427610916,0
0.8092687615356334,3769.5535041421376,0.4560293035986761,0.4476191073963981,0.5111262351744643,76414.70226155019,3,0.8342782952749186,-0.9130775988593762,1
0.5988116532400829,3164.792829586161,0.6748524147193492,0.17166478837025323,0.842491305025664,142801.35167858598,4,0.7211006325575772,-0.6379745189981727,1
0.8369795259978114,4429.433724802515,0.6874407274628407,0.3990509490274148,0.922842061145722,54446.07632789416,3,0.8745221136166885,-0.19653556044117093,1
0.7483684574018479,7283.463594133592,0.8745020922826776,0.3926423943982121,0.4515458847890854,165650.97421678965,5,0.5871255954847505,-0.6107550706118434,0
0.7870564128462004,8770.658520399702,0.6649252506464093,0.03597107457012434,0.30045963342215753,152611.85674150375,4,0.6058935360826577,0.16598901950118483,0
0.4861101696952921,2234.6881205211316,0.5620211823041872,0.08750255608387622,0.33735470249685284,162227.55500944474,2,0.7376990533620816,0.4483362762088956,0
0.9432986755050043,7020.917265541068,0.7103185241910436,0.13263806499927447,0.5786622558276014,60540.98619579451,4,0.39828430896357564,0.8181809915498672,0
0.955613181360996,3849.340351303609,0.7509707990031265,0.14828373251255944,0.2749719568297363,27869.891768942536,5,0.4911406907580685,-0.5791136702173649,1
0.6606616399508951,9815.00809882428,0.18592794624848197,0.2497121347717356,0.9107387256807415,27100.407163833203,1,0.8419639170797741,-0.4407712755243025,0
0.8216328587745573,3339.7320131987303,0.109667038976753,0.45184465037469174,0.4186519809039032,104504.28175565694,1,0.4789621177516941,0.4334624142468766,1
0.4802894130564633,568.3330820746696,0.07484885048556311,0.255926176501121,0.9900641684660827,61950.374920310474,1,0.5137398676667939,-0.5659116179314574,0
0.7459992230556963,5398.579753188529,0.37405349452253667,0.32477163812652554,0.1095152473396388,54798.68619547002,5,0.7019876643345696,-0.2323563696258344,1
0.7044123072476127,1931.9453006214085,0.4980002398377452,0.39160008624477527,0.1878792342729354,47808.9169748398,4,0.7928466805090385,0.5069250921552115,1
0.4463279094757863,922.6970547747915,0.6156498982898608,0.2775810546036,0.511590685649486,105556.59378292036,1,0.6156422350990582,-0.2483177178790199,0
0.6692789636398748,7133.557703503231,0.9580345196896101,0.159572221336976,0.8683053732447864,103176.18939655506,3,0.8352169158107419,-0.7073729445649573,0
0.7289757461027863,7456.463183830337,0.33078782020700626,0.12191509904522443,0.35395310992374507,81793.15551360059,2,0.8745048678641015,-0.46108148445899855,0
0.5718197701313311,4876.640624606774,0.7608740520772744,0.18860161530002884,0.8374678742598645,33534.80598978662,1,0.493648051430685,-0.8382779450978981,1
0.6791527304551781,6930.412409187484,0.5313576195948849,0.46090265240201406,0.42545258647814765,167895.1171626784,1,0.9747668912447928,0.3483383088075085,0
0.9083242255805124,5613.274758347772,0.22008993208691685,0.17037844701294821,0.8529920350321194,82749.1135838651,2,0.9149675388143592,-0.9083437928691154,1
0.868356594030242,6483.11052335835,0.6153054291287591,0.0511671889156832,0.27743143037522344,31019.19014066499,3,0.7574168891823351,0.14810971769872427,1
0.6196801815300556,6168.6877452856315,0.9671761782897036,0.3363146011883019,0.4718917476494854,16303.419656357444,2,0.931855322588555,0.9001020714232619,1
0.681971597698273,6825.316258528128,0.1243082992512724,0.05152072586724446,0.27873131603439083,35940.86072648066,1,0.5430977804822467,0.7197470479253332,1
0.7864392651846966,2396.491162395127,0.507279764549229,0.19540840381145874,0.21522352550807522,60511.4593999202,1,0.5664014406726976,-0.8541177924756951,1
0.8548519454063352,3052.712890348652,0.051608354150528224,0.14874018574704637,0.4211457202976201,117115.89887970424,4,0.786374432854762,0.42896614752432716,1
0.807183377561672,4679.649920323074,0.3212162988963623,0.2671772714050668,0.33470675222348956,175059.06395631074,5,0.637918566936834,0.38019249457017623,1
0.8137081254326588,4738.216089482271,0.6206026775939912,0.116940219794692,0.7871469563379161,56251.50492100641,4,0.7426789107147297,-0.4032267759213666,1
0.5968517757946834,7856.911260075591,0.8410569360307546,0.23731210582890935,0.7476385569931068,144266.7262113481,4,0.7823573648677672,-0.781354683740439,0
0.8790493145802168,3990.2397626805546,0.730328421726071,0.27440327817774174,0.3585534031696779,164935.6774538736,4,0.9494994870894177,0.7081468772998569,1
0.9837699620890556,2043.7989825622324,0.4628567782154739,0.033316012478051896,0.9922739611887471,76567.33775892173,4,0.561481283251239,0.1086092532731655,2
0.795033405956374,2888.926719665221,0.9092227571041466,0.08280096807581008,0.9738378148804013,53056.51096721203,4,0.9750071668995834,0.3968242990468802,1
0.7050730384399668,2539.9682726501696,0.30271466502377065,0.41422162673840435,0.9178334776778035,93481.37292505305,3,0.6535914312724707,-0.0843911234687087,1
0.4210123599318554,7450.770182932209,0.7539834102251664,0.2818603520425163,0.5865079929985455,162441.0566952426,5,0.33483258739293714,-0.5552842726382246,0
0.7374326037650152,4968.22633894683,0.47400902174766246,0.3599094906877156,0.4123107418394203,11866.917583709615,5,0.985461962687804,-0.4793031462592501,1
0.37723506930194756,7231.991630724343,0.8986357546727757,0.22341779491550057,0.31302294884240245,92727.35108015781,5,0.38413365833511603,0.0696531512802141,0
0.7300800783028487,4454.086967197456,0.7974328216537602,0.6950264435461273,0.01503206893470821,138791.19452387316,3,0.49288696713710195,-0.5309114484051565,0
0.4351102325021249,8952.488223787099,0.9014696613070952,0.14154277033502216,0.631806731825853,112192.17295706164,3,0.8495598505217777,-0.2026487329658888,0
0.8848777124245332,9843.44292336598,0.21424784894207338,0.7245161017980309,0.5531619099085279,94547.6951957664,3,0.552345129884113,-0.8511914293624956,0
0.46051745537017785,6863.503832674811,0.668150432116208,0.091156482497639,0.629871515564094,104114.24424140614,1,0.6963910516876847,0.9910097598185446,0
0.732544857187541,8706.21929374408,0.73846340808164,0.39435935082245754,0.5759549124358952,115269.3818545325,5,0.7057847552730773,0.23336675320549638,0
0.786036177103516,5325.366038134595,0.7424142652825937,0.39002754811670676,0.13771594148022148,125952.77625232199,2,0.5853648366894407,-0.7078867960264661,1
0.3993002281212786,9378.897983362125,0.5040004504673375,0.31842235826464443,0.6953793900848946,70551.5496816956,4,0.7983867059814153,-0.7397833509542857,0
0.66695722398668,8400.071613891865,0.01125052234795254,0.3325130843129514,0.3604357747203051,97953.67297942114,1,0.6756661812059492,-0.03343056599120442,0
0.9723106507521171,9921.896431777372,0.2614307838690749,0.08165785973615258,0.5162948331501069,56506.93629152734,1,0.35267810736370914,-0.9504686059261762,0
0.4613883678756335,6419.390485613915,0.3233008750043811,0.3350053028140554,0.3656537737360924,177278.3089207058,4,0.8593096460576275,-0.1759255530189665,0
0.581724737531582,7902.464032548171,0.8520366172817615,0.12202690983781395,0.021999870222929707,41838.97142016096,1,0.6178512872755447,0.8898310195568984,0
0.7248814533658748,5657.247329793028,0.8408858171042203,0.17769711719929984,0.8765538213142944,35611.72843204033,3,0.9319941566739657,0.6467195022201779,1
0.6592672439971866,2961.640990578517,0.10468010403778327,0.24548385242354806,0.1487334432942765,55699.78687607128,1,0.6495662178214497,0.8599182774620289,1
0.935463541251047,3870.1741257326985,0.9498358817712576,0.34707227538155583,0.5821730627718543,166409.2225863083,5,0.8486096089625551,-0.7777736358553362,1
0.8446269019801746,8993.051439947503,0.18245748665149097,0.1299578790188347,0.8831310136131305,122005.52987441112,5,0.7837369185486045,-0.25837917816751244,0
0.7698682840989942,1031.5054926868954,0.4143594513009211,0.04078105310043419,0.22132924962362988,87507.67936618654,2,0.6796404224050522,0.10999498537611441,2
0.3687462739161323,6119.058917706878,0.2151569661107554,0.37018200153923564,0.4120147326288732,167317.21928686326,5,0.5553624276824184,0.44053767409360534,0
0.7112583497261287,4038.598308789032,0.8603324688293574,0.5407854143163051,0.3777319819015823,163025.02272545733,4,0.614431486105166,-0.21508954682410053,0
0.8342279457029107,4173.579111052779,0.7494020318593119,0.4956003849770416,0.0892204804298099,78270.72600899833,4,0.700317767001553,-0.3620992220351771,0
0.7155654385633339,8903.42646093079,0.35352880688780397,0.3353944140183343,0.4235172707969417,105818.96373094269,5,0.7714826500671778,-0.38987060574907173,0
0.5710407366544537,8611.312558189153,0.6818786260260554,0.43812731960710527,0.4794784861324771,163913.57693295798,3,0.6705537345560061,0.5789090337644001,0
0.711048000573034,6189.002567938453,0.18436688417154234,0.3948065124154753,0.026597332087300085,64297.77260710171,5,0.7556927845606282,-0.236357790868702,1
0.7210320599704997,3092.7290503411723,0.3822970923760016,0.41014422548862167,0.4881437573990032,79281.32933747998,3,0.797605754170895,-0.9673744478985211,1
0.5294196236276489,5016.835288539229,0.3771075883381082,0.45807858719991174,0.09383012754199826,144812.48112532552,4,0.6929157518597308,0.540430752789933,0
0.8456398726568405,4378.787240997552,0.2379366817213978,0.13681200446720393,0.8924626593563648,128768.6037106262,5,0.44847847454307804,-0.6773299193383882,1
0.5561314596701195,3859.371277423705,0.8763120495828826,0.2810130642148196,0.6501577480148687,18270.56663943605,2,0.8008377781740196,0.2564222773439453,1
0.7116201586572609,1476.4629962943159,0.6788457354791262,0.7228958154309791,0.05642693258579823,29953.994211453923,4,0.729082773307121,-0.9410702508344599,0
0.5592267803459261,5659.581923795543,0.2799393105637993,0.2554818227671764,0.8270430180725109,153864.8592834957,2,0.549873750007997,-0.22602868732919967,1
0.9043185174223048,3367.3973298075944,0.2421207606290373,0.3056368993269245,0.36159944939871513,15055.585403203106,4,0.8892448816603766,-0.08813575540373497,1
0.5552393484674638,6777.67545781152,0.017953470999239052,0.20219089656933212,0.22561713920859328,166387.9649446795,1,0.4962915921786511,0.9461653270666486,0
0.497784678224708,3532.437390342542,0.34658225379235463,0.5283877746491434,0.2539212161238158,56197.96789701332,1,0.5861631331538993,-0.8236597066325058,0
0.6262873895257598,4596.053184780617,0.5267712833153182,0.1736636728317479,0.5977185873650079,111724.46100785017,1,0.6393413843723366,0.5030323627121995,1
0.5664151797922046,997.4235548468716,0.2777109419083764,0.30330047387183695,0.08155293465165148,105978.7503296693,2,0.43881164628121094,0.9295027264943545,1
0.9067501457354192,9929.111664102038,0.70045827642977,0.03667495713941959,0.05874513625782851,77363.13854682016,3,0.7707307786517827,-0.4461815732015033,0
0.5789930873642896,5322.29864111417,0.41174952901126627,0.09497619287801354,0.627513046575449,15344.277013567309,4,0.6444756859828694,-0.5486965905977823,1
0.953021245280425,730.2571445596418,0.31631783701066785,0.7736635965444667,0.9819094694031928,42720.11433522387,1,0.7400516909884909,0.9041370123508952,0
0.6702354565605352,5641.691258230869,0.9390576587903312,0.4108150191260587,0.4834284142895443,114545.49259171092,2,0.4664183025130385,-0.020882618852430257,1
0.8334469743157716,8768.362993403673,0.26280087728813906,0.19695286571083395,0.41328332702368786,85883.37136054397,4,0.8068067282514666,0.6451768264621278,0
0.5963369057273623,7839.245275528925,0.39825762009665633,0.14679754120699587,0.9471977027459388,80352.29782321696,1,0.8572435522125457,0.5892603380724106,1
0.8973647510856426,7158.613499229814,0.3822907885207719,0.3274582456464238,0.24099058108957372,26609.493134240263,1,0.8940061857246977,-0.34799602794095286,0
0.7856230293527416,1824.9142186908316,0.24119834567124832,0.455924083860188,0.2405410331349186,69011.66229185046,1,0.7960789015344181,-0.6250535202483696,1
0.5791068113260163,6748.502250380988,0.2174767398104167,0.05100353834786094,0.9051161130606655,99493.19385007567,2,0.8218227677203119,0.40577993269199486,1
0.9392291867872722,7779.834591116473,0.3023800188134036,0.22597839987208995,0.6469311795989625,23207.76494020993,3,0.5235602471933252,0.0026062631936643044,0
0.6194388581031283,5937.981107672217,0.8642361699311809,0.15221222994841438,0.053783788387651965,21338.27794573464,1,0.6730630433012794,-0.01900126217643905,1
0.6601170365435675,8981.11554294334,0.7670828872292905,0.4770406168469494,0.6739774079204448,93564.07514720866,1,0.5119550896148299,0.09241287978617407,0
0.7968482210536053,3131.4029269564116,0.6809995141600522,0.09582424457397251,0.8200315412565069,105412.86955294642,3,0.6471397099126447,-0.9486950402542111,1
0.6121369004156112,2800.3746475228804,0.45710299264249343,0.19265981318034361,0.27395331774196297,53799.05578635277,3,0.8724861365389223,-0.9898647223247381,1
0.38039559662909184,8760.912576955137,0.5077539846326035,0.12093613815213651,0.3828928742815162,65380.27898415895,5,0.7089088212141594,-0.3717658713726777,0
0.9512033873511112,6441.283308418798,0.26713884549346034,0.23461437039082286,0.19767661789187496,145467.97217156843,1,0.9191774316039463,-0.3526291430502173,1
0.5598724949936699,513.7485949494936,0.07431591383591762,0.04506607659637522,0.6333462694818437,157770.12407985242,4,0.7126369671360042,0.43746296255439043,1
0.46599243131676094,3854.7483808549987,0.33104055672048227,0.29485716868038003,0.6641948691941362,65288.87673225465,5,0.740452090404285,-0.34866787854690173,1
0.8174878728264835,8649.631865239407,0.49558375599236615,0.20558933679135072,0.06853583141797215,70471.47592812056,4,0.712228101825041,-0.2808940738639152,0
0.7264607251004928,759.5353605965613,0.057313046519332445,0.1642772775540634,0.6777046509190993,151155.51473776234,3,0.6838280692806263,0.09909180824654595,1
0.7052062817307333,530.8553184843344,0.08823330205710644,0.1569530630554875,0.658454584151527,175551.86523988858,5,0.6993193275241261,0.1832179278031676,1
0.7640971688466464,3171.9632599887327,0.26302523288456725,0.17433553668904725,0.03513445842301932,64500.8432004978,2,0.5616474731618551,-0.33341556669941097,1
0.8914619256913529,9183.00035158814,0.3670803735927616,0.16928349422308792,0.5553700761348718,144083.51710742328,5,0.8299094837609462,0.11621062207531518,0
0.8062543950703975,9064.037023965155,0.3933168111187052,0.2409668564780215,0.6139384335856654,91547.70270871435,5,0.5398752212072115,0.23563757862017098,0
0.4042298109504714,5428.238485114325,0.11788606628800513,0.2260977206674083,0.4301556571818368,54833.76775961812,3,0.7612384543882192,-0.47751045782541524,0
0.34830321983529233,5755.7502758264145,0.2258213545347888,0.05218154797748027,0.9013171755954631,125903.48341458754,1,0.7482117369404362,-0.5285088000125959,0
0.8727248613745506,3654.0761075132937,0.2616472520636087,0.10001939684156166,0.3283693193971211,88633.56406205225,3,0.8329302541015052,0.7808683462377124,1
0.993359797536034,2815.4982892641938,0.0676348762012462,0.07980840552254544,0.06717837200184562,55587.61471483119,3,0.41386497219326623,0.2949000190736628,2
0.8166893250664542,8244.607615015124,0.3260997005896973,0.11305917604387011,0.6718529949706552,28229.039462003842,3,0.7051812195873138,-0.377853642303295,0
0.6688321591742876,1509.8011747465935,0.07222157275550722,0.40839727104505114,0.6052202523433196,157382.25034853062,4,0.6058045438463311,0.10153698325352423,1
0.7504466266659039,5129.86652334704,0.7034578431096701,0.1754632516848536,0.9890585105829619,159373.5265828661,2,0.7981874293616039,0.4148136512252345,1
0.7080396394760079,6526.773965222303,0.38604776655731043,0.3012094331258359,0.23130828097626188,22743.498505344687,4,0.9440521462026558,-0.9547414979786693,1
0.7632037634096844,1484.9627585247777,0.3267523893783747,0.2339254482450522,0.3954943864138103,122777.21300340147,5,0.7855546794659551,0.8396649125867155,1
0.7995550182912067,5436.267406987288,0.1265221715036069,0.02304176915764221,0.4611797969606496,37638.16320454137,3,0.59501302078388,0.43446163631712675,1
0.7166844317894362,5986.45223516821,0.2265036554448958,0.09942987120699058,0.861507887186512,119874.41362883213,1,0.7113880648254897,-0.21549172254399807,1
0.6627080646467055,7553.712574819966,0.2327052089391236,0.2007571408889109,0.41456799172910164,164294.92290526273,3,0.5525295222766402,0.8645254899072083,0
0.8631649310442707,2730.942466901562,0.985204214873303,0.08925659773561294,0.7721483245249682,54236.49733776696,4,0.6337380955330862,-0.8883044673580529,2
0.6402207834695786,3286.6112812622036,0.8353493795084933,0.11254632312578543,0.1569427265212563,69147.96957205539,2,0.5453612885703863,0.5083632139118557,1
0.6665211472637623,5910.450893013817,0.015262291633431624,0.2988142026287142,0.4097843937452187,145172.09306030645,4,0.7718120566813139,0.0525754720062952,1
0.8391268910116445,9839.700894825335,0.6168365907684797,0.45300059428790485,0.15497744831596716,135013.54476636526,3,0.8215898732805026,0.32957896077396076,0
0.8790217848091557,2566.185236791087,0.25591009642192375,0.259596035162998,0.9496788649410193,79471.3983574204,2,0.3701793630303891,-0.05721863121184989,1
0.866903627507175,9866.086357672908,0.10437692881958427,0.36690655147411133,0.17775730435845416,154253.17347719418,1,0.9612045850021298,-0.7055384675991023,2
0.8048009191968933,7286.254064017572,0.7055997631197547,0.19177866905555982,0.4190727335504364,166499.53123132064,4,0.7741244553157907,-0.478414439541164,0
0.8238885908443171,8347.77966148522,0.13160554946834924,0.33758839304710425,0.08226072295998466,86949.4185394893,4,0.33197378062069577,-0.07391276216014675,0
0.6318173064337346,1351.5920482452225,0.4437407795297357,0.19493579535710628,0.9213835219980818,16706.772442662153,5,0.6748651081629136,0.8376805275487631,1
0.49528599420725433,3353.9917805910063,0.6321651648399242,0.5836256489065665,0.6238187674358009,96604.7962680117,2,0.691312841546139,-0.8633550088567603,1
0.3465218421600357,1048.49465668432,0.5544947561549887,0.12584436214315076,0.9624562625810473,135746.01812143283,4,0.3399880345637369,-0.790582396759586,0
0.842468951376209,4029.6964525301646,0.9776290983027429,0.27557638820774105,0.04227163522177613,47406.07622121453,5,0.9338194493329585,-0.6945824749751994,1
0.7571200686421355,9822.251769240493,0.7857426131225226,0.41137695777231814,0.1749785089541931,26903.15450311914,1,0.3293952500490912,0.26424155813155537,0
0.6061866368372596,1500.0940909602155,0.7741933761274897,0.15303855369406835,0.38004882664636286,58486.489404692795,4,0.9187819451181359,-0.26738985885742284,1
0.7928134019355718,5842.541432526395,0.35559539408103125,0.2973336407764751,0.6213599015956436,11969.771074981716,4,0.592546747197106,-0.7015121216047975,1
0.5435990766381953,557.6709167312171,0.008395492084141698,0.43710004944433123,0.32951767307201796,131630.194043484,3,0.40876756734538144,-0.7560700582991708,1
0.8888276682275914,7270.486752418596,0.7344109296706883,0.306358902049909,0.7118740203983907,34831.6221728496,4,0.4795461215381763,0.3483211585457544,0
0.21077005743528063,2373.33057753439,0.9997320842956724,0.12443784081029532,0.16512954688166626,133020.3337556483,1,0.800150431819395,-0.07481853682486128,0
0.6285405798152317,1731.0531026852477,0.4058791077436156,0.15917359006171086,0.6006365585782093,49873.15873978207,5,0.8901749003240845,0.7455151503225088,1
0.9651993778070326,3701.6692155274827,0.9855184989571174,0.31247827812729634,0.39796617770793985,178650.55849305738,2,0.9267645620721651,-0.19194867537714222,1
0.5374880889938101,7824.920830420325,0.14170810953434643,0.3222232161433862,0.5082409786985201,100405.21495134785,1,0.6519372209773259,0.3114834700289002,0
0.9634973558817113,1512.8243199565027,0.2965123516367174,0.3300442514398906,0.5696330610708844,17027.60552025834,2,0.46790266468591735,0.5916890006757569,1
0.4561263340756771,2683.470460087606,0.17072693174247067,0.6389717541085955,0.05989588026040671,141355.40917442986,1,0.6581006040189608,0.9073575647070227,0
0.5902830501694182,580.4120053644406,0.4751759729268158,0.4800461199373534,0.9240242612768649,79715.3416721845,5,0.919092115143511,0.7385953817963773,0
0.6330865375130583,9699.941195608371,0.7969814015072204,0.047728368174562684,0.7860918351512605,113244.61900787325,3,0.558272451421748,0.5506131785143125,0
0.8616603613588479,6125.383199894207,0.3406616915379539,0.1639907607797789,0.44245578873972435,171706.24788245096,5,0.7646772584751369,-0.17422388155995772,1
0.6707284040904896,7339.046545654644,0.9062289371518715,0.3120740955633889,0.5474694984274203,97935.86121373126,2,0.42974330057102195,0.9656089354267277,0
0.4330558808389993,6688.140125982138,0.5448304133297851,0.2751349182840389,0.03253560302728509,146743.98206305405,2,0.9277828935860775,-0.47056177533550314,0
0.9258407324563575,1871.4633092619065,0.46542441374187726,0.0663642956704681,0.49794733350803433,61474.778939449796,4,0.6404997514381054,0.3225913582260982,2
0.7916029708257682,6151.929420442944,0.7870358421952763,0.17291319215118653,0.4263159412754096,131468.57738526486,3,0.5626983986723351,-0.7387657812718291,1
0.7818578125463932,1748.44815384199,0.10144349704178457,0.4340273086444317,0.37448526691904904,26884.910741405587,5,0.28404966977690355,0.21185551686227289,1
0.74763503477815,4311.746312649715,0.7737524712106747,0.053104058601249705,0.8153521336376442,161869.33934360198,5,0.8733084671211748,0.3797773504319806,1
0.8779600145843695,5905.149791290283,0.2429520001728267,0.03930029454887948,0.18192437452303167,43957.05925101852,2,0.84724728796012,-0.8194136575377269,1
0.27017070503079554,5809.370583970481,0.28081254718323756,0.38416328875344674,0.1763102495340083,61328.02090330595,3,0.9245973352882064,-0.4101030443925613,0
0.7767086040534031,1631.197546836039,0.5994537733200799,0.04377673569570664,0.5216778260977903,172896.01982719172,5,0.3069889626308333,0.2830492944149756,2
0.9005588229237194,827.1417116419607,0.9019344250462051,0.5007259807048392,0.6871438288499359,36386.31068793937,3,0.7914839044403493,0.20427020003362184,1
0.6680759183421131,8083.225981801232,0.5784069497708648,0.30213380565397757,0.022440529508664486,53249.65911193241,3,0.7643766841809593,0.3364232396655378,0
0.5927323387092722,7396.263151462051,0.648949348794487,0.18643812445478186,0.545840490244969,108630.48069334214,5,0.5677160825177889,-0.751111852422313,0
0.7137215928506621,1277.2795933650116,0.7765945896052742,0.2022396662311732,0.29869912872872884,176717.97986064808,3,0.9634763196009638,0.030618833318429628,1
0.4317584724521915,1710.4474286147577,0.25932475899248675,0.3793528546707768,0.7568815180210028,127541.31067620678,1,0.5426542224192032,0.8552145771561563,0
0.571151758629262,8979.545875701393,0.8272336728041425,0.23041210667055698,0.4688719069766102,29412.31275171374,2,0.9473136738319348,0.9075418643939468,0
0.9482248970456261,7806.724565406909,0.41796014906714973,0.2545549596401887,0.8340752650577078,137179.9158910575,3,0.536386420458323,-0.7465414015319614,0
0.7522362648666774,9963.522814058404,0.1756556934911625,0.41089574675547247,0.3969759755202963,82456.62897117597,3,0.731507699492479,0.7887946966557537,0
0.4879278711195295,2912.880767447706,0.35011807946112494,0.5596429013689354,0.8270895487742987,178695.9199462957,1,0.8828400880884872,0.15295447206209478,0
0.5257224486295198,5134.128394253741,0.24613111171822533,0.1763390254499101,0.7165070842141764,116881.90022226959,4,0.7825796221664312,0.5058355912964592,1
0.8348334604650982,2746.365972592379,0.22871360513564587,0.13292838329862983,0.8282573867905232,100432.50216574919,3,0.613377497262684,-0.6987068709201167,2
0.9000582915507944,6416.601315534443,0.28256319871916613,0.6535023805406645,0.8124204632166663,104735.07658423398,5,0.544118084868319,0.47573217731868334,0
0.6762945674674186,1596.4352713675207,0.1809308147420895,0.0647078887063647,0.48636441848332257,119065.5078342278,4,0.794504805116793,-0.8578449144663489,1
0.7544775160333214,1708.8101410588145,0.6677017570826429,0.14609561925403858,0.3680914081188017,134410.97720544087,4,0.7512963174879446,0.2660332502246492,2
0.8194451865493063,1182.934968348665,0.5799917570351172,0.06867399630710828,0.7651448408800825,23314.7119884294,1,0.9331041398463285,0.33613781849799174,2
0.9153353530594346,7089.067781509586,0.6484418929834285,0.30475312805677157,0.3615240767829393,32213.818367628028,5,0.7000486044814316,0.32946375281658313,0
0.744829126952747,5193.689485615464,0.34372472382816044,0.30474409691722526,0.0893965703860583,61081.21333847815,4,0.8549058315982957,-0.8826850945610472,1
0.9705921988826015,6368.446555368985,0.7697334025740443,0.17546022130580988,0.85884464740688,91252.23521124158,3,0.5315754912845142,-0.23161757434263408,0
0.8639120985690684,8853.35994259891,0.12960874095416475,0.5636496019116543,0.39719823686128986,62881.457563919386,1,0.7123424629603986,0.48879111965271194,0
0.450447887314918,7533.120605175907,0.5711367094613602,0.23796686307560536,0.13260395076306875,46352.48194083146,1,0.8966993912029243,0.5936356188616261,0
0.7947518331255333,4886.3677225835645,0.2754529722464739,0.39210043943892614,0.6464768126899502,167255.05042515928,1,0.8607031415096075,-0.1689838583216201,1
0.8713294828571705,9851.381889745151,0.5276099006976114,0.3073718266659666,0.889773247831306,15542.090835146872,2,0.6116447417120582,-0.6759654400031125,0
0.7634166107949779,4834.432960848746,0.32363717524023916,0.1777874699079469,0.8609655210028277,169578.68901275768,4,0.42839414036974405,-0.0011068786088608285,1
0.6886520526209361,1568.2813957185654,0.7905117650912953,0.3896300011923749,0.5544468207256715,164231.1934593142,5,0.7659196708896667,0.300527882395041,0
0.32017874505216665,9930.220098900802,0.8912718388380946,0.4930706067026283,0.08807111701729553,126242.89748416934,5,0.73790189296988,0.8408026653310536,0
0.6676339882075221,716.7969351410494,0.7425812233716312,0.1395555364317254,0.6966030818587089,15530.878928046517,2,0.7837626077971859,0.36268898490104173,1
0.6595941948721804,5723.893815133645,0.1755837128492468,0.2938656724932544,0.6088287001535817,48310.44546908844,3,0.6972959705948965,0.6453215139010549,1
0.7560552263672048,3436.407142647238,0.2748668983883623,0.1603325176933091,0.2101483389392339,176447.10602483456,4,0.6300042666921425,-0.4705057924918379,1
0.6871978936554597,5283.745434661356,0.9193580655184158,0.11485697474043723,0.9005402563215539,164011.56206480987,1,0.8786870778473371,0.6664782697242977,1
0.8315954784561848,5807.773049647955,0.4372201276582013,0.1880979868115992,0.0866677372357344,173977.23336847045,2,0.686561551878688,0.22394252637010204,1
0.37497099147569213,2780.9110146456323,0.9411804093492668,0.44777489101701884,0.3730382585547717,179340.93717006675,2,0.6057499094305833,0.09797902140465253,0
0.9669308539188451,5790.158179503987,0.3924516888622668,0.5470097395510503,0.09453305312665661,20860.869270137464,4,0.4839523334148136,-0.46627285164298615,0
0.8479104094798048,7682.580564052606,0.9517746605906637,0.6442627834981264,0.9119448566283526,107046.63120088111,5,0.9398519259915672,-0.5922088005260286,0
0.940702277645234,3031.8434538179845,0.925738987733331,0.285905309885128,0.03538412910947197,151803.39390744365,4,0.8251633135107993,0.08775374093490562,1
0.6526470954294097,4142.5482664821175,0.6605268899866162,0.4676522424861735,0.4257647768239601,64350.524183345566,5,0.4248641439845639,0.7828779441383582,1
0.8445906313931726,3048.30558505855,0.00882704846150284,0.19704156509886503,0.8617786866737279,84044.98278311243,4,0.28807947346493595,-0.5292441807375099,1
0.7911618478792362,8295.317444387923,0.4003346819759369,0.19317729258140445,0.25138233910222474,58235.57027143191,5,0.7496518261268565,-0.4426142666404935,0
0.67452585517458,7387.331462491168,0.9112351296955958,0.4877268723610493,0.10501227056179518,16472.263085897463,2,0.8156702832848867,0.8958418603214962,2
0.6040163037057613,8776.366153574869,0.8851102891081147,0.30705282577491944,0.12700433158170354,22361.268203186664,5,0.7482996637527433,-0.946785637828943,0
0.6296381082466804,2115.4739825657634,0.18738780009611367,0.5774005672187706,0.4049350942101494,13645.100836328798,4,0.8019935578156311,-0.029221764321293753,0
0.734355779443418,1199.0065625176398,0.3991824959691026,0.05698560425436918,0.428581859293113,99631.55631913942,3,0.9438928589097094,0.057534241094910454,1
0.6187461145453012,1634.1432866573969,0.8355099278794716,0.5018359322377122,0.7180769373595963,115131.92414706582,4,0.5441857021788162,0.3514495723236486,0
0.9776803983321808,2029.6741618302458,0.5778778532500544,0.23567536706239367,0.23792866406483826,62309.286026189286,2,0.5561688203238551,-0.6120283817406302,1
0.8130673109206967,5564.285276410623,0.8472992334462006,0.36970775908343245,0.7018396795944777,150445.25131413393,5,0.9765222714500198,0.14282554863658303,1
0.2695117662469396,9723.664668446267,0.826567384448563,0.2737248321156162,0.99897597905257,160962.26972117517,5,0.697747674986225,-0.7810693850823556,0
0.6512237422292587,3893.7364578594293,0.907482006952483,0.3211832038366733,0.8642508729312879,33757.21188983263,5,0.7612781445568215,-0.4659835020857248,0
0.723615703739155,9605.828558921949,0.1172205881945817,0.3357599583580229,0.6355743406977762,18827.15866613055,2,0.6961170796811555,-0.9697840653992496,0
0.6755205048327139,862.9075523972074,0.14521514145351566,0.39810697343256224,0.9399125010530999,64294.70421487247,4,0.5845530023421975,-0.09317899801544116,1
0.7036254297592333,9305.285926739254,0.08280902896905251,0.16417181455124424,0.9911091724571401,131207.88051587172,5,0.9683153802893291,-0.6497793090779398,0
0.4694618666641385,2220.949769397226,0.9352688410954316,0.08857861655105778,0.5702738913611044,96262.06152286437,3,0.505770003463858,-0.8064927210572101,1
0.799150743471638,9168.512364333814,0.47516238437789315,0.44329782823458636,0.27363012572656464,92975.29954945383,3,0.9363085277071973,-0.31138178416082307,0
0.784819389608988,1034.1605860968812,0.06432528348244815,0.21394160412288082,0.9149832595980723,35909.7677364897,1,0.8526468107036382,-0.8415646255279774,1
0.5862926018204664,9508.08475120281,0.32152990251404123,0.08597264913052767,0.8441947755876181,69747.20013452473,3,0.7554240498183784,0.32882651129244245,0
0.8206380053025989,2407.583511029178,0.35141264112996684,0.10990360592808943,0.08461126150388598,173011.5139167296,1,0.5877544955951568,-0.5982639293802356,2
0.69282343611438,3375.783570695027,0.8095598234767573,0.26276955763545845,0.9363747017822337,67895.27463314841,5,0.8571122776466712,0.420545583853136,1
0.8530747044823564,5163.952268978102,0.7354768921709229,0.23793626442842547,0.36621983720519846,110543.5101335156,2,0.7965608973369203,0.6797135013285964,1
0.4334925955070954,4116.8483717370145,0.689387049562569,0.06434637601051724,0.32208590884549937,19919.312843927717,2,0.7768415143747012,0.482597238289181,0
0.9572995594283659,6841.515707999924,0.021863552591378732,0.3381500563573614,0.3432693571641372,20855.22383579744,2,0.7386356148430886,0.5257021522685283,1
0.5054911910850199,9760.673788875734,0.9106957964263788,0.11750280580574253,0.3200183149719248,82123.17872208597,5,0.6158113428091284,0.2875309190703299,0
0.6211391015052333,6261.051662646937,0.21555526691574156,0.016935548879250813,0.5160251795111942,112699.10059729747,5,0.5920945679449371,-0.24739918812842543,1
0.5540273330535739,7354.111389647218,0.6290614046926778,0.10900805994436409,0.5797737217715125,73297.97736451498,4,0.8822064386662353,-0.3029106682881626,0
0.5786331624542137,1336.049877904164,0.06181904301141916,0.09877666814806382,0.42563543742445886,40432.307899636726,3,0.7081388846372368,0.13788408116963757,1
0.7502769773331267,6464.218076165051,0.0815260918720545,0.15154306102215198,0.4125789572005035,135112.7435781841,5,0.7415281840796043,-0.5039029061249818,1
0.24519076250283484,4811.572881940925,0.009577296130122148,0.14126674946898493,0.7373137946255321,33807.448878362535,3,0.8972390342066768,-0.3107050672731848,0
0.8744216611775963,8914.932400236468,0.5659276445453306,0.159712109721616,0.0030275382779231252,123562.84659652624,2,0.8314877794379494,-0.6894003163709699,0
0.801696357442288,4188.005446609468,0.6293796696169047,0.43388268834991683,0.9468864615542969,172644.86300706345,3,0.6499488104616361,0.5602745984840309,1
0.5298823682852857,6954.814368474232,0.050462303233228756,0.42431022096418886,0.7144336561361964,89991.26591951668,4,0.8870517935986123,0.4712487186553538,1
0.5104881641731931,2667.4604184612513,0.2904848847640389,0.23925649817207453,0.7072525285834177,44073.725364074955,2,0.7926799649818882,0.00651216579647218,1
0.7606420436771293,2964.0390684798617,0.8514544141780167,0.39870716404718337,0.4219633662085852,153136.90572017766,3,0.6121082285394454,-0.2608539681451918,1
0.8362185109857613,4073.163093761599,0.10130836682291411,0.3212942727811855,0.9657868216382822,95930.95345734789,4,0.8118162837286489,0.3933482568979858,0
0.6471380203744084,3388.603606311776,0.21654716455333123,0.2743428813785354,0.00032323168081394016,166947.74257846182,3,0.5757054996327089,-0.8306464604148849,1
0.6104343072378211,2911.848974205711,0.42439120847242706,0.28981081813131704,0.07648141011602783,132499.63281344535,4,0.8131609784008546,-0.9045016576265807,1
0.36795702889850435,971.8527060576882,0.842274102633116,0.18890672278953088,0.8040643031418986,83203.63299613635,3,0.7889922692252549,0.39953442421762353,0
0.8935713702017357,8449.090151648361,0.25484905447520423,0.42606266665299153,0.7387008811347197,114955.32777976463,2,0.8291205294253857,0.10012575935707657,0
0.7362077612749135,1110.8645434672012,0.9971370153633421,0.14999742120760443,0.27135549616436894,38893.95142331999,2,0.607497107577671,0.4664749715737848,1
0.7886463829989471,8929.972398228192,0.35526181313852834,0.22644341491844897,0.5947598801286852,75829.16914732124,1,0.707367394158912,-0.44084933924304415,0
0.5209116928646226,1691.9211961465726,0.3864486584836231,0.48668848899617917,0.5320528511847618,110958.11652059981,4,0.7652658089964312,-0.7834078147908017,0
0.6020951066467572,1119.9865020952607,0.12210620423079432,0.21629666578423337,0.5271147441535922,110307.11454274926,3,0.6069668225086788,-0.14007620729837078,1
0.9188235181573553,5848.545257816622,0.6801979008565308,0.10429669373729691,0.595561304386709,109826.61235634306,3,0.3901879149312427,-0.14661570135223112,1
0.8854403147668354,5273.197029459857,0.2434651827844816,0.40821874497567723,0.9937352970126913,136401.13301852276,3,0.48156845421358163,0.5181027598518204,1
0.5306765373065491,5166.728403902908,0.6288675952950463,0.28308005125635455,0.9873449431978619,27961.07543143553,5,0.6550853133869362,-0.7557288269442393,1
0.6973258640562366,5957.791111263279,0.22315772840292658,0.19535896331992328,0.9816816942349633,22521.704967490994,4,0.6381898702490123,0.8921510012111096,1
0.6437176935918093,3227.0377581319794,0.38787226722646795,0.3661041144745446,0.5486843909470371,35163.52240232851,3,0.676996205073321,-0.8880074689305919,1
0.7579505985051994,6798.018097581306,0.8566720919544175,0.4968135011303861,0.31809389290233503,144707.0327494995,1,0.7796557619004606,-0.3741273100008369,1
0.614888194286132,5272.821087218241,0.73890591147407,0.31660849563652876,0.5601100384358131,21025.1369537047,2,0.9040528842749083,0.4060090497510065,1
0.46898483846745365,3680.06293609459,0.15459089994372344,0.3503029527523076,0.6226884933467076,48290.031334862266,5,0.9858102033392211,0.4349251653558257,1
0.9400780534563752,8351.756336316917,0.6077081673741014,0.5138474471543159,0.3114380687361009,53311.920939247735,5,0.9229755107694128,0.13411421496722253,0
0.6946807474527034,7413.350415103746,0.6286406516738093,0.5443802061465666,0.632775914968739,120032.77580172065,2,0.6634799412543633,-0.8581071629535759,0
0.9035677478561216,4239.298248473909,0.09056847350186104,0.15898944131829626,0.6219942735393648,78277.01945095591,5,0.7676265335530339,0.7127209304099613,1
0.5302655145908947,8552.368959674292,0.4658056543359358,0.046384129785067105,0.9034714123316282,43828.84798170408,1,0.7090622758986426,0.26945744579622644,0
0.8999349104050788,9242.453376061854,0.2606683956676079,0.2405069584910061,0.23760363784540495,86421.53748150416,1,0.7633020038989468,0.5176501823555895,0
0.7681257470298541,5600.229537301443,0.46713014276348297,0.191181882105568,0.6976098257934348,126526.73045621834,2,0.6083110536416657,-0.22753964954547512,1
0.6804534277927826,2542.0482764907474,0.777070991322875,0.24479528977796797,0.4507613730941342,143628.81790084517,4,0.5543941320339484,-0.5132557688027473,1
0.812201189663318,9200.025487196375,0.1582595598103197,0.32722937429379906,0.12991567468844312,31060.141846486615,5,0.7623593224742105,0.4401887336504655,0
0.6262329344502486,2300.0563909074135,0.12330420558804378,0.39882003875847627,0.31618267331337746,131501.65172131377,3,0.8451808355125873,0.6310329191313042,1
0.9163448903610876,960.0206509640569,0.26931649510577294,0.09964270049123182,0.05727703444702903,10768.851903807326,3,0.7620762206205406,0.625040856345624,2
0.8120745736118636,3611.126584294743,0.9522754503465832,0.44079382470272166,0.31933283185233263,133135.02354338343,1,0.36724909932949557,0.4343527941904517,1
0.636379632910225,7406.180272379878,0.7478242111849663,0.3676868247149218,0.06901364727648307,122370.65710398369,4,0.53591221519051,-0.7221022487801829,0
0.7230640038909719,9271.10382035872,0.019455862814546587,0.2678057736950847,0.9254450558977982,89673.31834769112,4,0.6845896578048379,-0.5564209022542037,0
0.7552304453870964,6554.213644737179,0.40100484248337664,0.10441428064484191,0.10174595667973707,33268.457538155395,5,0.5609356989984479,0.0008758643426836077,1
0.7057120432088156,9542.46619618327,0.2573979790803852,0.21350555371455163,0.8173413604635844,139973.33065828116,5,0.8844060955507738,0.014700189489046389,0
0.9455379692993678,1377.522973121018,0.6381445683721739,0.295848211632788,0.9061264103695132,22198.02508790329,2,0.8173708562140092,-0.022927245188138823,1
0.9083679028714438,1077.1604310861906,0.4592924535341931,0.06780791495051805,0.4676705579948327,162246.6643379649,1,0.7566897780739079,0.6520772197015767,0
0.9392234363646362,6239.823532064808,0.9644985248639408,0.3961239123030689,0.053926216001551786,141488.2623834654,2,0.49722104259943045,-0.7492376664697435,1
0.7911950663421385,9678.10506368117,0.21897845098423818,0.47874422366961,0.595785683425769,135963.79407277936,2,0.9494417303834116,0.5845287617370807,0
0.7152166431978676,5275.852435069878,0.5878564159989407,0.2979685932978526,0.2347683837564487,138247.02083454322,4,0.9527973847172619,-0.955334097132905,1
0.43587508828299204,989.3946464233987,0.7002100149902226,0.23263248530919806,0.17665840367196084,21487.450665397286,5,0.557270078115287,-0.35385221726099103,0
0.5837203006136553,2601.5772327358336,0.8255644893453816,0.346644132763995,0.566763889850685,178291.34435306705,3,0.8182417185457129,-0.6069999805133994,1
0.7572049814886784,2825.5326109498214,0.4069710304280071,0.3795543118729753,0.35638239483784684,155961.93538489004,2,0.5320972078866506,0.05328998493485049,1
0.8255660590819341,3709.6427268010248,0.6869219076574815,0.6653620604725461,0.730378576846482,96348.68320977293,1,0.5566700112928222,0.047787286954813046,0
0.6603269690106119,914.23214406902,0.3032014713842828,0.23479723694946028,0.5912510553287654,132298.0528478626,2,0.4772189048348353,0.013088279935054459,1
0.8269326196943355,9096.480654730205,0.4354760923618203,0.19946769757300775,0.8293412737213951,135673.71748521112,3,0.7559384208906565,-0.4223641567352985,0
0.6918111801524617,5397.857474854205,0.8956271312033992,0.24473933890808394,0.058385863670018634,151063.49834500204,3,0.618545363229147,0.043604679226356025,1
0.6871398820193536,6873.842533064036,0.9499076093309543,0.2371290678408549,0.23491904472516345,53413.594182274974,1,0.6372105679341873,0.41155710318327654,1
0.5390355830442418,1138.1419505025851,0.7188173469272647,0.10437187128621665,0.5669896840258078,73248.96320229798,3,0.8938463313596771,-0.21245753949461998,1
0.9057465697971786,1014.0969441346692,0.374351890776185,0.21453677157870768,0.8804282324454652,145946.50136305383,3,0.5479592958439264,0.8572833509260691,1
0.6795637922557184,6071.443834385199,0.820057789974664,0.24320334099733992,0.8134316728132175,140727.2604970066,3,0.6146328554305459,-0.8630615641276445,2
0.7597499617337666,8929.312099789977,0.025867081725420182,0.41901402425672324,0.6795313389356283,98844.60496483349,2,0.48138004928498707,0.9742019176019696,0
0.5246526894562602,5520.579009115697,0.10274591053942106,0.07575607851570368,0.5740720353745616,77354.90860662746,1,0.7391534742611199,0.5227730313280325,1
0.7165092527258393,8839.282139415678,0.6613737363753611,0.3831099821309307,0.6314592370024467,174635.23705418519,2,0.7883438210453364,0.18635673413504295,0
0.4965625055739339,8204.417094024773,0.29124857527005743,0.6023457324437793,0.21360775211584115,80553.63641098181,1,0.6220583279923644,-0.5933119272988632,0
0.8672572861511912,1220.6109650517471,0.9513862184004778,0.2565836663896911,0.5951931875192075,139877.57233036967,3,0.7485791629844847,0.25461615005112237,1
0.8413250720337051,2418.5960066640537,0.43606061209230473,0.13853982830701506,0.49376158927850533,80149.20202479209,3,0.6734542655760654,0.6041663183199635,1
0.591977045854455,6748.251356975754,0.429364820389177,0.47582130320278404,0.3844344810365732,62672.1478280032,5,0.8728210727300617,-0.4927087448716301,0
0.5686744598990091,4713.263134225395,0.6780795101909313,0.2852613366813893,0.887730517089034,118969.44807234262,3,0.7982161450554409,-0.9202084423719539,1
0.9969675880196354,3261.6482296457452,0.7675685623061896,0.42400437178489864,0.8294157247470807,147294.6987525128,1,0.973981211411162,-0.11449392406030401,1
0.6510312335741972,4477.021632455801,0.4755587381251365,0.20810044527641322,0.07673565975131824,176834.1763090966,4,0.6262929129696474,-0.3911300451013979,1
0.8087465125466038,4729.396639571027,0.21400090171172415,0.4822096316916747,0.9857294415763114,35313.695609388014,1,0.652405148503696,-0.4277031822660402,1
0.8681680533740159,9150.246382805168,0.7733086427256216,0.31092070041149245,0.2299842029725967,158939.46000805954,3,0.5315618832862002,0.4496132280636269,0
0.6178051935036227,1482.8536951970536,0.3203512748736276,0.3944384609001706,0.21533938734190294,99104.12866666612,3,0.73089602841408,-0.7039350239996311,1
0.9295032715428704,3157.4420946723426,0.1751107692938576,0.2623778940900698,0.943816246316724,28316.221206585535,4,0.7577584273093846,0.3018649084963787,1
0.5922650100423723,5606.865757535782,0.6316401899250133,0.368756772017346,0.4448024279686684,145044.36525805923,3,0.9107735568956292,-0.8774596749208106,1
0.6856932766331846,7133.725802990621,0.0904536669903504,0.006881788104228899,0.8053647035937043,66362.5519234978,5,0.7417029910292248,0.8397754316671915,0
0.7503508270247284,6491.054245112815,0.9713526750860549,0.11370007156964666,0.2882022790239239,157602.46721496328,4,0.8281637127243134,0.17217493523010496,1
0.6519998152423107,9445.606008505247,0.632397264412137,0.4248711445590879,0.873171116055797,36826.318332997296,2,0.34647125605245327,0.8619630978876733,1
0.9344336709914703,8058.284785784996,0.9858955209217558,0.4867982664109858,0.8323047653714514,130885.58633118845,5,0.7679446970057375,0.7357520450641406,0
0.4697430557555788,5792.229998757088,0.33889342347863605,0.15008548729697876,0.5194786716166209,61135.36424083921,1,0.88354920032825,0.739665736452833,1
0.7139578372515728,2539.4855708983214,0.9712051611903979,0.2317017129508014,0.7050559598527452,53749.28499800298,5,0.3661169850245126,-0.7604997655858023,1
0.9426251373633219,4783.305198321278,0.14556224772862358,0.3173293241218981,0.9640281610084137,18544.227752227416,5,0.8388738577688089,0.3917657283747418,1
0.6070920384254583,7087.1313198475345,0.04069477234702845,0.15523560738533532,0.4520454399274628,91924.47510994102,3,0.868599076695202,-0.19921125033582787,0
0.8491385619745134,8460.640660942807,0.03298406045460256,0.3785674162929041,0.4942048746702704,76555.41145381733,2,0.6565070459043822,-0.08178301192349391,0
0.4119466373067639,9617.49413201268,0.4648703705992271,0.38735441139975063,0.7228037521738161,20487.360697191107,4,0.571498192288992,-0.44180192406995045,0
0.4975302966289094,6251.801278310218,0.08300419747859478,0.5425038965318211,0.3864265606564118,48529.18256004184,5,0.6586153368105142,-0.7203191993757478,0
0.7945586186202191,5505.733989392108,0.5121678841676017,0.2568494651101674,0.9612297246807171,92836.21399478389,3,0.9022393053451413,-0.38736479627059084,1
0.5451525296179242,668.073269650909,0.3275005035089005,0.4350265675031265,0.04043576988641273,147406.13870816055,5,0.5640583214851043,0.09905214276350383,1
0.7181009855430074,1184.9411569267095,0.3356289924741156,0.2549633158355335,0.4033778957910362,168006.14019994217,2,0.5861613567277564,-0.17993863508096264,1
0.6869078884907212,1982.9974775553026,0.6356089965451698,0.28616778067060256,0.7138510670401622,97606.46940121168,4,0.5693017187050605,0.4077828896757514,1
0.9468077330544089,1020.2193463014667,0.16309800615162018,0.21895748409126262,0.42938062582156444,78562.14545591136,3,0.8495357428294977,0.6780616917339364,2
0.6897530517817007,4308.200768646801,0.766553370339731,0.32371224532411885,0.2592486093036883,172308.25244571993,5,0.8764437860006774,-0.578571188140812,1
0.7292391975121741,3700.346178819286,0.5820309197786347,0.32232253690735685,0.4134541575577879,173686.6070799662,2,0.9461377510318015,-0.8874277413493774,1
0.8279952371603938,6554.864499749732,0.9149446288475109,0.1271022402107232,0.8815167976046998,42370.097685809684,1,0.5520330711495374,0.9816840297204077,1
0.6559965758768972,5588.8185253673255,0.3648406537675234,0.15372768611724058,0.5470072525407679,100347.40182900852,1,0.8638369265225281,0.7652914513059037,1
0.8192989078391889,6161.722214184667,0.9827149920671255,0.029192602099613347,0.3351101928283332,149554.7137594966,2,0.8133741679503967,-0.46975946750719677,1
0.95153673770088,4983.783427907714,0.5758276467140232,0.2717252194120844,0.6715229841762342,149784.0294752351,4,0.7720217024577078,-0.674766587349902,1
0.5732483475842616,3138.502911265443,0.9734019561875338,0.41008818243306683,0.6118450609240544,126446.36478711244,5,0.4478716327100209,0.9020737115100066,1
0.7548075554204554,9551.840491991532,0.02706065404711533,0.06304511195398879,0.5604468153931982,90149.71585820905,5,0.8767055287153224,-0.5351229179789307,0
0.587220528033069,1320.8870177213203,0.727976322412388,0.23526466619279152,0.39115727074518114,78621.6039655842,2,0.8901140342879376,-0.5562206585871077,1
0.3115605448975661,9419.464494920418,0.8166215242927363,0.47967189767010837,0.07220030762114926,147090.0688145658,5,0.975226766408379,-0.7803196920399464,0
0.6519951028135671,3456.761445214979,0.053173286676487574,0.21087779397904088,0.6207314951125917,48372.939885849184,4,0.7321231832049462,-0.42419851285027144,1
0.8981212231538787,5370.283730989326,0.5789696640162457,0.03874561636480548,0.41978876341099747,82833.08108220267,2,0.8092075549789339,0.6820140395410406,1
0.7718543809661347,1534.0020668616883,0.8019422935894484,0.2518317913657946,0.42876408825401435,106366.99865342605,1,0.9358362218795395,0.13965760355766954,1
0.43672251830649367,1173.8451495245881,0.5610387252230727,0.18235745548590854,0.23408043462996553,151403.26641935273,1,0.9806044886959604,-0.8160302257890126,1
0.8759425088730812,4580.681762826727,0.06381359040546664,0.11536512585463443,0.24942000041374146,73554.52144763204,3,0.8458132888334919,0.934828858210512,1
0.9184617589039165,7546.125075606942,0.6934472408983114,0.32267700195019633,0.7874613052384857,103271.47981808029,1,0.6844792996934974,0.07899819171514433,0
0.6442284670934193,3058.9653867112147,0.06059691467330863,0.13340432067285452,0.4793647954361375,57457.85230737199,5,0.47086765172939155,-0.1666022407217338,0
0.44491955430059404,5842.304944885541,0.8174688950164385,0.4601254510390106,0.10929790920764648,152275.1548239971,4,0.717055560231811,0.5684923419154597,0
0.6261634003671521,3147.178234966774,0.043034183306694396,0.24440240787632386,0.045850964893366486,143542.01033674987,4,0.7011726645180336,0.12069907896315457,1
0.8543865564539326,4191.824078483887,0.1373973810103708,0.3600231788001333,0.22471546727884173,149416.7034849219,3,0.6785658276063951,0.7915369938275496,1
0.6135922623807083,9111.240025501334,0.2751075905232685,0.31910072555662883,0.4874417857876052,19770.968360111663,5,0.523322310800176,0.4047033380930134,0
0.8091940337589097,8630.476442201736,0.6333647922608,0.04871965247941164,0.6172500936750199,92772.68280205206,2,0.7521631877056296,0.33646752413249237,2
0.882151097959593,5402.166662467484,0.976359099631306,0.13549443380294354,0.14367877072690516,33093.27929207891,3,0.7633101658767427,-0.32450745005283443,1
0.8153037203974175,2762.003460984748,0.11782285261993442,0.1930006995495198,0.4338590464100369,124539.27510246336,5,0.8712753192339302,0.9796285889536696,1
0.764063674112385,2335.2471709637166,0.14270766921391842,0.15256143189286386,0.07255218277255449,62936.45793132298,2,0.7477249276692901,0.30384236177099866,1
0.8437129630794673,9563.829853839285,0.3688703967009803,0.28011154073589895,0.03772588802255672,141677.95960571148,1,0.9277262590462616,-0.11624157701100524,0
0.46932921057705945,2425.8076668515314,0.8362191377553202,0.21419581427042,0.8633479393044844,21078.373815687388,1,0.6718981783421515,-0.7049833976706548,1
0.40268510234161975,8177.598953669122,0.46723095275081417,0.1556608795001781,0.6583342196370383,97254.29426244379,2,0.8563027108980865,0.11127912946624385,0
0.6688054209809092,4005.216990587604,0.32161060025582167,0.3095936611201467,0.7810937854216248,31023.076799654016,3,0.6402722312899298,0.3324993154178799,1
0.733242304749831,9863.768551803265,0.5612038322088613,0.1535530621037386,0.18187742641141624,104842.84723440949,2,0.6737282043065764,-0.25706716824916254,0
0.7708422190745062,3997.4795334464848,0.26052319744575003,0.4076851093906187,0.3221576832200902,113249.75082273586,5,0.71671399555132,-0.8708178455822606,1
0.8283148231433373,3839.407936651898,0.40115990724752093,0.4660067283305644,0.4437913032121129,88564.39896913567,2,0.6281442240651686,0.5968197170704193,0
0.7128289030616581,6555.90447433742,0.3326051492320419,0.20525984749051326,0.6580343447735858,57539.92480083076,5,0.8703214750445583,0.30795229491349163,1
0.46003094055562305,9634.409662954782,0.8041410224146459,0.2922063751439316,0.5348437677624569,15495.735973642088,5,0.682927594233495,0.36912878248773695,0
0.8392730963102866,9773.991255066112,0.9242557264380008,0.3056249305907229,0.5514572479013858,122559.40143373194,1,0.8244666925288509,-0.5099032714694491,0
0.6107413027816834,7218.458391436359,0.7595721921569119,0.25928073813123326,0.15694284877953102,157975.12235717734,5,0.7598385960703007,-0.7385969934195193,0
0.6514811867197138,7668.76047354536,0.4390835760299835,0.268970395664447,0.4747870159688281,134720.12091820268,4,0.7165139774553395,-0.09584310799510609,0
0.4183265020233063,5852.320671743762,0.5043349774966638,0.10644532785155024,0.823798288064416,161813.06193495236,1,0.6302969365863552,-0.5174223570791179,0
0.5579482346244258,7679.869521757153,0.12507369392943568,0.06658456035195673,0.509460852384919,168015.15355210332,1,0.9618717448403381,0.5619505168057717,0
0.5609118232095268,8667.906722219717,0.7468647111345378,0.7788265161365405,0.1997418089988966,86422.89909529843,2,0.4499307198719549,0.06391989387682417,0
0.4851020341384864,5117.905380352721,0.5964756793950441,0.250724670854499,0.4133971897670152,128658.53226539539,5,0.9128877283937474,-0.7359233610945421,1
0.49783610155624747,6388.691496885979,0.9024399961374364,0.21448521732276893,0.754808634918326,77554.38735997576,2,0.5250088056767245,-0.6074872801967333,0
0.8510535565838658,5604.508604713953,0.2006111435751532,0.22868548825165383,0.13499241955846886,166322.260702926,5,0.6865510340685085,0.7737046673076324,1
0.7535139080413406,5843.470828522433,0.7597261219326121,0.2640711262426873,0.5804633850563925,105705.38593472565,1,0.7376279836960425,0.2632347966838642,1
0.6090701049030987,8955.45514380244,0.6846716617191897,0.09151242227483622,0.9653147182530848,137916.50148747856,4,0.7538055792162938,-0.19888709304938446,0
0.610882472509865,3878.359886952917,0.2658455338097522,0.23196937338951035,0.38030190978973555,12468.09906173142,1,0.8455658530388145,0.4415532856839368,2
0.8303035615994343,2477.74824320593,0.6673786395408251,0.14074305313928998,0.04364124316510576,107843.36845468298,3,0.5626567423732108,0.6177466771904656,1
0.5703786916257236,4834.661047599477,0.9243733805766495,0.06807954152399648,0.6331040040197358,136138.48702068813,2,0.6596598479605421,-0.7711561647966343,1
0.770041730325384,2476.809309572019,0.9184359876671189,0.4199588328962201,0.04710351533905166,53691.04987546898,4,0.9526856371569361,0.6839620297346385,1
0.87110539208371,5234.804043789182,0.7196265745161413,0.4489141690650815,0.19160566435788184,12443.574779077499,2,0.7694896858208286,0.8930911038518494,1
0.9198505071629433,9083.327000892057,0.0480731125340601,0.31166111346643816,0.04839727615268763,136417.57014968293,5,0.5582918843210428,-0.8199787581296338,0
0.5465735553085613,6365.618444583539,0.8722643373201615,0.22879820194821904,0.17065061283539318,67474.58942591498,2,0.5141120337867712,-0.3518512669448495,1
0.597476413024998,8626.612106379238,0.6577786070045399,0.08850695134066217,0.8549322173728403,82894.23328886354,1,0.789758158262361,-0.6641304910879255,0
0.8002731322419184,2078.813736347362,0.31043425318273443,0.5110289955582268,0.7348513176858348,105548.9103713912,1,0.6229943426125306,-0.14009404921837465,1
0.8421794157278821,9058.29912910318,0.1872503617056993,0.054474217715758805,0.34185263880886485,28742.698198068534,2,0.7316562271110045,-0.5597618532798052,0
0.6835680730777871,6216.9780618675995,0.11620386299731711,0.1791680188546554,0.8971378215476427,27603.95320186931,5,0.9020240087793578,-0.27521286710675374,1
0.37262690299328355,801.717993034558,0.05023689925776098,0.4844567898910472,0.6651822157346289,173349.6763997193,5,0.9841774852951951,-0.5160711104621116,0
0.7005384722505741,6514.63007520785,0.7541032479507565,0.22084280929542185,0.44774659568708375,67612.40609062991,4,0.6597252117747529,-0.992809116833977,1
0.581748583562812,9538.27108447872,0.23584299894327532,0.1208130234025148,0.06833288123388315,53439.223837520054,1,0.8378133670071702,-0.9618971958668412,1
0.8529818177547098,1252.0865045159396,0.02425293604325507,0.4120721929747881,0.7307213685096763,18115.480364241186,2,0.9040083790134951,0.02980927857950455,1
0.9272631318022656,6033.333239460935,0.3972706518419893,0.724658870496056,0.37552612553923925,39567.8819637283,4,0.5133875527979853,0.027162402316795564,0
0.6455329543797628,9197.04672726229,0.4826070805923389,0.28046553548217695,0.3028290042445556,83252.16457304779,3,0.38529027955264783,-0.9278524860690314,0
0.6355947586274207,592.1040991765583,0.1692302309001269,0.4520144243788824,0.28827301338443545,68152.46498375532,4,0.5855752145273181,0.3989283831518,0
0.7263756951689406,6493.67280142532,0.04404833616254977,0.27102558720157754,0.007709225944427245,82178.89703541613,3,0.9741355797753104,-0.9462329726936476,1
0.8466464158293259,5011.571772394145,0.18912548309806887,0.4044037570365049,0.7426452028017461,129664.65090989394,3,0.6435740316142808,-0.026860630874736557,1
0.6724148023427293,3796.3985271618008,0.6791027618365744,0.2796306651303618,0.14531033701727836,119104.21368855322,4,0.5600630806269485,-0.20957497073994058,1
0.9128298357500575,6461.596654481073,0.0822436772512064,0.7275990371111196,0.5206448388642573,93836.02150331993,1,0.7581626797702171,0.76600102885567,2
0.5485218124192068,1000.6698985804608,0.5550370305569938,0.02329760394987793,0.016081402004222478,148519.65418883666,4,0.7375707233703417,0.15292973622828288,0
0.7580231828971916,7654.098939730302,0.14641198790816667,0.3503727544012575,0.6278832879253083,155745.17366483682,4,0.7927239063615747,0.6448433891459775,0
0.903430300038491,542.5550307372224,0.19568917358041937,0.02897248873812853,0.36949234874475856,110438.15459879077,1,0.870975787413442,0.9966676114494282,2
0.7200899086767885,3415.889566027346,0.3930778832666987,0.2144453585903015,0.6307474513652209,29987.07398100409,1,0.7016692568253413,-0.6451945282750835,1
0.6828702534101121,5287.607058004445,0.10082533605373134,0.24450484251552568,0.08989494701611545,79050.46593819572,1,0.9283852598785567,-0.8744997733226298,1
0.4521194774579367,4081.7113803822413,0.17320350278221286,0.28091496119881043,0.26633384597812704,117858.7916329956,1,0.7682611800672158,0.5489523421230851,0
0.8698807882646835,3421.0213844530335,0.34895241145135414,0.13129556446624496,0.11030679297291224,20684.671872780906,1,0.338138184062612,0.26318925426307493,1
0.8155770721656391,8392.933881946912,0.32966900549836686,0.42131186077313304,0.6460707779196502,13384.110475772275,1,0.8232633197536637,0.26828758132169983,2
0.6564919461164191,9380.909455583134,0.7492714856757319,0.11776782371633578,0.1085534958778106,171216.84972409648,4,0.8761728474692896,-0.36748521019613456,0
0.9831594112071885,8800.270506605943,0.07478230512642436,0.16490911830201013,0.6171022115335585,134110.9924488196,2,0.7836529952538769,-0.7951118411496101,0
0.8172384957942638,5463.097473974997,0.8604507356663434,0.14557705394046896,0.13469047098283404,36028.33110358356,2,0.820942299705645,0.4424180333787717,1
0.7225023444860954,8899.559664338089,0.8162321707394549,0.44808572288048487,0.9433546055832922,85671.4999632814,2,0.7240100225924562,0.08666972676083473,0
0.7426646524153678,9248.184869224666,0.7659916396919384,0.11729530126503056,0.41638067740476703,42904.735657782745,4,0.6784600024510445,0.0029975404565500963,0
0.8043953472346181,4387.76477195089,0.3093723624631325,0.7451978581501016,0.12659007957608015,11748.518243952078,1,0.5130220978778866,0.4719480879860529,0
0.6322680792699218,3192.7356653017314,0.8228817855407875,0.18344805143000364,0.04181045039687703,76587.83208328887,3,0.587815950421489,0.9772325110945497,1
0.4864721822612813,1433.519455226543,0.1828020802892808,0.21895810851787328,0.32942255385233554,120225.40518262304,1,0.8760311477304492,0.4804526917562004,0
0.8623834803651927,5051.373249967676,0.12440920585502824,0.3377625292450927,0.8913864242828995,172201.89974068807,5,0.7014803238775366,0.8691796587342067,1
0.7249924866701994,9489.820744165194,0.044956333489487355,0.3203503860088173,0.14381516194070698,140871.90222420095,1,0.8000623408366745,-0.20293263734450395,0
0.5732970403429528,5828.621516668525,0.9393103630055759,0.5340325231330687,0.7908320675378833,49123.4935381351,2,0.8174617337534488,0.7961589524217596,0
0.7168731842662525,6841.8399669686305,0.3080108977052737,0.4474718056714482,0.41737182854368493,67156.02086812281,1,0.7738568340983756,0.454695993484453,1
0.492000013249086,1572.396275672552,0.9176178801779059,0.12672155550411518,0.8029278507387348,98498.68705582143,1,0.8398446622831742,-0.25664665184613056,0
0.876245627481055,1863.4368093514345,0.2726135615193297,0.2965169757043463,0.8742913488488117,42516.39556472286,5,0.6713548721634092,0.0178547076941733,1
0.8923482464895988,4912.495988616889,0.9075659593363495,0.3234252798524037,0.9978175576073487,151600.79004889223,3,0.8511815512101308,-0.5952070867261696,1
0.8192178404530921,9537.015590345394,0.9039290528460883,0.04762402011161227,0.06819747663361253,38554.035183631335,3,0.8058858461683638,-0.837322498835112,0
0.5856081082298362,3927.4540951195245,0.9236760450107129,0.19972350302791214,0.796301260725673,59295.41764141931,2,0.6433022660873755,-0.06513249836057078,1
0.6310395796025496,8836.09839251657,0.49615343928419375,0.112743456973595,0.06968888374819926,108192.1132078828,3,0.6912471154922204,0.9864300299970727,0
0.8571021020564089,1642.7416375442594,0.865946286798892,0.30203952828153763,0.31479271177899604,30948.085349362143,2,0.7154094607154519,0.7408980128039473,1
0.8411934836282384,6361.663465870246,0.9507658961673202,0.054372074365477814,0.646232254641178,116184.54004184587,4,0.4129996872871846,-0.9667691926977175,1
0.9564545658854818,6205.823280649923,0.3246169418971795,0.10465707050352609,0.44728843501185456,170518.28437142773,5,0.6692041406719897,0.9396829617627334,1
0.7448012538323959,8668.81012566755,0.4188744056825551,0.28653638433187,0.5652568752687258,127561.09796568585,1,0.7377940125315231,-0.06212328925735311,0
0.697422271284368,531.5086918465643,0.719240187335744,0.14061443953642622,0.9661921209265437,148173.38058558994,5,0.7046394648326041,-0.6421691055783778,1
0.6805972705576535,2304.3508383769354,0.3003598217233009,0.06584444756992774,0.8186567582160166,84544.04655475591,3,0.4782777515847212,0.8297655010417697,1
0.6635215950615294,2587.0324415800765,0.753809308912659,0.33713504075391665,0.36366955718079763,72103.93246328484,1,0.6031190987387526,0.8497094956171414,1
0.5277742439893808,9524.677836862005,0.07389214521353393,0.3652337179950482,0.5999446347982856,65862.45741470491,5,0.7848858396480931,0.6938391122761212,0
0.7395354242404021,1960.0897345640021,0.5234983842885422,0.2508945790234565,0.048483028037089926,122279.07978420075,5,0.5506921294189452,0.24256715151755714,1
0.8211658394953777,851.1423270953236,0.1223134840837452,0.19140256641974984,0.4528982371410113,98151.06548008493,2,0.7792456751757834,-0.5268266256129104,1
0.7446547960790285,5577.384200047177,0.29332347643667644,0.26749390866629796,0.6083965353933347,90294.30112937902,4,0.9510098412467548,-0.5180753965869787,1
0.5935812037667477,5521.305393119976,0.258625392486472,0.06992086531086789,0.7147171293399639,27126.835692609497,5,0.6938938042798217,0.9311557376323303,1
0.6274306950267341,8518.44617099471,0.8389320735626661,0.40412662716794145,0.9015172887801466,124473.43618998805,1,0.8352762450450614,-0.4423833071616745,0
0.8532119618610629,9514.16667668912,0.19351725540619746,0.46527242913385763,0.2830582335272822,133315.09617103238,4,0.8638055955499532,-0.1550152170895065,0
0.6259487233048683,5616.181700331244,0.8084479201591189,0.19398765918521496,0.9021704334723899,43353.70940380653,4,0.6094515338338355,0.5056549571764253,1
0.6966826575027069,9334.944732986727,0.793960345907922,0.40619175853877065,0.6615185160652785,139149.91338344564,1,0.6939395629080904,0.6469931372918021,0
0.7891845151671736,7389.011937348382,0.4988830555572299,0.07171944460711926,0.07764572228043742,159496.9868644244,4,0.7433073261201,-0.17722245672560488,0
0.7506838521890561,3013.3117159580574,0.23384325559612962,0.8121706225771094,0.3803328839314609,39686.04056611094,3,0.8461832635589099,-0.20873969201539766,0
0.9113088608532613,9319.9967539673,0.22689633995622271,0.23123361252654018,0.47659511873850047,86847.0857976189,4,0.7037485992056087,-0.28602482497895143,0
0.8897396766416208,6840.71017372781,0.4649246471158478,0.17022097111246248,0.3524872657602549,158951.4810428149,2,0.7144167128594953,-0.22325082327336254,1
0.6830969215973199,4433.911361055021,0.00880900739351631,0.2349217764675744,0.11593967012145712,92840.66709896161,4,0.6846392270645719,0.5166121477232224,1
0.6730473787942445,6962.299802910841,0.5313507546113662,0.5391953703725791,0.5515845627877077,148593.12996204078,5,0.7245783924976241,-0.8761153456082709,1
0.6905576556701924,4312.471863565634,0.9527795257670554,0.4959623028081409,0.13175342959113578,46677.99295296331,4,0.8441229088685578,0.6003172441459161,1
0.7892213988104766,1584.745795885613,0.1547068818625965,0.2688584494106616,0.9150272064226054,20868.311019754205,2,0.7091569445715373,-0.570355167656585,1
0.7018931483901244,7330.298098180549,0.5733456214756034,0.16494434215312853,0.8652530608079607,20109.364265720676,2,0.53120394353309,-0.6770595407479876,0
0.8127982678939933,8328.832315622065,0.9617786886444568,0.10963645293796799,0.4752156586921956,175300.58404037287,4,0.42502179450591426,-0.7584562777955124,0
0.8242868630443254,7423.6588906841835,0.8605221394916002,0.43998847874430497,0.06774864609948128,38002.02819283982,3,0.400229908965319,-0.5288577157848378,0
0.7692603163175328,2676.589343688427,0.8503801163813403,0.4404920115903426,0.5522054096792042,157031.5025985277,4,0.6699667102283924,0.6677377852815747,1
0.7463826078119016,9588.032628037323,0.821849930396189,0.3341575198640718,0.5922367109577352,63673.86139992532,1,0.810126895485492,0.07594484755037478,0
0.7100853169945975,739.9183360659813,0.3090236060561856,0.32709450374097554,0.8884227995167069,16815.0536688801,2,0.6947775219324754,-0.46206894911530694,1
0.5989552909487726,3660.510325068585,0.8906168312668122,0.14952456453196017,0.06751751703030684,50966.13811237993,4,0.6428917848981109,-0.6281077943184419,1
0.7393310023067358,2970.8781280815074,0.9413403512331711,0.23220931729872962,0.6921047728110984,95933.72557934774,3,0.8961806738254342,0.5390753980289857,1
0.44552779941332793,957.1991623410843,0.4957924232990394,0.4689186983365049,0.5628048915025998,28151.210650943565,3,0.8499729780061173,0.010994060547105944,0
0.8996071147312343,4354.43208339235,0.35457104725945876,0.3227391950839133,0.17477453367580364,166767.7699433814,3,0.6439107314685093,-0.759439487561226,1
0.6474071170783716,6419.590981546358,0.4142290156058561,0.37779866850112476,0.12173344767773497,162980.4570973976,5,0.6150301723699163,-0.24959209566060192,1
0.8972435142959496,8884.252203108463,0.3342064418312656,0.3081987370077905,0.6939508305337273,35355.070620541796,5,0.8975459774982619,-0.11006848399982694,0
0.5524144309732901,9902.052303818966,0.21241844202454008,0.3540056040704819,0.339820878308973,135308.42328527482,5,0.9129824803301063,-0.292097304010557,0
0.6972636327723112,8176.851070841782,0.6184484702528894,0.5772014215221045,0.9999396960457185,88320.41371263324,1,0.7949684891773758,-0.4696273545519223,0
0.6971180152564408,4952.464927771835,0.5625968862453229,0.14047229866456867,0.8940031595160183,176961.60871375658,1,0.9498454811511823,-0.3419201804866008,1
0.6143062708197831,7375.192046686791,0.4625850710392756,0.30073276915405805,0.5657174733058387,19418.729478405803,4,0.922824605729464,0.4779358352115546,0
0.9170172102293274,8514.425991601587,0.09584538668483178,0.3753028932064235,0.6417315857430282,90075.88102497581,5,0.937784695835352,0.906093505698996,0
0.6113784454516309,4920.418365977473,0.7968929647059998,0.2791867757799224,0.1588865626379833,58530.42069998788,5,0.825893185261779,-0.9483105911065692,1
0.6311592841489395,7958.017123242249,0.1749335627507892,0.09400752997673333,0.8940047006381829,133484.3247364796,1,0.593461186133896,0.2536375406450737,0
0.6785726936540721,5085.197973972329,0.11456204339604814,0.1991937082120216,0.45893377434461613,28892.823696057432,3,0.9245741057618353,-0.8544266792174411,1
0.8181593095823146,4171.711913328865,0.6230713954829474,0.354321131959013,0.5213539996263046,116778.47671664062,3,0.5729166685301531,-0.5956555287891212,1
0.790488059346102,5497.862958945731,0.3986443612377232,0.2928086804512538,0.8731290861226325,171170.08928966362,2,0.5124700939684272,0.08880389025053592,1
0.6044712013911487,6920.620007457876,0.05980847535232947,0.06499497329551152,0.006250329484427164,87159.67244274933,4,0.6084181203781175,0.5878524918066008,1
0.6762531093166566,7405.379535026675,0.3555683549610582,0.1893691995460035,0.49434660067929814,87219.21166506792,4,0.9758043433682327,-0.12884434111562104,0
0.907855230312278,3888.9945544750244,0.7717803522849628,0.17814906196179287,0.6267666529279495,94269.3928494456,5,0.6820230135838115,0.7589405793649817,1
0.7846124892025065,5927.542389782331,0.6152492052170976,0.22214810320984849,0.15931000454985322,80670.39710485867,1,0.6788531426462091,0.43152929725710876,1
0.6840529736716345,9143.773303764247,0.3627860229869968,0.139053094797154,0.06830040352693678,86070.90917962613,4,0.5838145130357945,-0.6125143162341737,0
0.7041751586683699,9774.972551051078,0.19180479163458808,0.14485609864098992,0.5349341367016743,88750.57541282782,3,0.8259977340429955,0.3724217475814231,0
0.781867495348249,2658.8568662475677,0.6317956208047733,0.2846089235989433,0.5475290575293451,179671.20686295762,1,0.803786535323349,-0.3632224240507762,1
0.5867006344189454,2331.896074276744,0.8875553009463553,0.5864814499669156,0.33025050597650873,29794.12309061854,5,0.786131988640151,0.5334187570510183,0
0.6877416611216024,6928.513517572161,0.6462727180159138,0.2465900574832458,0.8822312770327821,58504.640158694885,5,0.7446838757399213,-0.5387933873668171,1
0.38248841619953877,4439.496915322717,0.8129038546502242,0.421005392815985,0.30108458648140535,45833.84625453797,4,0.7323104792256732,-0.7110033043446771,0
0.615319194367601,730.1122149723019,0.521527838554371,0.2604072146484295,0.5164794746557643,102511.96007564222,4,0.5650694451040997,0.2754946092945636,1
0.9322433078332244,3795.1877711491993,0.7179711067410288,0.15136440241574595,0.18671503898548214,10477.51901531189,2,0.8304231597433731,0.23324221942548728,1
0.511172659885025,8164.075062986395,0.8962267737783524,0.30768331782128466,0.011160305481343724,166586.76842561376,4,0.9146265755845306,0.14702179482446454,0
0.15667259847852189,8075.5558386402345,0.7731789782586551,0.23094258670962806,0.42602785369692686,100290.55310160619,4,0.5873230503495255,-0.5136141199377466,0
0.43190328028488134,5199.508913757528,0.9098539533981457,0.3247952433290081,0.5269483732651988,162333.1246347269,3,0.9306357159329196,-0.5880375861977563,1
0.48681518949337643,4989.490381431586,0.43113960211605984,0.12808509892292627,0.7646798563250744,68644.08648989728,3,0.8109211116858712,0.8248819749368261,0
0.719370089893516,6005.320703126586,0.9042202551270566,0.34300381791253914,0.44877202429789464,35488.08676601167,1,0.7740906011827443,0.06531946066049277,1
0.4049012123849966,2584.2687503539723,0.6215672344817076,0.4333118089532469,0.27873217975567544,42689.733908316455,4,0.8395372704283945,-0.18692672398701093,0
0.5008684854703419,5497.414436464077,0.8700487660816937,0.35514353989337466,0.6042366718076924,90024.50563453493,4,0.6996722928384664,0.638921961312837,0
0.8583384141689908,604.9404205381596,0.0393765304378354,0.21272350222435243,0.3811751711500826,16845.71367990379,5,0.4514500907284376,-0.8984363227327532,1
0.820969223535952,5017.81577043977,0.6578523819135361,0.2420603538102931,0.23342472377336165,142906.69827613683,3,0.7227760169027809,0.3519905500709959,1
0.655750213209717,3692.4849393806294,0.8479750788778987,0.06488887262470214,0.9103479863908714,144408.21945588168,5,0.6800358752126064,-0.7051611012741457,1
0.45322669301642515,6911.2612560847665,0.17420203364319975,0.21441920411934934,0.5366907931453945,129332.35484385298,4,0.6413062430567718,-0.5477341251332366,0
0.7777933942092697,6564.359049449962,0.6617869334649231,0.22525453109763108,0.20047727100150436,162377.76865101448,3,0.8700249632907151,0.2789280616708236,1
0.8867533133265977,4117.940861736686,0.8249547142166315,0.4018558466544647,0.6709113342740094,103411.13418435909,4,0.66028316285786,-0.4406197731604866,1
0.8974900200653035,569.0933240466198,0.28794936963263706,0.17091566490623455,0.8030776139328918,91484.31142305951,2,0.6243991373726157,0.5560621116343829,2
0.6992332770485967,2896.599479252124,0.40524632790639203,0.42016762439183347,0.7585337554774303,99959.87965201656,5,0.7550419992802418,0.03715850655980857,1
0.8345256322128759,6516.804576797042,0.5695177184992194,0.2905273079126838,0.5995374110403011,40932.12407137887,3,0.8035637873429782,-0.35403935849590806,1
0.5917455044355132,1187.546758666293,0.5191676888845621,0.310882993362429,0.5196216343307234,97089.51444276785,3,0.7109019008704792,0.7292646846905142,1
0.6158192592285279,1522.6030074179066,0.039189393037135645,0.6701292188652718,0.7773236830635568,102098.69334221976,4,0.5794432732086869,0.2576710063992007,0
0.8352712806731675,6646.8327333873285,0.09867209808541344,0.4236847980140879,0.7081222041118674,139980.27510179573,4,0.5773186802948534,-0.15747515051202576,1
0.8411323054151058,7679.790309018277,0.10046657930436131,0.3071918593841934,0.5714771182390831,69146.30757240273,1,0.708088687504466,-0.0931639960072066,0
0.6550798029637674,3554.722226120765,0.262267905499175,0.03410718353278675,0.657720564757094,25678.604637294862,1,0.6178329879452165,-0.46285534274352114,1
0.4828848315039507,5151.894122407338,0.24586411280244924,0.15234609471953398,0.16862584446866158,111568.62590236355,5,0.5560285986647376,-0.7830492693102153,1
0.8227936052401608,9484.257967344756,0.7422223837867996,0.15452259151381864,0.01993353820796162,143952.90885274624,3,0.6234606302836384,-0.39483500326797083,0
0.826606480557786,9482.66384067171,0.5727443860161445,0.20480112515055876,0.9311361027591025,174825.15147157467,4,0.9049135660738041,-0.471376797719838,0
0.8365808746528351,3421.276357402586,0.7639760846452411,0.31598774761906284,0.9352846951926699,25343.276252077147,5,0.5550673529023801,-0.32860107404769057,1
0.3442454352630252,8194.884812662356,0.06989605741087013,0.09932971494786585,0.7879707809806517,136879.69467440713,3,0.6463596731337102,-0.06166545328262485,0
0.9658987038363654,6142.468501665158,0.48521423747160064,0.3730077472214239,0.3723042025055172,111292.81075528264,4,0.7033537308729609,-0.8739318208926399,1
0.8322602778648315,9767.10268682861,0.32377557926526945,0.15442537790842983,0.15075069629968263,12607.320913235568,1,0.7531663403957597,-0.7880016012546815,0
0.8017342253919815,5037.328912255416,0.8499393107557464,0.21764775361936273,0.3573321210573407,132101.07281713124,3,0.5101952437549679,0.4588667531853039,1
0.8720541889921196,7859.7152461478345,0.7077891569099033,0.19655186547958658,0.7262334667567839,14454.213158177095,4,0.9181626357129872,-0.6332030133512536,0
0.8695451067757012,7797.302731341275,0.8692584708267963,0.19075744882545764,0.3351999651704516,143493.5471529823,5,0.8079211626009913,-0.3220569998044771,0
0.8895375841106196,5225.612242514223,0.04642712240606006,0.2507845022278434,0.7959129430734417,132624.77268400276,5,0.8956943219436936,0.27389390969666727,1
0.5704024198764849,8058.486085824424,0.7208234895666005,0.5934414592019981,0.6730133045103213,126946.41526791509,2,0.4024547412340755,0.9538890570811893,0
0.9304211388694741,2979.883166416467,0.540008352159578,0.3806049062182204,0.6299796116129294,30399.348758034484,3,0.5452186676388776,-0.734017816986712,1
0.8046734121708552,1661.4038447571743,0.8250000290155658,0.2678039352725162,0.9302368466583351,166235.602728076,5,0.8233368534599061,0.5147375167056447,1
0.6755879808592704,4539.055574225505,0.507160590925821,0.2561870473840873,0.8934162901871824,162815.2249236089,3,0.6085329053983933,-0.01744027453713226,1
0.6801930044176503,9464.491238019054,0.540209077901909,0.05367912720150728,0.7116654668625872,163044.36831174922,5,0.7804300256325916,-0.812470486256452,0
0.8813164307089608,5257.0737779240235,0.05176738094206512,0.2577744617188975,0.1992475333510828,71261.60616624693,3,0.6127046991883212,-0.6620326694024596,1
0.661456357305214,6534.961817145806,0.6685228650359667,0.1452509267659714,0.938924224721122,93669.40428633148,3,0.7239643082715124,0.38849873741301955,1
0.8027669133957042,6429.543331124815,0.27313987560505004,0.1899528721938674,0.22712245156693256,29532.207184419894,3,0.8940863518538333,0.7589206863572979,0
0.7987965198796653,1759.4422390605391,0.01969392217882049,0.6627556322068286,0.3725831553144776,18686.210801000278,2,0.9464705917487884,-0.9757528747970572,0
0.668588177864915,4207.820382583497,0.06643716250603005,0.4851646594303432,0.8267811753687597,19992.169805813362,1,0.7734764311885797,-0.5543294149250686,0
0.8918523798498292,7215.92024275781,0.9572856089660257,0.3452442318226013,0.2086571077718734,106690.83365762103,3,0.7848126459208612,-0.28407122764238046,0
0.9494513402685133,9733.9059365169,0.34607728957984696,0.12525367396720724,0.6386032401202153,64638.536174534405,1,0.6424063887735039,0.9775971011025708,0
0.6928500067081175,2096.1685138217485,0.868075628621159,0.06782170829967613,0.45783638033139273,108524.454928527,1,0.8115268152831592,0.30439410095218533,1
0.8490756280765016,4399.1979582216045,0.9596772340692559,0.1661799447674897,0.624033308932908,110752.93991401498,1,0.6475879381142926,-0.2783581383153375,1
0.796648512640361,1403.391098125929,0.9432671888373227,0.08069686376170712,0.9580507709877614,164200.6030770258,5,0.6665031001816434,-0.5966305797602467,1
0.7810137896374585,2802.5763666679322,0.8817252406994202,0.3869007956103209,0.8083642789021221,159988.15216871383,4,0.9017708047078842,-0.5464505962044992,1
0.9880717553407828,4079.2137615984275,0.8948439124613009,0.41521503391445264,0.2958226360691727,132159.19139885774,1,0.39351499726198613,-0.9010345733159377,1
0.8535439316448029,5636.110855547329,0.2890080443409515,0.6011153815073534,0.05727426679115688,149145.57074900452,3,0.4319487662057158,0.9893227867547734,0
0.4912800577949642,2690.385381271269,0.1514698902603583,0.3420797131456988,0.9670443328809968,10537.138748179801,4,0.676197688057313,0.9644726640650516,1
0.9041817432307285,2661.8452811975144,0.6392625620879236,0.13705370233699601,0.5851724264656749,12640.973208324891,5,0.5961749420669352,-0.9776251409125216,2
0.6791308120663897,7889.384801831936,0.48810559186882385,0.1835003852821256,0.1731051394107006,87959.84307462082,2,0.8563271559038785,-0.45840101505640707,0
0.757731564330647,9645.095797995371,0.09874671869517104,0.3493266187344563,0.6271086749766923,121127.93095605358,1,0.7775917488877452,-0.9591079745607896,0
0.6740438123746069,3574.323193638834,0.6775413160224109,0.4352951978884739,0.042216455206495085,144994.31518337922,1,0.6777785080634706,-0.39652168624283357,1
0.6009737900694436,7035.924177038962,0.5628600074847734,0.37726920660039803,0.1875219981342371,86035.38663131917,5,0.468871262614037,0.8025109309819329,0
0.6846611718453293,2951.764382900247,0.8630674008104391,0.3313791338119998,0.6326304203923641,169828.4442411141,3,0.8810257500546748,0.7495482426687088,1
0.7462348408035226,9315.546422173504,0.6091837956883986,0.05553030780869475,0.40247731308928525,148547.49444127345,3,0.9426951429484883,0.36988976612788016,0
0.9294751642416985,6892.5724215712835,0.5739461797217537,0.3640125360771106,0.3250917271676893,27468.456961818854,4,0.54221728384206,0.9742842655050559,1
0.8617175648569251,8125.430119056915,0.4407517233326279,0.5246965720179907,0.6554946499121674,84830.31619205691,4,0.5466800035373354,0.49202241417221537,0
0.48208501733845877,968.8634103920657,0.4627870698888703,0.30951194883496447,0.8664035167932606,179129.29826160954,3,0.5816484442375089,-0.517163242544824,0
0.6942975913755149,6185.806698285934,0.9543812269791161,0.12494346301955823,0.6785910992759778,79690.11354005738,2,0.8354568958608944,0.6698851257799183,1
0.7645387771704707,5512.317147904631,0.13844600940023932,0.21673254338110917,0.46344044060677625,75665.86501163496,3,0.6740250666647317,0.015863393051887442,2
0.5224867922278806,3283.4706156595544,0.44621881858218715,0.039856209050402366,0.6588638310786097,59993.660757825535,2,0.8657477743194287,0.007930094466468862,0
0.6499710538847225,2993.0848580445218,0.6558272339268428,0.20879711511470866,0.6956522157414049,92703.13041757104,5,0.8327626904409781,0.6658538581051339,1
0.9623139193738526,6010.235622011212,0.4330106455903996,0.09030571509320141,0.7750506202321903,134075.70946752094,2,0.5571547044302091,0.06868137258959739,1
0.9436096626317548,7211.613532568639,0.28321562704075776,0.10631070131643558,0.3070483836895379,18070.2255369545,5,0.5412032990795123,-0.3454583546526324,0
0.6856436344030797,815.1411918342951,0.28735737076285484,0.1676969335525186,0.11443369926843194,152071.9953653241,1,0.7717838197062619,0.857490696572496,1
0.7372056030325147,5890.315028275191,0.23365604625771574,0.11434729340391415,0.6818800602125695,165988.5336474031,3,0.5553274329600639,-0.8528595929098408,1
0.725660469581036,2119.365524992972,0.34390320058308965,0.1774485171194141,0.12108477499915948,142785.73464484062,4,0.5890052631275582,0.31555466711390423,1
0.7133588348818073,1833.4459481679553,0.871674775583567,0.3171494219174429,0.4620146221149012,165657.92936976682,1,0.3896364973886107,0.5708678899852537,1
0.6660425118717208,6419.635136899503,0.5052245503229952,0.45004040298766473,0.23070163306177005,26133.761226230203,4,0.7880494360050744,-0.8975175340933901,1
0.7055901006495253,3453.2661135659937,0.24023872807781843,0.22146580674273345,0.33207104318750036,86518.29476283219,2,0.5307165204414461,-0.5312605003842714,1
0.6794526500746205,4688.362214781208,0.3845267170265324,0.4638560972821631,0.4706246076256273,22077.217603837576,3,0.46415888336798833,-0.5535189072236646,1
0.5266564579308204,3919.9886896778426,0.10583041207856803,0.2783156713064729,0.8961766327145276,152262.1130797726,3,0.7699108793100768,0.7785431479604084,1
0.8201074926130157,6659.195041448976,0.904035739738738,0.3420720045288434,0.6804236984715025,171932.94938405365,3,0.8502260130799032,0.30061923143123237,1
0.5481668159115242,4966.137777631455,0.408197832091432,0.2589838531971205,0.17163669460273856,60617.70580850615,1,0.9587469087019621,-0.5661052711356738,1
0.43939829047926704,9652.857289360501,0.9803912045930757,0.19122088906384438,0.8794474319295096,101017.0897781394,5,0.8673686696689091,0.8195642216889327,0
0.8498454084411422,3847.6362115114207,0.34753877326251925,0.4250384941357375,0.5005430048288844,60604.83315965527,2,0.6067488517581063,-0.5126069015059656,1
0.7882976697609916,7532.701232496935,0.8363560472271211,0.2059049619969109,0.2042539859521706,74408.32763435459,1,0.8287027655355561,0.32403855645441815,0
0.48606770136962424,2944.279392038923,0.2563853132914532,0.48141312191323865,0.5274381699995048,91014.7961094798,1,0.9730521407547604,-0.09515008890213417,0
0.8300708048065335,5333.154379948395,0.07615289337760223,0.12767009314406802,0.19092567295778518,144436.42367625522,5,0.8813525402144871,-0.8047762391615687,1
0.8695018105013872,5749.412643068592,0.0317333616738007,0.6173865884946264,0.3673251021807581,34989.572333629054,4,0.5138391585868242,0.506496621744096,0
0.3315925267376647,3626.5381700959556,0.6061684266447835,0.1626965083242757,0.8055238533849821,36699.23153250379,4,0.3842112749691608,-0.3446163983366308,0
0.6766262294255498,4981.915024669976,0.3115736716735894,0.11826918462934999,0.6586155430065449,44316.55122095286,3,0.7196482657235832,-0.27997699610485216,1
0.5922887129571828,3153.1470600356756,0.44351988047582835,0.254129403198061,0.47794194637338727,19035.867637180934,1,0.9428952840725221,-0.5708601175322889,1
0.7618088814965823,557.0074259028289,0.8186470356007953,0.2120365721024202,0.22643934130916488,119389.03675203971,5,0.8705382195853457,0.6085361598865395,1
0.8288450735762977,2548.658865559848,0.24810808569480214,0.5274218258697285,0.2821694115951713,42276.92876529119,5,0.6125462114609462,-0.6799519381783055,1
0.7638118465489462,7150.609638685406,0.30865247673491325,0.14571951016131574,0.9782364094497954,84381.45826194741,4,0.5954037941714502,-0.5635577145804105,0
0.6006623510098554,7824.148732611082,0.8453361850586673,0.32690496759213766,0.34293676300665255,126550.35657385753,5,0.5801243100661302,-0.1866348823976487,0
0.868544938628346,3161.9272378197397,0.4927622733435041,0.4800298083707978,0.6161275506537431,86320.93111284912,4,0.7919759668027683,-0.702352414431276,0
0.7861361231903463,4376.408488771684,0.8276651670524876,0.15471695566946184,0.4997481876071035,164022.90613028922,4,0.8626821465201474,-0.7743932954835937,1
0.5993445770471991,854.9737713168054,0.3744760034663164,0.06270972593226698,0.023104087623388225,140758.5856528297,1,0.894480528502287,0.04338209940093929,1
0.8732273245570461,2752.0975604279656,0.3983699808271085,0.055600552832028034,0.9446747954051168,56413.77149604905,2,0.8317765212415352,0.9071202897538069,2
0.8728737486292221,7902.583192036842,0.16713836177825625,0.28172286920288564,0.0879292618977856,32169.675549685264,3,0.7486930585445292,0.6035560950558161,0
0.3472726935980492,6256.869567518044,0.9163458535949663,0.3169616213852651,0.6587077440912461,162054.42565844863,2,0.548399305550483,-0.6457812889778769,0
0.8936645763050604,2454.8199585665284,0.8967836940126095,0.5097858175986828,0.8110242560911302,77474.30332154625,5,0.9106254764359847,0.1751950272286824,1
0.7203926838605537,2945.6989536631054,0.9842170145647735,0.2313383157539471,0.748734692867722,75027.01058773766,2,0.945869318077164,0.5871234919371897,1
0.2886865467328859,8259.619218400821,0.40244712716971154,0.12194202540004463,0.8092503175572137,147700.6928781643,2,0.8250998004296737,-0.7101248823896724,0
0.6417691149949354,2486.299927976558,0.8186149417586421,0.07841252405492166,0.7397200205006823,11590.314164723619,4,0.8797376382346159,-0.8361699063084822,1
0.7848864087214631,3674.4983955477464,0.4149537316721186,0.22939210590864006,0.44557216695701873,86689.08851211425,1,0.6059594059136237,0.7822097854637129,1
0.8347618305836806,6811.407570719121,0.45429878892097275,0.6247112194166274,0.8962745920411516,131434.41123449698,5,0.9713263907756635,-0.5099123053555867,0
0.8900938301162777,5830.567664226747,0.8299993935948246,0.2074075573588887,0.9124410888080551,154276.69882620356,3,0.6428498628951551,-0.0042441174536616,1
0.6247470451918544,4878.2669497212355,0.17736677088639974,0.0929353657641518,0.4369548778800576,160485.5051679506,4,0.4778674270073109,-0.5825090978463869,1
0.9400987641006494,9047.540364307572,0.22031093446175232,0.3129236274718046,0.48477634964783833,89165.62870332693,3,0.7127478502051543,-0.9046869361948109,0
0.9309344437405874,2587.249395792991,0.31472824039581504,0.3458091993469909,0.4856463969510424,154110.2846879917,1,0.8070149654379436,0.026420848286517584,1
0.813029221033624,7543.488963198499,0.7881790325000575,0.37941624048204625,0.2789028193024484,16079.49931590225,2,0.8015295779475782,-0.12983899310096092,0
0.8894357468926126,2011.1064858727418,0.37265154936808276,0.20796820715403164,0.11493662431098739,61922.344421545225,2,0.5034814432660453,0.4529680243710066,1
0.4117333663057849,6349.471418080379,0.35816820828076157,0.05394859095484809,0.2619795229073535,11784.711429120856,1,0.7423949021478651,0.7148307911045904,0
0.8621823356950847,8770.923852407475,0.9988163452552418,0.37966052551985546,0.8441038084596678,38139.31347208683,5,0.5286303325983623,-0.7167499637743371,0
0.7476790882082811,4850.06696204231,0.38380614309947947,0.2603831052413834,0.543056227870116,133204.31616006448,4,0.8534600089427068,-0.6567040158358557,1
0.6918478111487837,7380.797818317625,0.247770536315587,0.2931858417286946,0.8501981487204682,10752.107123177839,2,0.6347455840358056,0.9005063891166696,0
0.7485797627841438,8293.736853490387,0.6232136782009433,0.5073804912316741,0.7451619374905866,98919.4341574229,1,0.6583179419293651,-0.16410231963871458,0
0.3580273226496802,1792.2510363372262,0.8018799519550008,0.26685658427226244,0.34861451459753845,80377.64567486278,4,0.4725088629118053,0.9054113920397846,0
0.6563657992312305,7205.355505180046,0.06960783372315926,0.23668264257301272,0.18531250044356362,30888.03441014284,4,0.6545583934508498,-0.3231446966475904,0
0.9340882984135588,9238.489727892425,0.618892231138475,0.34803028934616137,0.5672198123117873,126557.8282603033,1,0.7276742491294985,-0.30460179401178933,0
0.3575359865528619,5975.52079362767,0.035735455880224753,0.22993054686049702,0.935856705627567,127831.05702407607,2,0.6884492596397624,0.4139663166339824,0
0.8715472227783906,2268.1613230231824,0.5263323509795179,0.38244058465612457,0.8394152067741368,133479.2520554117,5,0.5793054550265466,-0.8060687516346807,1
0.8804251680530886,1705.9540500949583,0.2569915637578092,0.28808794516679403,0.7638354925969763,140102.2835412596,2,0.893197416877649,-0.17406464368020647,1
0.6010260264829688,2967.485639434105,0.3066416976731857,0.235492671283305,0.7641740817909778,63548.62587844163,2,0.7924155114028731,-0.2390366424229553,1
0.8200700956715719,1483.3760556584843,0.4670959639823826,0.40477338912362326,0.5277532954010326,179001.97912401764,2,0.9248538324429129,-0.9293198242961311,1
0.6723550146093619,5377.243680057951,0.927107460745587,0.3674377448810921,0.16952636876009386,22402.13572913429,2,0.7331466045562441,-0.3747644228002307,1
0.5898333784403407,1162.1944857139783,0.7106673065878765,0.2737238570074369,0.28554456047084,120108.21249800504,3,0.7990160111209512,-0.20298175204535407,1
0.7433887211505383,2622.3439340441514,0.9368455962844964,0.15006518283530842,0.5778928387831677,175031.7665466778,1,0.6896455938664081,-0.8840134002937259,1
0.6229506736133168,4679.149217166037,0.6599710045586776,0.39017063899343923,0.31635342494711427,48132.77846234225,5,0.5377931177851574,-0.9597181642359105,1
0.7118411286227072,5002.190128819204,0.007107747087859662,0.11351835932874368,0.7815667590268929,57281.23783096487,5,0.8415693003669689,0.19972901103780982,1
0.8462814266572349,5871.285608896163,0.2655851973476776,0.0652604712470902,0.3732167611406906,107916.16451426299,3,0.6876079054838753,-0.5883219328137399,1
0.7181202266357927,7203.342146131902,0.9057725777203739,0.23534652289608254,0.11389647969220329,142813.7914717663,5,0.45855965117346836,-0.27485677646791107,0
0.6976706693789906,948.6720768219416,0.6434455209677448,0.508689326014069,0.7825443530332724,65920.98709378735,3,0.8898330990504704,-0.8398812706715681,0
0.6518247727252209,1265.8990456699407,0.9816472365702749,0.4810834504208881,0.6981301832729021,152251.77782023573,3,0.9096565192029881,-0.7982055655381499,0
0.5492356627164978,1078.161942145417,0.1559640192182956,0.4600822564854262,0.25315685345530015,50977.44367842406,5,0.5451942402068451,-0.6911214552734668,1
0.8773585170798112,4519.927996916648,0.2967478331065194,0.19912086285476926,0.9811152297065907,158642.33650810976,5,0.7743664794813008,-0.9403787026925869,1
0.83658440065225,897.5554763878758,0.3623676595170363,0.21530053564113644,0.4031895236056656,53002.03110299755,2,0.5991830500274345,0.5247674250079797,1
0.8351591693856683,7587.772034897599,0.32655781816731055,0.4340563950938687,0.6804606735046052,114963.97646411789,3,0.5250527685412255,0.8123118641092195,0
0.6385419531318708,2618.5017198655396,0.2519915301498806,0.16604494328151975,0.9104484402649874,70824.50623376259,4,0.6633709176050523,0.04428543640364513,1
0.7303398932648273,9422.518686254607,0.44346571575677785,0.20410603125050486,0.15599658831427232,64710.439099870404,1,0.7831171839205174,0.632860992624535,0
0.945835087876823,5120.835673422558,0.6422981233693712,0.04288973128929155,0.8790217906706559,70179.24679918712,2,0.8314496270006161,-0.7288935941818717,1
0.7876939028362607,4740.094648200916,0.31125692288669604,0.38013431760216126,0.7039128644489462,94864.24045754582,3,0.8377741639385382,-0.10144907324574559,1
0.774644719302151,7915.117580075253,0.07969992331425568,0.13023001001368664,0.16756277395576313,153658.25972434276,2,0.8967564218898334,-0.7140125992934829,0
0.8591714536731179,7274.962846983416,0.7085325268931634,0.206379692289778,0.6645121820614361,139084.10012523818,2,0.6489294946413855,0.9905747604482822,0
0.8136501646728445,6269.435889007357,0.45901655578126865,0.4941940814186043,0.8745756177448458,86387.95066436518,1,0.6864132377316897,-0.883735433404178,1
0.7838520622932736,9383.893709378515,0.5564823060900632,0.4829903095307901,0.79901540798413,57967.24918991535,5,0.6920204944880468,-0.11201133480984216,0
0.8763876864370327,4511.462979377231,0.4554006571639151,0.13593261707304286,0.7606069725158155,155231.1667653019,5,0.6877537538402185,-0.7755006805399407,1
0.8493053732486262,8181.050919836722,0.8903575034549103,0.2552727583954971,0.1613361483332597,157931.45201680574,1,0.4942530251091306,-0.8626746485227046,0
0.8917187599096872,4110.882984585276,0.55874499716638,0.024591828198516172,0.19062411052574357,87124.9711067011,2,0.6086649645778798,0.4699606539659402,1
0.7944720023388677,8464.283905812996,0.9232768398517497,0.044257666923781004,0.5477164549850208,128293.79590957462,3,0.7292043867262534,-0.839744741006279,0
0.5085863871453916,2965.008975176702,0.5105753415560003,0.27132478723533276,0.5801460166513663,72774.80586409147,5,0.49673653540587676,-0.9520909710239569,0
0.8423935911807535,3248.0371919423087,0.29258816224028183,0.2645070374744326,0.9436240636185351,35346.60568897273,4,0.6308324581077136,0.8992939923660914,1
0.7890259448787688,6939.760573165813,0.3554425871761966,0.3390099971539886,0.4686813346565555,64652.09348394695,3,0.8262466661952514,-0.6304690093750576,1
0.35279227173666566,2520.7763020420653,0.5221292935847855,0.3466191027654234,0.302502607261372,125954.33415784342,2,0.89936925371686,0.6888757078643224,0
0.6434562133413397,2676.9647767415736,0.5299894378050086,0.061505361647665006,0.19077291123062157,140799.64280156692,4,0.8508380830548252,0.9059614079300218,1
0.4437068301117259,3399.99307566544,0.6873377015489488,0.34131715181653677,0.05417095587590992,154781.41682183323,3,0.9067463850244665,0.5039446036355419,1
0.7208017760369863,6949.823311773571,0.22449487218663078,0.19074776850674738,0.06865357443083131,13011.159013083958,1,0.7770845057350468,-0.7923791287781004,1
0.6821033991720009,8949.186878020702,0.6588428999655017,0.2541952382113729,0.5741669263780136,92689.04196815578,4,0.5696154143474734,-0.659051791771502,0
0.5920399896686486,6908.392685706373,0.7785880083807523,0.4303010653775071,0.17626195808281042,56566.7587542051,2,0.47818014055527075,-0.641733679090037,0
0.5115200722524182,8364.235321269189,0.6765919894669901,0.2242427401272845,0.8516170954008324,126273.11737456321,4,0.9254940123986796,0.3078830145676783,0
0.8933497037936846,5663.825602097462,0.48182810981759083,0.27382866526538285,0.596471819791414,51706.3270263525,1,0.6704521112800212,-0.6408697192434403,1
0.5414347721818198,1154.7706027788802,0.991680651116834,0.45489751672781475,0.864886557852245,106267.6351332573,5,0.898069122317954,-0.9400457217722857,1
0.6483424966254092,1454.4290093307563,0.4048131591292162,0.12425519536582208,0.4274618322595025,131033.65091837122,5,0.3731196398427607,-0.08288194231011103,1
0.8380505932276998,5766.723794485697,0.10659061457982921,0.38401008373656403,0.595776995001736,140911.03633909818,5,0.898839453942349,0.17815378232174117,1
0.8761150244579569,3614.1092021000413,0.821504215407343,0.5071967756341893,0.5254283031424191,55809.609342974516,1,0.9472053902025676,-0.07918580090755367,0
0.8532403345370475,2595.396699550955,0.2122012188804182,0.09168711564235303,0.9866767496633269,24931.464895708308,3,0.8431589589066273,-0.021707090421579478,2
0.9487248402885807,4929.440809374898,0.7132855729024421,0.23022787774737535,0.7968198932432787,47181.272472136436,1,0.8540623560572344,-0.08635106150348593,1
0.4504066422768566,6831.719038590864,0.1789762827151259,0.2615467000793167,0.5954000821951879,111852.34033545876,4,0.657692648604515,-0.46912833877176796,0
0.8307656822668305,4157.423503490655,0.01687739085793938,0.32507827350238416,0.6065859893096074,16876.361557133707,3,0.5541845553475635,0.9117906497585404,1
0.36019328287207153,8124.151442994746,0.15979860378902566,0.3720256421410083,0.24880171265739137,37006.528911130525,5,0.5038603908791607,0.6761715508718917,0
0.7075755320497623,7515.97084242824,0.3769886965758219,0.21645951288659174,0.7347529434197652,179230.70370007356,1,0.49372191455923203,-0.3542951520790376,0
0.8794217749317503,7481.691380515885,0.10661824712979828,0.24815223750665918,0.9828328629689667,74996.34422465411,2,0.5760291090451714,-0.920654542603426,0
0.5683436439585019,9859.30205193519,0.19767908423568203,0.2592577536350598,0.1294313055464773,94409.46664132495,5,0.6181095243095929,0.715994971265999,0
0.8517020100537555,3304.6847850305307,0.764626277684393,0.058667905964338615,0.6372611979690993,11871.217641133619,2,0.6937489507601301,0.4844564917348637,1
0.942235403952442,6624.893070238504,0.7698836079771307,0.5298748017002755,0.5178813215202944,110624.32458825724,3,0.8950193557279804,-0.8375019326463788,0
0.5027388941894164,8627.044231522977,0.8174882271909767,0.3042637123519897,0.8504111926910697,65300.776353474816,5,0.8438034879194917,0.3960293525151597,0
0.7660258891935141,6005.482122182154,0.8411552365475925,0.11577930328853478,4.6869791606507505e-05,100132.84901063927,1,0.3820907925510682,-0.09477130934931877,1
0.7069009427460577,8000.27067309623,0.4204358946137554,0.03177914204932743,0.13658488740361263,99440.11838119978,2,0.7887543771352364,-0.7392973514381929,0
0.9808011234487294,4437.295765479166,0.8675496606935285,0.41682082724370134,0.03707278611889109,174467.76636999063,1,0.5805245253298557,0.44942767376421666,1
0.6706627049569766,6109.667783720644,0.5259368750140431,0.3896061418824537,0.1629332683699577,55603.68974910113,5,0.5806895523712512,-0.28859691322001946,1
0.4503540356679504,1028.8307316411187,0.47059711693600814,0.3373952685251062,0.7079362803287491,106973.59648534456,1,0.6351647004508721,0.8208775644370236,1
0.8223468851425823,9864.792255335728,0.7185363289957758,0.2679803712766837,0.1396714243823186,74863.94139191107,5,0.7764676420616745,-0.9142259610807819,0
0.9590650925290248,8100.175573759964,0.2138184113599072,0.1824621595046853,0.6223310513969875,81739.96769557409,4,0.833309185049537,0.8746531080125748,0
0.9451630029903162,8753.68618049877,0.789497376827472,0.1147780138873812,0.8682057577202308,19445.040638080685,1,0.5766332752386267,-0.8240429109706711,0
0.5322236980538343,7095.795642357988,0.42946582656620325,0.2331281610555061,0.03462355793539118,127037.01215988823,4,0.8149942235816844,-0.9276977193675626,0
0.6044261540339103,2267.475311682645,0.12729541400376043,0.0911617554633085,0.026786415880126535,43198.51934859678,2,0.6532074127897987,0.16359268909877178,1
0.42923512333476055,794.7702029713065,0.11931191351696757,0.19683426788388442,0.9898482743078099,89643.11475265105,1,0.9104718386606596,0.22111303957991635,0
0.8100570355994784,8714.23777349213,0.16490674384670012,0.5525821153349932,0.6732745655538727,83825.83787321672,1,0.9179512886409796,-0.60470213946785,0
0.8572635198663384,4265.14121049317,0.8905727342437824,0.140566254043411,0.14069522174240878,89583.9897953748,2,0.6789184735552588,0.7519757029377687,1
0.5531275469754686,3006.7163223792395,0.9909378222590475,0.16709673768562838,0.3066919899143843,73842.81931357904,1,0.7527629769191739,0.604052581511711,2
0.8983159335425082,5835.893108969972,0.35697379920128347,0.2692817310005376,0.9850051532730195,51205.52050010522,5,0.8954696824976376,-0.4348429890402603,1
0.7792454690864524,4498.5359635193345,0.2921438522052976,0.12996461891838074,0.22721657405393647,86281.38899908494,4,0.7166111267528849,-0.11384955602174118,1
0.869576749571521,6690.826959031791,0.2187709725943373,0.3569009279713461,0.752826565128105,17857.319244145358,3,0.9086176659515821,0.5666298576447599,1
0.5758614901391479,5096.035714017879,0.8238164771672455,0.19615281795369224,0.24118207714562256,51194.833927316555,5,0.9667350764755865,0.6667237286829957,1
0.5364159641413384,7123.714834182571,0.2092074824188761,0.6108342291451259,0.39846763048393785,143424.22316442552,3,0.48553333226947304,0.5925395254739458,0
0.7874475970335074,8607.521060336858,0.9240901299302697,0.7187466236049704,0.8807042517466565,153279.46599022005,2,0.6887275405542155,-0.4641558522382292,0
0.869714961714991,2357.7916040799955,0.6673503789712827,0.316420068115073,0.028438941241743843,131602.58748714154,2,0.4220113774896122,0.5306360886180783,1
0.7072570295408954,3629.6123653721247,0.8971277916691947,0.30928742895959854,0.3072351593887408,117535.88527623747,1,0.966755703396486,0.2652068697429295,1
0.9314640913807277,4649.74807242107,0.5540098543941463,0.4460676540055211,0.4871927084006441,147915.17908373807,5,0.39851837738459245,0.0524713062981208,1
0.8552404760846983,9639.555256262563,0.6906798621824968,0.5486249951831236,0.6254947378268421,31731.257181723086,3,0.7852497753388418,0.9271675673827049,0
0.9139840910182209,3970.6693287011103,0.6194581006577077,0.09877220185350448,0.028241654961538742,99293.20346634291,4,0.8188299209514485,0.19606458918913505,1
0.9636117310188885,4120.44857112998,0.8311954563237969,0.23820737589207885,0.41067096643865975,29773.660468797923,5,0.6344570582872957,0.7374757107432555,1
0.897659063812464,6707.988968115831,0.8358608111858811,0.36946669129539245,0.34428718190505914,142237.2327685277,2,0.8299751000890269,0.5046762788928105,1
0.8002900867990056,4482.397243954518,0.5897929998451251,0.12062693434532551,0.026866601918383193,98494.58551882698,5,0.7740199290850279,-0.9098316043255537,1
0.44933200739380913,9536.62558357625,0.6325076493297723,0.3257419039332962,0.3553677107673763,147704.2304820689,4,0.8498587294065975,-0.46613584672683106,0
0.9640089371525922,8997.453224516717,0.92187592049783,0.3184169616949974,0.9316882891165166,145840.7822625566,5,0.3220826680083271,0.21832406153381023,0
0.568070131414278,5377.383388868893,0.9298664839649694,0.421495566745162,0.27462844273339104,89256.10406325132,1,0.6426072561200858,-0.12340861558420824,1
0.654829098465105,6625.364722504573,0.6642497838951816,0.31074450184380864,0.5855912975175551,94468.63011308509,4,0.8086396138888463,0.910987705897417,1
0.5479279881028558,1051.2903378943952,0.007754278173163542,0.2511995712267544,0.2980957073692857,14805.474183420374,3,0.8747661501238762,0.16723609018584673,0
0.6894183590161296,7109.440016307782,0.104411214753941,0.23411478394470092,0.10666612063070746,98997.25936412088,2,0.6634731434715521,0.8581687634219626,0
0.5938053022461133,7218.4082930158065,0.8579425317744162,0.08018431371655693,0.28972348004027904,125169.01193197399,5,0.5506437401703135,-0.5882211983810004,0
0.762215585954769,3912.3933086104767,0.0847141163708015,0.06015958949424467,0.47075913891002574,49721.46858461649,4,0.44292814655509977,0.7955229873657488,1
0.8504108760319095,2586.98739444009,0.21351918085506638,0.1373856235717692,0.2962083978464397,177709.61898513645,1,0.8540101522230648,0.07428329271805079,1
0.7511531685616403,9193.244817261659,0.2305466802216518,0.42289197563938147,0.6241693211540613,175720.90855983988,1,0.8915604754027205,-0.5718485388329089,0
0.5946315448028936,4553.696557648713,0.6002347697799049,0.038027354334360386,0.9490887219819523,58081.201116611446,3,0.8251590178721173,-0.21954312413874932,1
0.8881333099206082,6710.2079956162515,0.5766327978837642,0.04408442812621077,0.06927156401709267,131205.45359881292,2,0.6733888930255144,0.9376574199005203,1
0.8986537218376736,816.6235522744316,0.2894175234204003,0.2299508027709829,0.7170043606743312,15100.28358752645,1,0.7499031611490005,0.9189585424744595,1
0.4541972623381747,4433.638082479945,0.20761136556844284,0.517467732955619,0.0012564070943131833,123177.96083008654,2,0.8815752357586947,-0.95604158541554,0
0.7807809200892875,8263.95870463186,0.7645320298574758,0.08466327472792907,0.0010214990505441612,116082.80288546775,4,0.8152696997768323,-0.3851811716939577,0
0.9160215321759939,4181.9720038067935,0.9354561556059762,0.029612869956739916,0.1329193547103359,149767.14211997218,5,0.8767833396785272,0.7986700882463857,1
0.668034123213364,6230.0310213003295,0.0528056799164387,0.30331064189441304,0.4799305041936497,61742.063749214925,3,0.9513883631061985,-0.9349610537628561,1
0.7490202898448496,2493.630104603125,0.13318046270486283,0.10825203038716043,0.04800403491483396,159261.7259785747,1,0.42138105278575694,0.913871160159843,1
0.768986827832609,4456.993663975816,0.6421639887057075,0.13992534735306789,0.7221517677614021,155855.7546111775,5,0.7307375659669749,-0.224037220848329,1
0.676482447436275,9312.558321505272,0.8044414516714257,0.16082584436998884,0.029281545122739616,123832.50324531647,1,0.5865562031217335,-0.7703802256960397,0
0.7811676476877288,5881.291622159853,0.7911886687763996,0.542517258623238,0.4954317747265514,90296.92772239503,3,0.749976583999527,-0.3977134812569054,1
0.802394943249713,9068.348861382849,0.7196831530826893,0.04759251411577765,0.6760986376536918,115128.21105120078,1,0.9266447029074385,0.6163253073993677,0
0.9591457639062969,9069.18334515066,0.887427954498092,0.5237267794509596,0.23755060599295008,134092.9907231785,3,0.7772348822263001,0.9968799772831964,0
0.7884017711424025,9469.404104032556,0.21734887957081284,0.22304089254858203,0.57929813711889,175792.73625693665,5,0.6502278647108808,-0.7323806183334696,0
0.9566210096431114,9006.220770761,0.10729094649194715,0.1736649334013376,0.26178141496589247,30693.792510281048,4,0.540782226783543,0.27512635413052355,0
0.6159546843438954,531.1707255978561,0.6153629700913683,0.4098615419743054,0.21409726068597623,63222.372754692544,3,0.6401173829818393,0.8506185295394046,2
0.7688981522195986,9373.14147002517,0.8222758915234324,0.26920237153334325,0.8183894143525358,142721.77324005516,4,0.6034978472808196,0.7994234745434083,0
0.73498258245365,1805.8646713110757,0.5820435784805732,0.2529997472575338,0.33291334128064,79560.60380857452,2,0.6513681621548044,-0.23328345594084943,1
0.8333109729140478,879.2993855559303,0.9629974874589062,0.2317248531126819,0.8139795669675893,124321.5951488221,5,0.7053089592351756,0.731548080741449,1
0.6388861240627407,1026.1910784915017,0.7955644613917894,0.46564578763354963,0.21690941177855305,32630.055639041377,3,0.6625658840418222,-0.6168247138697449,1
0.9352316929907271,3814.703854176119,0.7007918009092609,0.48590265579412667,0.3558655705176883,130557.47262705717,5,0.9666639866115769,0.26424427506464054,2
0.7981484368206196,6397.63881005354,0.06025729087173359,0.2895131693333457,0.10265881365971796,124590.84917948127,4,0.684468610380495,0.19599964488129396,1
0.6232732081114306,4321.956366930476,0.1077422387316821,0.19701526579570108,0.4965003882942609,109589.41135661394,4,0.6856981857828011,0.5657690067143224,1
0.5425549955584757,742.765704169105,0.7848376325911943,0.39306495195696456,0.3815942923948923,140090.45408683553,5,0.8856191991464577,-0.5420077857076513,1
0.5227298794709063,5026.585024659789,0.19823792557702935,0.1274901554175793,0.005956619658828988,159619.07952465198,5,0.5292354903399756,0.25770288965244403,0
0.5017176206616485,4700.242051568611,0.028835176078990554,0.36306187978097965,0.4648551276947912,150981.4431648276,4,0.8146215886794107,0.22084986062615686,0
0.5605741084987386,7690.068022265646,0.9107606857469649,0.35575735445856277,0.07441463644775481,31687.59622839623,5,0.7059085282430323,-0.8315525645245192,0
0.8739469945796484,3156.322535041664,0.8908053737012341,0.25702188486355865,0.8369560457702416,136546.87300497372,4,0.7333201546964758,-0.3388160569657199,1
0.547962042169328,2566.546151046488,0.21848382723149185,0.4044778728963195,0.49369317432702553,86459.95499130907,2,0.8730214438300584,-0.5851239057893232,1
0.7825184635070559,2931.420097927949,0.7802062580729546,0.28069494728565336,0.6900506965235911,66759.909145136,4,0.8651996620120496,0.9991839561720144,1
0.538997455513186,3385.528314983556,0.04797966121165509,0.16415341859063678,0.8211359956205946,159540.42958657668,1,0.915018662815461,0.9811994380542921,0
0.6810705214260466,6192.066296988081,0.2850580038232631,0.20955767530807512,0.05117790575025294,105134.24989309281,4,0.3904886858319811,-0.4951353839215942,1
0.6890308811928142,4979.492111794759,0.6236669082566249,0.2764842162941509,0.3371977508527513,95209.90444555302,2,0.8695713827902017,0.6170415094321,1
0.6506537250798645,3700.49836920105,0.7631789961583855,0.24935078673974653,0.025117826942122945,143381.88993906946,4,0.8501481190353563,0.6329254537606797,1
0.7005242624708561,4055.984503694945,0.010399188788189573,0.33887876593158994,0.049626585969750114,104062.4528116499,5,0.7425354472923852,0.871806891719531,1
0.7540940435299326,4023.7747715102732,0.32620861327374406,0.15441444567322468,0.03783245123706058,155861.2895053784,2,0.7877821373822175,-0.7416573327127667,1
0.7399303117933508,9737.863599748014,0.214345560063674,0.37284489442977997,0.47790654120179665,27493.162104894785,3,0.31957243137321123,0.3351920761825289,0
0.8455533755341779,2713.4713865030494,0.9987804057487236,0.6768734946623065,0.450678047565626,141942.6209527456,4,0.7641019099489714,-0.5882284363488388,0
0.5578544311138992,8271.584822586457,0.670982232385235,0.1592557988468639,0.06124044613297719,37851.880293960916,5,0.8859083746669442,0.31531881767086634,0
0.7953548623976918,7228.002957087777,0.4056714528797438,0.4301898844141748,0.2623684663515926,48289.32871430425,3,0.43423175083954113,0.7443552126019746,0
0.7949275944676922,552.9150532337305,0.07565260198068502,0.13794364775867785,0.244491195506772,40506.75854285018,3,0.563966387837597,-0.8375114173463889,2
0.7680364731359623,9935.174072192136,0.5986702575069638,0.1753161550516568,0.29661513409240625,50531.62984398462,3,0.6189056113537944,0.27398825873565547,0
0.542893063181009,7686.174021018949,0.6417014709360642,0.2515599695612433,0.6407623987888333,134411.2184368489,1,0.790924227390215,0.07521096472871136,0
0.8655485360752754,6983.271070332517,0.8164059275031351,0.2517333262852223,0.6970672722235737,121406.3910919445,5,0.6718102333196264,-0.6488065068469344,1
0.5771174267054607,4350.584722928054,0.2885768529193635,0.0816573797617853,0.3390714298501034,49062.82006624812,1,0.5925890473052873,-0.524887060880564,0
0.9105991660327397,5774.429344685751,0.9814280804800964,0.4390211380053117,0.7882306377906901,55929.739252214225,5,0.982574531898862,0.04100212867467112,1
0.7356224183703731,2906.073508840967,0.4394657393139495,0.12470074535040816,0.41786017600692815,26879.999143630408,5,0.5032709254157585,0.7209841947210722,1
0.7427791936148864,837.0923488841261,0.29594375465949363,0.3369808154736918,0.5224026908451536,80454.03877500408,2,0.6602298560078691,0.3503633153208865,1
0.5958800329324698,8442.205755236742,0.34844933400145783,0.07549090727349128,0.14554960041949483,74359.47772821455,3,0.8426897798125759,-0.9451020002915604,0
0.9133422157524486,9016.60268997113,0.5195860529671238,0.11951063956794256,0.23289544406596707,34788.68451374408,4,0.5202388498366686,-0.7476094423214876,0
0.5784131998001011,2043.4710478352788,0.9367015645071273,0.07860602167076615,0.7275552354208882,151886.25694770808,2,0.7952886096702458,0.7653233746297892,1
0.8848425465645193,7977.032910534464,0.7351587979194005,0.18544294350247437,0.9770422365196809,154941.15827274852,4,0.7198078174676893,0.3052635028192281,0
0.5295081524849873,7540.950396213758,0.5771096494637823,0.11426862469293712,0.7046535556298819,28537.956250424166,3,0.7309957289043759,-0.9638743106232515,0
0.8064693001419327,2194.5625183928596,0.1628103879798618,0.2919349650230991,0.05419838582207859,55282.212053715906,5,0.6805544800788287,0.19229175367171014,1
0.7830646374398563,4507.373624460542,0.14935331089087167,0.2829396033557776,0.1428913532003958,135135.13015726174,2,0.7143182591731548,-0.6628464531122402,1
0.6226861084532436,4516.200247923982,0.502196913813564,0.1649215613478639,0.44577854193424993,157894.33751642384,1,0.7588501153286968,0.8398539915943444,1
0.3071215874388056,7719.660453899861,0.7287087046016492,0.1801153220331744,0.7325728628929403,22184.408056834138,5,0.692544949744951,-0.7551606685884871,0
0.5118680729061208,8457.778604872527,0.7510121727551101,0.49995687762491947,0.16593245794914868,163402.95472374168,1,0.5848086495032832,-0.8460502558436047,2
0.6029954863325684,1400.3636532180246,0.2259143838762584,0.23317145777775936,0.7508211365925147,20478.316306573215,5,0.3444416343694662,0.28961367086676293,1
0.9463039106805294,5848.207731589928,0.10009951284725327,0.2289977805629126,0.5558357239593209,117743.27309528922,5,0.787537934244644,0.5854907241087977,1
0.7868502062427791,7736.61072082441,0.38446098925378946,0.2468121465445813,0.7745431787605763,13752.773005863011,3,0.7212196536842206,-0.4523782378874224,0
0.6712147220852495,7968.8106436190055,0.9181725432440743,0.21913629167324974,0.5576376141129367,167805.05369656044,2,0.8681213175948683,-0.3973179746107076,0
0.8978007637830253,1905.9384820888847,0.5453672526693822,0.13634809377415402,0.6025231779248632,70127.41039373264,4,0.71593685603613,-0.28642072694838183,2
0.8072995828221484,5492.2988599325445,0.3200997668317743,0.39224433330633535,0.2487470660249561,120296.52281731785,3,0.7367803373268063,0.5316167621090062,1
0.6401352198628608,8646.807710445679,0.32363766833912166,0.4812255360593557,0.720189736927828,41385.7738437153,4,0.6959566148612312,-0.47601895841282116,0
0.6387842116507655,3525.9264775601996,0.13208704522218495,0.08546597501847893,0.8440143682522989,64613.42072070525,5,0.632562065787518,-0.8236968909172004,1
0.6728640929242197,4538.610539662073,0.473223736106158,0.27143011865862027,0.8712908078188222,137040.74197665707,1,0.9925159618704282,-0.3816567843972709,1
0.7932502998149824,8141.4058576951575,0.7913626785148384,0.49119861057666736,0.02945305261761133,175409.30074558913,4,0.9501750704949343,0.9320663346376643,0
0.4010136119707568,1348.5354512457418,0.9685586915273413,0.7889899500331046,0.6245978009661893,178649.05940360128,1,0.9076453205568314,-0.13092504944791283,0
0.8692993073424229,8665.186253945292,0.5015949999579754,0.46359573511320495,0.9895383341835815,147645.51774519382,4,0.7118994536927239,0.1199569308781403,0
0.7932401661339586,3455.988808942686,0.16721491584268844,0.2736910528755656,0.5869156565528894,154022.81674970628,1,0.632934303349666,0.5246049374944586,1
0.7181553135510255,513.778007615708,0.6829503998028645,0.32917399634658845,0.17126900752861973,174798.65622168683,3,0.6470348182886329,0.11705655483177257,1
0.6538946517437563,2724.5118780354037,0.7567913427452954,0.4906099141463818,0.8776080908081556,16853.83726071693,4,0.6986903968961283,0.31369541739383866,0
0.6943275000130085,1350.2560885073115,0.0716997494231022,0.026855726454548746,0.2643064148505675,38925.57598749877,3,0.6291766525015974,0.760697730440494,1
0.6670563877296092,1377.656616464319,0.8501391296312288,0.193432995275379,0.04501345956120928,18955.222348353927,3,0.6419042130235608,-0.2540767016199903,1
0.6094997440259539,7081.939474354619,0.8293223899958574,0.07341991095918297,0.4305179678243881,95197.39605914833,1,0.4196480539728979,-0.7770414848910903,0
0.45643586803287234,2532.775188571116,0.47254105403911795,0.4018472396141697,0.10027269341553224,172943.17165077585,4,0.8151735110265631,-0.8110756910113666,0
0.9012438905436297,9380.052448281333,0.5604225186158683,0.10765962553406117,0.11524228683756688,109014.15177298879,4,0.8917211854866837,0.565293633757346,0
0.7957954187861261,5406.223192617388,0.7134080637109191,0.47747693359692883,0.4632891474224612,104418.69969464334,2,0.5944126165932969,0.30984333572520084,0
0.7779518684450557,4870.933450571726,0.6767481250628593,0.14550864828456925,0.6126834120759108,150536.67978252712,1,0.8716485549418977,0.13295192748862217,1
0.8562434481044091,4625.69342309144,0.016535978193209067,0.45581081995863454,0.9053920616587324,167921.3099093555,4,0.7234638733892272,0.8599954277558968,1
0.6727127910725418,7079.5825768805025,0.12243530384848578,0.43438156119284216,0.7052529340125179,128754.38935931418,5,0.8996014165058125,0.2536879065427442,0
0.7187936976060043,4796.49624397428,0.1625905557812457,0.3242608548648103,0.8426031516229203,162214.15299143043,2,0.3998659541549848,-0.9046368876569839,1
0.5149838114927157,1721.7033841393225,0.7556758890720988,0.6266787104764515,0.411784414539792,39786.76742916505,4,0.8414607655390897,-0.0626949852764922,0
0.5710257199923331,8861.635716087187,0.44008356289238004,0.07272549559648551,0.3185916951465455,95579.19541853413,1,0.8318689211172572,-0.5702194937380716,0
0.7588252532421038,4569.755814793758,0.5455026263868251,0.5207524793394003,0.5928402668182311,71982.85639089349,5,0.7454143291983072,0.2426012025731361,1
0.8337276287964589,1203.0434691452735,0.7726874368954841,0.17565578576937446,0.695499567426599,66528.62154166418,4,0.5358589586610533,-0.6246144385501307,1
0.5530131859871288,5528.97688122873,0.3409822690640908,0.26965037596992936,0.568250444851471,46422.55092227428,3,0.7987753069923272,0.2899743595465012,1
0.990769209532324,6649.795155329182,0.7488902273187731,0.26369049170680975,0.26452127390643454,161979.41909036256,3,0.7028292690919579,0.7666589387035871,1
0.9443998538648304,3118.033409498706,0.44229927462955965,0.27855011175821326,0.3697238893384037,86562.76725558679,5,0.6251742269368961,-0.8456662173494616,1
0.6285401789523131,8103.233872901502,0.3771801877742066,0.20285769921187077,0.44830470605590766,100143.18412348763,5,0.8737397911518381,-0.4820502260925952,0
0.8399886414941705,6862.870537354956,0.3330372640547401,0.21269897071415655,0.014151904095302537,56972.81843784456,5,0.7815368086521379,0.34698924819517796,1
0.7530063864453667,6678.241108012117,0.9649448154923829,0.11988895810472087,0.879838785423281,173684.65183962745,5,0.13756569946541475,0.42242976373921226,1
0.5843194927977614,4497.8370522440455,0.7719734107089788,0.07131446465159488,0.511410169798661,113905.70055949796,1,0.8752068716645353,0.1735931916727418,1
0.5990022955057938,9638.195363407234,0.020195940773529375,0.3460031717393052,0.7510299472176981,10118.010405447145,3,0.8449129306992431,-0.7218089906910097,0
0.8073364210252524,3104.7970955178525,0.9574154865182017,0.5306892413371143,0.17191129805607042,55541.719016320996,4,0.6586018935800707,-0.5147315347843169,1
0.8032307122100799,5988.2022596468,0.7754396297266734,0.22731702180184246,0.5566436914201638,179889.09056756104,4,0.9711605182722055,0.8147001653356576,1
0.5993692009741056,3436.023995989867,0.14917471445425556,0.06163163073844574,0.9261311715185564,175711.72005324924,3,0.6499607191125465,0.6384623310999413,1
0.7517449290537518,7575.645153229763,0.07633812541131713,0.21042158086499205,0.21427678556411733,102584.8010213455,4,0.6175634160849505,0.9000455181993152,0
0.9047779557545984,954.0190967661538,0.3081940936594534,0.2748895781109766,0.3458562008202015,105899.93591430773,3,0.5956566147267613,-0.18185004378870429,1
0.697917617192305,935.9917448129677,0.6241815293460617,0.08234213846459797,0.38832317115050796,163270.0444371661,2,0.7043818527305947,-0.12087881282535728,1
0.7419406749965687,8203.179210428518,0.6165466891494674,0.3291072256759394,0.38330361154707804,130456.20987770037,3,0.7609170438889877,-0.48226991702176014,0
0.6710158972678617,4625.547530104875,0.27585012514922047,0.23154041511347492,0.6006225941643604,168476.7856664387,4,0.8349765962777653,0.0490621344924862,1
0.8381637898170762,3741.2105187033794,0.4456749786574178,0.15177785685563772,0.39377024658788395,91452.60564408358,2,0.6374238094824624,0.659701754502116,1
0.6553708983537365,6271.505190665715,0.21189015571373548,0.03582387594115361,0.6740544964930651,175903.12189724224,4,0.4749691219251875,-0.5046382422186741,1
0.377928603258215,7168.043766755249,0.05057868516673747,0.29765321857656063,0.48456032829997553,101723.46343099931,1,0.6380056530888967,-0.7187253551906843,0
0.9331217606182102,2411.4127950218626,0.5169704674268787,0.3085858912430119,0.157625926650238,119622.62477211199,4,0.6968962836249684,0.5010613943335849,1
0.5594378201873655,2261.5967933449497,0.3469911342520381,0.2171766515193372,0.9485682354714962,24036.36635665981,2,0.8628309105915307,0.38679786932939764,1
0.4748445998954276,9602.432103718875,0.54288243229793,0.392910211094142,0.23951634344734918,113977.11616553343,3,0.7930727466854545,0.6584411448082803,0
0.7920127768820547,6101.810910653408,0.9465073224704517,0.4422762698173497,0.5624699279242281,140521.9109047659,4,0.6953526286931996,0.5030762354316654,0
0.5112106097692911,4206.106534295547,0.1433703116953211,0.14724081559205157,0.06069403762682424,84681.73887761538,3,0.8972753649144396,-0.16140645460677594,1
0.9075973766317633,8113.696099360312,0.001962018310955327,0.10350161337966099,0.9186216800764823,95414.49568773778,4,0.7899254862822119,-0.6864096039447123,0
0.6626371826030342,5489.010108390214,0.07687821328212519,0.3939294878737311,0.9279960867362067,76865.66159335551,5,0.6155265036849036,0.42904281510013975,1
0.9133428943889127,2795.796698558523,0.462708296101629,0.19006747196012475,0.3645439239443362,174737.05623640463,4,0.7837254875346363,0.75680471971258,1
0.46662260033368397,2463.985403594951,0.7069320298023235,0.25323531838715585,0.12098016112106058,91026.12017450595,5,0.7253073035273266,-0.6943861760290437,0
0.6956450438853802,4270.163028613306,0.580763603317189,0.5882594544070111,0.7699841164155568,31455.928514454314,4,0.6913716061482575,0.037329585229324724,0
0.8515259986729612,8669.010672468856,0.494894607373747,0.3786397010164138,0.2622526762240721,14908.27108257052,4,0.8414561322085878,-0.3422825452273528,0
0.764738925556761,1083.7552024204597,0.3539631310924124,0.11609107296284375,0.7006156374170058,141319.76350185953,5,0.7245955168445468,0.038924103288959344,2
0.5195096714813354,2575.9970071702496,0.309974171531501,0.12860142036945985,0.9151481971201072,103104.38423423252,1,0.7723821878060403,-0.9373455925501208,0
0.788970570002941,8984.942279099618,0.3762861751049801,0.3023890092512592,0.5902382885174989,10470.98591219267,3,0.6663159624566483,-0.2929535204980145,2
0.8798634684539,1656.4784052078799,0.6116349540090713,0.346729513514095,0.8612375110099733,75028.84835200271,2,0.9400404187277093,-0.031546125478776554,1
0.572326695331067,6481.4443235096,0.1677539558655362,0.12153731496850792,0.2246484522638258,165388.37592717557,4,0.3944457533093998,-0.6982603443879782,1
0.6611923628956536,2528.3579971497384,0.7713620830546257,0.3789208944172008,0.9104307514156204,171118.33742887422,2,0.6244566823056305,-0.1850228338422455,1
0.5427897214365497,6255.735051362939,0.5752532400931103,0.38080004799148076,0.22664455200177624,19105.072218762456,1,0.7307188432217245,-0.6479524472658136,1
0.8118508161140532,4139.489585020205,0.26915637761142763,0.3897527410933036,0.22580011264286481,30981.810328759806,4,0.72754414696551,-0.5686854822791394,1
0.7874301289681841,1465.9305160944227,0.5011529628112837,0.632680266174603,0.8798688830342527,10827.958655744078,5,0.7138920414562597,0.9553279729394333,0
0.7586546578413662,6033.5131417640105,0.9627786876851664,0.3498298453901308,0.5549034841949853,157674.53108436204,5,0.7791293019263328,0.2036198469545203,1
0.7810258655437847,6988.906097303568,0.020491529145194032,0.07344450815991357,0.7994416139340355,22050.65839033824,4,0.6897641447547758,-0.22116761258798268,1
0.6923380109414246,6962.589880175126,0.19952264090122918,0.12937512786177066,0.8024887465331384,28343.025877382323,5,0.9845472897116605,0.04255305235983964,1
0.6444137941278283,6551.826886190741,0.448380239903278,0.2246424164158752,0.6469613199464878,48695.85042770455,1,0.38070901510267796,-0.23386830083023602,0
0.7823438062605124,5252.135418887685,0.6384397217798281,0.13112969492751636,0.18907372243638665,165932.4237797069,3,0.7280201394120595,0.20367443361924153,1
0.6077830809236552,5434.989860163594,0.2122282662854852,0.3090263365125232,0.6920940350286763,126999.78123870194,3,0.7991226562382207,-0.9990409571297605,1
0.8593149397950012,6538.581043175616,0.9314039483761962,0.10234316076228485,0.06363466676412954,114869.83116046632,1,0.517783765221098,-0.5277576368161114,1
0.8814534188454423,7057.46393659309,0.6425720124246421,0.16374116411058123,0.20066804616869416,143391.6739644348,5,0.6924549325356689,0.9778380641187183,0
0.7862296340212258,6721.329018898158,0.8774319489564305,0.07222814813734749,0.6429118323693761,127858.36459922887,3,0.7068559105305717,-0.7753118776575822,1
0.7312484664497211,6075.982866677791,0.3293179302503185,0.48706300851736756,0.9078097968995105,136807.55951580132,5,0.6767929277432587,-0.842139563571167,1
0.4556367280477321,1980.4703556391248,0.8289539343066296,0.221948549192894,0.771692809636166,22521.594578653843,5,0.6992011690530655,-0.01367132066764154,0
0.4862550683135078,2500.8571156821868,0.37821921689944626,0.5248915514395904,0.3324577584426639,110260.10039496946,2,0.8978497767589727,-0.4183384663246448,0
0.7399702935221487,2972.1281998358095,0.25275177246120495,0.31419135397893605,0.8237017806724998,138045.2388334994,3,0.4908569038596939,0.06757668508389747,1
0.6757925657639171,9236.78574233127,0.911655339163793,0.22269331854406157,0.9665972922908275,106161.96545666027,5,0.7471430255581317,0.9214519906349863,0
0.8917526718841037,7714.253372071182,0.09221847567885455,0.3268713164644622,0.33195034111926036,12005.1284719691,2,0.6691343993389018,-0.7476653800557387,0
0.900275750945833,5752.2347856003435,0.9428887960564042,0.10876720836277183,0.18682543173282684,45890.38121208948,1,0.8993493989810314,-0.12005018962730452,2
0.9682933633564743,2894.540821168445,0.4585152058676055,0.1526491523296083,0.19751445669531753,173692.99950138843,3,0.6767202143667577,0.5176234896002732,2
0.927610421148277,1553.4694708196262,0.9926254734858617,0.48118713289001347,0.40032362284462597,129798.08895659445,1,0.5049779617411282,-0.6785183519401958,1
0.7609081359199112,9038.21264680976,0.5395946537350288,0.41355040289530764,0.052323407774328756,127045.83314963902,1,0.49567917412511986,0.42420796097165336,0
0.7925438014216961,8980.327150317711,0.7574881720823031,0.17732075678508558,0.48775734447555075,122242.9151091125,4,0.7994294635465163,-0.19959872135480472,0
0.7149741344899858,1551.6081591090697,0.007071016338003999,0.1394041487575615,0.7322985392667755,31727.360031148404,3,0.45048435076946736,0.24161205379264472,1
0.9499335492156892,8073.558327916713,0.49666681996016515,0.5508119360848003,0.5304595398194485,10694.072768630429,1,0.5454183195158907,0.05122638599546114,0
0.7896557949939793,4743.12815844417,0.7374534716181153,0.1359963533200453,0.9700502464215113,84910.89407219958,1,0.7235405314933515,-0.09888836290035452,2
0.631196172500542,3577.685861890131,0.782827019958449,0.35364839164456047,0.46170079678863474,85535.14882370278,1,0.8916765215472527,-0.041930867880283884,1
0.9411280834026636,7521.493093982718,0.15804858260159804,0.3366425994623836,0.013258845141901787,148006.9266985688,5,0.6058679038091669,-0.705509035072561,0
0.8507837381689941,6336.13064007694,0.41897095038277865,0.11046027991714569,0.4701243546934991,40866.47778075443,3,0.772792484669847,-0.13163355941919508,1
0.8842143817843766,7910.286022136705,0.4190719581193387,0.22724576605088334,0.9298821563844271,56768.89772685955,3,0.7590830005411673,0.5061461541006107,0
0.5784878499693944,1206.1241760129024,0.10364080849905588,0.2887566438056112,0.09586135358447312,23301.196387192635,3,0.5117275527704791,0.7933033514152235,0
0.6969227027450439,3526.576689595836,0.44304550769146667,0.34879017545112806,0.2229674565333667,77978.7559989539,3,0.8947754885097643,0.25337233084181965,1
0.8256381686488442,3533.5100789589897,0.8070929586960054,0.07535298048406153,0.7155592665096354,53518.25724375241,3,0.7975958883548537,0.6546111510715373,1
0.3064418285509512,3632.654376733772,0.300180737618987,0.16025330814529803,0.2941006855463433,54692.29350586311,1,0.7428932398325606,0.015119382866603415,0
0.6157022457339184,5273.558790116152,0.4325745218938831,0.3620655162498746,0.7652409191572271,53189.024810165,2,0.7985919579770004,-0.5676724421303916,1
0.81442178666704,3188.631129269,0.9609586850621427,0.4613598925916891,0.41932423749377234,49358.146555303385,4,0.917150626305203,0.4478991773093264,0
0.5468384419558776,4721.644295831437,0.031708075891562215,0.3632381340716314,0.7960671248229406,64364.81514952074,3,0.7379654433913054,0.4036982844363528,1
0.8479683557734639,3993.8871345964503,0.5915217678953557,0.031748546280954124,0.5515329354950808,101237.32801292262,5,0.5311928381799111,-0.9854594986143022,1
0.8607757693293442,7485.312456194857,0.7434360917776291,0.3939323988198462,0.08246863331867937,84410.74711466373,2,0.6174350601074222,-0.041017147284376776,0
0.8306140040771349,6233.257558912976,0.7608824340311784,0.19406146961876822,0.3861362547786342,20785.98340835621,5,0.5784162127465373,0.8734842422186231,1
0.834892415483499,6709.479607014497,0.7159380248840443,0.059084620687770095,0.33324833006091914,82396.17683916117,1,0.4100656045107933,0.9687161902765293,1
0.7356477341868471,2500.546993785122,0.7264514434684364,0.324039107814447,0.8100811962711754,153867.30326713953,4,0.63817153258296,-0.08615786598483766,1
0.8554248904383601,3592.270570605449,0.05901266567304986,0.47714745320902036,0.6248783074627893,27119.699969426452,1,0.9003645686075566,0.4435763898175691,1
0.4891368248133261,701.0717523147057,0.5341366191363328,0.5049937589069446,0.7774008085054879,170541.4718863814,1,0.6390443722139628,-0.9647122453854529,0
0.7658079504790505,1529.559719285114,0.782969071657256,0.32650796096524715,0.37214975891446944,62460.36303004786,3,0.6891047695790117,-0.4638301118129098,1
0.6416344427171948,3018.0152038944298,0.0940650490373296,0.291929959966443,0.6917432593007921,12471.056998255452,5,0.6896293267816217,0.4435308736836694,1
0.5260761408679248,1121.9053523692,0.012049922386867862,0.2282126435146624,0.06523438709986606,53036.44844093392,3,0.7247202421307096,0.30599291112189575,0
0.3754374965772714,6225.007803369674,0.8145618315996581,0.5147260412693275,0.03672345763161955,21842.135494299582,1,0.7920864218570896,0.32113440236510304,0
0.4969359856487292,9982.23610127634,0.7122943875664892,0.4658869233819712,0.28746787648142913,106284.82882963424,4,0.6035611813024144,0.3929904390072074,0
0.45404784817976085,1457.7445336211908,0.4122064169144426,0.29375919994256716,0.7736991772075711,63775.27168359344,2,0.8290468891475268,-0.14131264673907928,0
0.7718116428628737,8301.687020358018,0.9403964325741719,0.01745962211585356,0.5340874769421038,147169.024367194,1,0.8954758660340857,0.875787099811332,0
0.7105205824223705,1628.754349018898,0.7665980946514712,0.47429429048874716,0.4088217906896743,134546.26498103785,1,0.7946890980165359,-0.26770733935637825,1
0.903524222422448,6864.1831785661425,0.9678609416065774,0.06068256510558624,0.8966346284391546,89661.3981127519,1,0.6912152183700382,0.8041742742042819,1
0.7355634201096786,6609.997229060663,0.9293152595474673,0.200736206481694,0.49736160367523685,105302.27384302176,5,0.5550589652143736,-0.8794077510642879,1
0.8556708221414717,9075.810880706393,0.4812936029793071,0.2501508069535388,0.6133891437984954,113490.83216677343,2,0.8014770653903478,0.698379413584586,0
0.6194850836800997,1582.4833299648676,0.754708978643566,0.04463445700711473,0.9858286139249826,56019.796857234156,4,0.5083802697443481,-0.3934315889752098,1
0.8529859556938088,3496.722427778029,0.669191388807639,0.20871282147112985,0.5223919705448368,33693.98344301188,1,0.8308151802823973,0.3195221481392636,1
0.739111475000805,1362.4077233695143,0.8114452100924915,0.11832484576217643,0.7835026146135373,74008.19872924063,2,0.5731352632357368,-0.8900410975970683,1
0.626095790479198,4370.141595142121,0.787688402250992,0.23815794626007805,0.4138255555303788,26125.78283937658,1,0.965037597321727,-0.8399064427413925,1
0.8551363123672936,9160.135148795725,0.15323197003322675,0.39108205237583743,0.03634042554771577,63526.77381891605,2,0.7954210913131882,-0.8860188333886339,0
0.653443179631224,7924.469935087633,0.23373553180854634,0.3762070331511735,0.8344720702158241,103942.36733221172,2,0.6481039775131889,-0.03020065036010089,0
0.8428885060771419,7367.550954230532,0.26573157717756735,0.15106986242878573,0.9444045939567188,101819.12910234944,5,0.8159349549526818,-0.1676178436899951,0
0.5586873593435325,5563.761296195669,0.8184985592170105,0.4508789390950419,0.4343820243869694,30504.273654673467,5,0.8818468451222837,-0.36169056616389894,0
0.9514275999063222,8893.114552187468,0.8107417039291889,0.4725541945799205,0.503636268577019,11417.647000681332,2,0.4369135108479424,-0.10808668550069545,0
0.49684416780508833,4769.697083292619,0.49533534693944214,0.34406013086054305,0.42413790060443457,25120.405529910182,3,0.7838926612806243,-0.3728402385177094,1
0.5683806690526158,1922.0138374560634,0.5808322592519212,0.2743493920288692,0.9969058165794693,16145.507131647506,1,0.6459391446104228,0.7429686639668476,1
0.6218136477247822,8457.059619647403,0.8269221529683999,0.1816085913573354,0.9033610535681226,78079.71119923843,5,0.7296149728264579,0.12560680316395367,0
0.2801242035964402,3156.564116491405,0.3125936006777432,0.11118920513464205,0.04110144701514751,76257.53164932411,2,0.699082993465698,-0.3795566068727627,0
0.880361753164263,1009.5186397322566,0.0501787769163633,0.4769706993750932,0.7790186701950395,51074.61210177923,3,0.4603280568656046,-0.09062720784958489,1
0.5994895271320958,1697.361291353518,0.4825964382791672,0.20512407137730884,0.6008367446495038,46625.55814302613,2,0.9354540999938357,0.7343069105901237,1
0.3822477909264984,6286.0597038444075,0.9137171438486718,0.6796903171278945,0.02514170377794367,77391.38579792909,4,0.8187602788250007,-0.1817567288722992,0
0.49591825753932667,6267.278657251139,0.7904682609600729,0.1527549290555782,0.4447122779131224,24717.508297866974,2,0.873625623091211,-0.14565409912437577,1
0.6474091985295909,2971.7401252793275,0.3666173031084857,0.6472328746995509,0.14971158407330687,46432.55124918676,4,0.8742616598308879,-0.32460635748550537,0
0.8459895905557199,7408.211405486802,0.06477136048283672,0.3647862224020567,0.8730477556055222,78967.62382527495,5,0.44392269995471184,-0.4790681958900269,0
0.8409049692107263,7849.581476295576,0.63691950538251,0.21336400897344396,0.012698756776021058,26121.085421408374,5,0.9852088880740111,-0.05649239138208473,0
0.5870818359843597,9244.774948269373,0.8344907958705201,0.33024554988790683,0.8731058076155988,152938.3243767838,2,0.860724396734599,0.4731760154070881,0
0.6827737095772949,6056.9062374432515,0.6649485664546385,0.2844690253424933,0.9408391486502077,124923.1446526514,5,0.6972589515826985,-0.2640483219687373,1
0.8598663815951073,7904.521959401942,0.4250746647630197,0.21343035472714092,0.07298446649523971,75130.27230390122,2,0.754502487985048,-0.5464280876111114,0
0.8332366548733346,7654.446957830521,0.12335361317907134,0.11493979049434559,0.7198375325469909,35567.71256890867,2,0.19475641013205552,0.32000225477838673,2
0.766297495618453,2949.1859604383326,0.9107742441373549,0.04762042779552165,0.5488921924056246,43011.84301768483,4,0.5021216459550124,0.6171196291124017,1
0.7823112371627274,3447.1463154077637,0.27595832575338297,0.44250751392119575,0.9542767205832048,30415.22940711648,1,0.6822898278055233,-0.956386159344786,1
0.7454028055598397,5045.582759652279,0.22428703649295934,0.4162922910167777,0.7981496809309347,37214.25063650064,2,0.8244955201590752,0.2648334044306577,1
0.7417846738155762,680.8701915278607,0.8159766656096541,0.20907472623400833,0.6944140447602508,81827.4036249264,1,0.8112267200487414,0.8018533829989938,1
0.8936129972821386,3325.2788449983736,0.981219938723857,0.20837599692770195,0.925509720661328,51762.99309782265,3,0.7744295885382391,-0.823182299279178,1
0.9543562369630285,5001.887296770261,0.6601602587447604,0.4872710195797898,0.16034973114383455,160378.34106640812,5,0.5274757203325867,0.7985164347006588,0
0.8132880004858765,1526.6583051708653,0.6248104890245506,0.4316889732915758,0.3759599880510135,173357.88410581398,3,0.7322147723262308,-0.7644825284061127,1
0.6179881108471229,1699.6209338636916,0.31943086922106256,0.0922108175394722,0.8429418592030786,127532.05739349424,3,0.8282435244746462,0.9936653734847722,1
0.7495400659211222,4900.748989504741,0.020413450685129342,0.4298190255465716,0.10158545714304601,147489.38860597005,2,0.6133373936583487,0.023505490305469223,1
0.5800339024902863,7444.167800066346,0.19179786582270963,0.39148383005927584,0.9354473490787251,53370.32104845065,3,0.4123074500955797,0.45995823627134214,0
0.6345934441448824,8420.61484374649,0.5844304365565719,0.3039964364962431,0.7451554615568099,123054.07560688096,2,0.5407411667478589,-0.8744398742652115,0
0.7909771827334604,5689.982026295112,0.15131646181604552,0.09532527510143832,0.4393329334023812,19859.77099914173,5,0.7087065749969217,-0.7950474105259575,1
0.77429514309298,5010.115381693946,0.8838358069313271,0.06839703480849588,0.3387213661717555,173236.7345025293,5,0.8944570261486552,0.9266029539832679,1
0.91960537604093,4150.665400367674,0.18814468785288518,0.31221889049185353,0.1476064031621791,123935.18410218008,3,0.8658197750796639,0.9770742680743889,1
0.9014010613687995,2333.015428157259,0.5221044530119016,0.27657501028824216,0.09367352489858782,63864.699150407134,2,0.9179296424892955,-0.4457250310984515,1
0.9500900954960569,1892.3390267364648,0.5120132457687949,0.1354486018501883,0.42359457896107333,141417.06499326412,4,0.5198720439452901,-0.316159913900788,2
0.6414111791575332,8023.016290787177,0.6039456301296505,0.6112271619800751,0.8430984924674017,12685.90636467815,4,0.6556136445074313,-0.9800473141042734,0
0.7802141965833653,4917.563006017193,0.327434069718039,0.4827319290477275,0.531850537649785,73960.16001636989,1,0.622304554118255,0.9120308488682782,1
0.9072673859405141,8008.042332057669,0.8735342010653153,0.09778786665943888,0.45114877951521715,162261.81970395145,1,0.6599095676627256,0.835289411269422,0
0.8779712541331406,7188.788841055983,0.4443015359750696,0.07899641185571497,0.3190425185395821,54743.92572329946,1,0.2440228546411683,-0.7680916799954345,0
0.8186071868054364,2342.011186642099,0.700153578736574,0.2704500137145812,0.15694991131910052,123545.43305344075,3,0.8493538834303053,-0.2698784342310887,1
0.5917177099427748,5347.919010006644,0.6359108609667031,0.3785224546914559,0.9900992948376841,71217.62600794775,2,0.6521484255218102,0.9333090024842119,1
0.8268664982169863,4718.157989015466,0.11715608311970327,0.4152302185856495,0.025732593018978345,76701.93706673798,1,0.8985105397121714,-0.7484226190378065,1
0.6026316815951945,4526.798307861619,0.6226393527026114,0.3833475057344705,0.31181590173584706,136809.29852626228,2,0.7268448175999833,0.7474646244466894,1
0.8565120121515687,5654.424967436232,0.550702677981096,0.30577668966599436,0.769379445028597,164735.01969347525,3,0.8985509873091431,-0.5966077097731883,1
0.6714061128856109,9829.77806021666,0.8986040632559059,0.5074961535447912,0.5205581562436536,38342.148904119626,2,0.7854225519847976,-0.8633428072590521,0
0.4357298774795951,8222.55567787208,0.8808766364849033,0.6312223229239141,0.31385490081429845,57071.65848844296,2,0.8056300311796455,-0.7156431636128786,0
0.8449046896021795,9085.26810048872,0.15095478741164636,0.3260687055238248,0.9927393056938134,92923.48104584769,3,0.8569132220508706,0.41973677771926887,0
0.5438212977433454,781.5760401723567,0.08168514558660767,0.42392770794912854,0.6191696440115716,114348.7312042939,4,0.9039299894433663,-0.7253956197318387,1
0.9524283714959786,1833.1954845288064,0.29459221921086876,0.06393648949003702,0.29515578315611324,89523.80917385814,2,0.5402208796084502,-0.9925202589856057,2
0.6588538271781449,1305.254772133353,0.9866128566843088,0.7140610557345605,0.8479531432016316,146939.8781384643,2,0.8900057864298809,0.5513869466455323,2
0.7262425674043523,3000.694548120128,0.021573776406316747,0.4019962115645067,0.15016415176745346,140576.1303845073,5,0.5651076754501598,0.311002139928531,1
0.8828341480526164,4697.978673683179,0.6728922395728768,0.10931107824668433,0.4635740748191478,78891.29674605106,5,0.6668499476247648,0.7563066653009196,1
0.582775612214217,6599.505852730951,0.6085137338409772,0.2891746848557788,0.839588796248413,16904.018352291518,1,0.925478907548763,0.1553664303677449,1
0.45596062432169027,5257.897029722719,0.6465782804578168,0.24098755991982676,0.9836580523627072,43064.38439895449,1,0.4923573581672547,-0.908854870558748,0
0.8177470451377538,9080.247191674827,0.21828588977074148,0.5159479045128598,0.38305759248712623,92781.9503655717,3,0.931410883958435,-0.9568304546894064,0
0.8111169633295371,9428.631609491706,0.22671734579984992,0.4355772941625845,0.1381096588030043,167677.33863255137,3,0.9465861711700316,0.5706127510387626,0
0.3941519008160553,2053.4490363758596,0.4306420821738246,0.05988519769852206,0.5669295200609283,106486.81276480512,5,0.835103232394288,0.7798497696541651,0
0.7355870483945809,8602.672742515457,0.09585780706695635,0.4621968139329995,0.9439930381449261,100167.13409537291,5,0.948352862101696,0.6005776538075462,0
0.5896813349611572,5076.3609381263595,0.0746132090189402,0.3597641917055553,0.6656117362185113,133074.90736151137,1,0.5624984834889569,-0.2519262478669426,1
0.7614483256947397,4806.629977515151,0.0883594534860972,0.23956708037602076,0.6021595393331148,35890.141186592584,5,0.9211065879212743,0.32413954229892905,1
0.9004034684248604,7956.923810603397,0.5729791713062578,0.44152638705411756,0.3092919768420107,34976.139583585325,2,0.7080465198004092,-0.8444070212590897,0
0.7891541489212817,1384.8348359263275,0.39774185689789376,0.3791732959916835,0.6063398198340169,68717.17965978669,2,0.6557108235303644,0.4364732511045304,1
0.8754924801877431,8883.684710481892,0.2936167806572736,0.21306022327505159,0.884677997469192,179124.94736289378,5,0.7161519620302038,-0.5008195495537311,0
0.6805106786719145,6873.20186820234,0.3158193796513056,0.3361475744065664,0.37552598879296784,158910.11152489798,3,0.6300941760614884,0.8686141379798771,1
0.5046201288876146,8814.98527275098,0.20728330584907373,0.45877657604503663,0.24205365394434564,125619.36307391706,1,0.6213952627866131,-0.3245833449893254,0
0.6885445859590374,9947.536988222417,0.4115053353219349,0.17979935660264604,0.4809575719868352,76496.3368867051,2,0.965487453865716,-0.32141790703987394,1
0.8405059631774415,5421.042297393907,0.20305806919996738,0.17123409060845832,0.3761877943243229,104294.5723800461,3,0.5161850164168309,-0.42734893406982644,1
0.6873464976472374,1385.9908801348251,0.6980460422993325,0.22959885391265325,0.4699259934996657,61604.200044539306,5,0.5620226426739925,0.2670228761499589,1
0.63897331798218,2081.976697843422,0.12393251265393612,0.1917991891406357,0.09572964005793605,124632.19207162896,1,0.8546862329959839,-0.8062527675032232,1
0.2567689316656368,3574.373304265944,0.9482420845808465,0.3333388721494701,0.3362099994162744,81203.76246477172,1,0.8692829118748244,-0.893001291478833,0
0.6002417702550259,1483.7529502797408,0.0898189401272822,0.31277202787064035,0.8265478068941993,30436.702021176872,3,0.7944361118050782,0.3922503207423207,1
0.4800252647586531,8245.747348308814,0.943460714279876,0.17050605812633485,0.40032110921432995,46564.95219667013,3,0.549770486797199,0.8912205929302244,0
0.941151876137752,3320.2445848113007,0.8332949715204067,0.08590378453212995,0.9678951010653255,113477.77452725281,3,0.8934716037017278,0.487452105704659,1
0.9273930659956594,9770.91878618872,0.6807121206133804,0.30184283263579686,0.708844811199241,128075.99945747163,5,0.3343191705139847,-0.5002807069997852,0
0.8342942448783425,7174.618603352629,0.9123016555654836,0.29072724044513243,0.3660365865439671,26323.6829878074,5,0.5784251783768093,-0.27568845645229967,0
0.6203548804956039,2147.5885174277973,0.13921879351737687,0.4869699829089078,0.2516636885144832,147417.96610226485,3,0.8800786653759536,-0.5932452007080558,1
0.8665163690725843,5022.405145967433,0.17631477418691532,0.056763718243354355,0.685367987092244,150139.05560553697,5,0.5614626903925534,0.36818720562697904,1
0.8900247268685689,4935.400105516551,0.2521525920588158,0.2372468202650603,0.30244648997837664,132923.92542709428,1,0.6534369965243014,-0.5253065068289311,1
0.6778973653084451,5178.860754169522,0.2448115267658909,0.04461121941467069,0.9268928198577757,126210.05085583543,4,0.5463135639447999,0.14260053514744753,1
0.6922508280324674,5589.066121107888,0.31084827092716016,0.04971771720138636,0.11633588137693585,49417.659624069005,5,0.5797874042935656,0.6789361710933808,1
0.6721419589267783,796.1442820184432,0.5756308982730933,0.3669352969824574,0.028740334571612625,166335.73361030794,1,0.8387224726067919,0.03282015668778371,1
0.6667227282857134,7019.860694564422,0.028172611305104622,0.3068584300404368,0.22102677545201788,55657.50437873309,4,0.5566342677954055,0.1869702753820699,0
0.5627095885871778,5128.321865240211,0.3822725950399758,0.16317170271409015,0.6066191333012123,41025.7886839679,4,0.7246716481487724,0.9362672100541898,1
0.7347071355646518,8014.17128925264,0.24638512789259648,0.19832343779249892,0.8349620020721329,118550.78623967133,3,0.7341619023430864,-0.36159363591193117,0
0.6701594891407483,8245.82094597409,0.606629848052722,0.22589904142792727,0.1701280699438068,71897.73014073126,3,0.48307385950677756,0.5948413891108628,0
0.7976114048697132,2690.083658921316,0.9851693310515356,0.06614836556633012,0.5847228590064176,168614.7743925308,1,0.830006777232857,0.3736195735682404,1
0.7724531934708514,960.0179910543891,0.5176546121833726,0.17472843974226474,0.14415309998493353,88242.43343791958,3,0.6818645100612821,-0.7736684169130796,1
0.6694136427409724,7180.721633067064,0.4256852391184338,0.16039616128754822,0.5631786483305559,37832.15231869616,4,0.42800323661338446,0.979506576955806,0
0.6802750898170427,9788.746490406806,0.36824354514511615,0.46176767792656326,0.018182278112284345,172779.87005712464,1,0.7878748991877768,0.3791577950301439,0
0.8078655771860844,4743.25087251856,0.7849492188798577,0.3503656753074776,0.5578070884190219,97623.76532775306,1,0.8783762246673134,-0.9721202488492573,1
0.5853727121020936,2966.32169113916,0.07198093165072694,0.345958080367019,0.5217758379651614,98155.01721904801,1,0.6770193933470482,0.4446998480138682,1
0.8953720328723529,1988.382998543069,0.9597705144601215,0.17790780146690582,0.04284793926116004,75586.45710354148,3,0.8764878228983645,-0.7322156733299503,1
0.8159875310457804,3230.733175210558,0.4179178859880456,0.22118964152348863,0.6894168911606876,152118.94175479488,3,0.6029772078862398,-0.4133796548218944,1
0.8336924730261002,3615.235738028773,0.313700725825113,0.18614023980813624,0.5722545517420528,58899.41551662155,3,0.5970493319459463,-0.3032528509720489,1
0.9524282156443209,4526.810062627414,0.9740681163997013,0.05907640221458936,0.6230972790518704,12330.650341348606,5,0.740026525546781,-0.3804678543932454,1
0.7832476933732399,6726.3676705385715,0.9358788632431999,0.1663821410301605,0.5297739465166471,94537.24757471457,5,0.8090910470225569,0.48889834541785904,1
0.7293634025570742,3095.049032762157,0.641934139765721,0.4997653472769421,0.7219936221464048,167400.77497918627,5,0.8110858250511438,0.5065301940027385,1
0.5042765642219075,984.2792529524218,0.018507374850401326,0.2904708408703781,0.5250038643140027,56455.336712543736,1,0.6923078964391638,0.056938524443481464,1
0.783256473250867,4046.146809940836,0.7485349762065718,0.16172278193555067,0.9222697689267244,55271.924237886684,3,0.8078450683893409,0.1340378111778464,1
0.8593828635782877,8628.481353511219,0.3355574000420013,0.35743019027984946,0.9435093329639833,135476.97950548888,5,0.6870196653236526,-0.37278225727684555,0
0.7423927532621812,5234.339353092896,0.3882802308542611,0.5821352274599366,0.7266754916037551,141840.66679091103,1,0.6768272001371892,-0.953592923773187,0
0.7113224340162793,9665.445698581394,0.1587421289773886,0.4509533305035604,0.9117619976646064,84044.61140647507,4,0.6317622079197316,-0.2965619624149194,0
0.6274480237156711,5284.404545342952,0.5234580838648993,0.1739628455432521,0.9231548219611131,151719.35609091612,5,0.5591462285627671,-0.9811563844137954,1
0.9387696665527271,3121.0387607575544,0.7445525962037662,0.21491428763349876,0.261998463733746,39228.62428062617,1,0.6489153264250543,0.729578540912502,1
0.8360409244182776,2336.4829738295384,0.27301111809306844,0.3530336330765466,0.9939296780694843,72394.31347136098,2,0.8669992855255101,0.2815466336424721,1
0.755830099786848,7097.982719462975,0.9387329080433752,0.44847423838948774,0.26743682890457154,78727.24560385126,5,0.5148122326435547,0.9585431598340113,0
0.5303400693941931,5595.622214885646,0.19473685600295432,0.1931299043556284,0.01853920811082599,63175.30184506988,4,0.5611058886107619,-0.634162227822024,0
0.8848426819623755,6237.989825456694,0.06626234059443337,0.06422259412037082,0.9622249633753043,47015.38333325448,1,0.8457755414519088,0.31565239960592484,1
0.6653806062237981,7673.704498674246,0.644363873349901,0.24890194764221113,0.22371804214021873,67485.41992018974,5,0.7840638477308662,-0.6241529957299763,0
0.5230422714382195,7396.082910516483,0.8493187318800468,0.27026808478887665,0.5841208632624666,13060.541201078808,5,0.6310319882039097,0.27796045657101875,0
0.8070413641599417,911.9513515981564,0.9531328593075122,0.11123684803656353,0.9706681574749875,129569.50590921164,2,0.9061314212143713,-0.01643731531410708,2
0.706423790292641,8124.433100302768,0.7671710105165188,0.43260028537920103,0.049450395319522,126273.06987015305,1,0.5222394656873991,0.3293619388300071,0
0.7996850969341842,5560.681416991259,0.1996500115060723,0.1690128306626395,0.26931195365512484,86537.07907575666,1,0.41608487381635084,0.4506405748100655,1
0.8024735806996516,4221.23104274034,0.9776611848037303,0.27485965263722467,0.6088239726036463,64895.6492571662,1,0.634156367918663,0.0456609434945241,1
0.8009153795014339,5606.434549546669,0.9194358760288427,0.28305479189185656,0.7625580565831435,83795.90110341634,3,0.7020202384422193,-0.01249457207104765,1
0.8149807942703446,6318.288760344588,0.16316742276244744,0.18533463448209264,0.8073664468519425,169208.5387181164,2,0.6848590911591854,-0.8605866318153801,1
0.953426025691464,1920.3099438010713,0.5587858269153244,0.5269451050945135,0.8838453772259509,112606.02431286982,1,0.4194978412378759,-0.2725134414524619,0
0.8359441558297113,4465.446255601228,0.5555174259309789,0.3898671639836175,0.16843602548175796,134330.74368907342,2,0.5653238294687944,-0.3960865598630898,1
0.7575038972689404,3688.068996787746,0.44253477812947084,0.12420136352655965,0.3700373308472198,49017.846702920484,3,0.703040218908451,0.2511595433500948,1
0.8768042694712005,3828.884975771365,0.9842813302596888,0.2173017121517367,0.7142542500019841,26108.855295288777,1,0.7602487107144893,-0.4480600951836031,1
0.6744031745494264,1367.681914869428,0.059622237180221194,0.15250918225692725,0.7153100380130427,24141.43890054986,2,0.557915540332691,-0.5352680765472051,1
0.7440203650858445,2018.513136002189,0.6272089084435847,0.14765700657390912,0.30805467889676097,90243.20510835935,2,0.8312449203563862,0.6973622225517038,1
0.9326713297273941,2037.4046420691031,0.20530362267881008,0.3162695850048806,0.3042230386319186,131836.67744487553,3,0.9834304468395708,0.6569000336000381,1
0.6051669316064516,4045.635060605654,0.5273312047309596,0.3413172771928213,0.3206420135496313,141600.46504098928,2,0.6450260620714642,-0.34290885766309787,1
0.5092200437458454,8997.66967631052,0.7797407717875188,0.27099842910113814,0.8920801896075861,132469.66718830162,3,0.9177301775812331,-0.8285656720610997,0
0.6083548703334001,2457.2600332489556,0.24672680316854634,0.3707390720842874,0.9095107626879981,165169.62290018893,5,0.3999534728799151,-0.0048223186199658485,1
0.7466219224757161,4453.828822910643,0.3933595464831485,0.2599224968146429,0.014827475584839878,18840.415801671646,2,0.7064870921486305,-0.09749062842646894,1
0.7051579156907758,3460.28944534181,0.9507680742803991,0.3513133706271128,0.32501639158865303,155407.71305602117,3,0.762327624694478,0.739682176257545,1
0.7329320567709287,7980.141469237712,0.7614807377203096,0.2022447891499444,0.3920355271802394,122315.02125267527,4,0.903760431732857,0.09387264990867128,0
0.6525021525500522,976.2011070477535,0.5727231845118356,0.4212194090018201,0.9823854853046327,39838.4190404472,1,0.6366956185048838,0.8855428738667872,1
0.7729465730760279,2367.1622575909587,0.22199738780671674,0.2979159970655224,0.9441678195850016,126004.72492239668,1,0.6496561147751756,-0.0333084783985631,1
0.7635086872244203,2501.0946523705466,0.4253054374775831,0.26460328451024795,0.6283251148032849,96999.12522338712,1,0.8671314293568128,0.3345831050976602,1
0.8409317466543788,9933.146602975698,0.7740613190499227,0.3298249507136217,0.04580530129681626,71037.01191081427,3,0.816116875006675,-0.040585175530786666,0
0.8738759245581637,5922.362670679884,0.8205430781099762,0.1339059862552471,0.1912170546960127,52152.887058196946,3,0.6815495943917969,-0.3577705797917883,1
0.7237258152308602,1820.103511643423,0.24460619814239892,0.20161648025831588,0.434206260092575,88906.24583160454,1,0.4964337331800954,-0.9450881927847599,1
0.532564626564984,3085.891823127372,0.6620602104170192,0.16518977278345653,0.959035624897787,50652.54968216562,3,0.7019689673108342,0.58665978997427,1
0.8670751601513969,2094.3098941677804,0.09500299212339991,0.1197808794632693,0.09470438928830738,24084.004273902683,2,0.6062329084590381,0.8062767399073467,2
0.7145610411358045,1683.743411384756,0.02321230745046443,0.5837098716199614,0.7913523521289888,153840.40993139788,2,0.8368713841189217,0.4671826762522602,0
0.4999806861134991,8073.229269874979,0.5486739234330212,0.2920420058446183,0.1911918129818222,110782.28691555277,2,0.7508510737604223,-0.45528014474424827,0
0.9037172032102708,5209.6499722733715,0.22437985428042873,0.6016488609080778,0.5078511075660999,71823.84192601619,5,0.647298830412417,0.6339087945406177,0
0.7476263383530185,6496.4963000634225,0.07891203124213286,0.145155238747211,0.7669708167044698,85935.59670756831,1,0.7919815171002145,0.2257247782994949,1
0.9002957203999752,3646.886846423962,0.72982831289523,0.30926715715600417,0.6924953480358907,157020.65249364704,4,0.8633452818609233,0.3658810293325714,1
0.7667291095581651,5760.1033176396295,0.49797458836464503,0.1926453109311585,0.7757478193658512,64373.395935995846,1,0.5743169610675228,-0.8674638807918831,1
0.34700402696009086,2946.9058089751225,0.7962770109584505,0.13388226978130627,0.8135926907075943,74629.41806735085,2,0.7134886959243408,0.16366972385763567,0
0.5218868230885771,3426.344611818231,0.6639442396805569,0.23217497819213453,0.3057424247799513,140233.6698328936,1,0.9844871974536475,0.12229423844754783,1
0.774834441358116,6696.260471483964,0.72980493991549,0.2803518320174322,0.364030595344241,44088.8438552493,5,0.8766931902710718,0.32333616379330765,1
0.7155951709584802,1928.3261962326874,0.3073605812958998,0.7274277969036349,0.8157426744405807,122074.63389722412,2,0.895223774324624,0.5432631843364943,0
0.83737443335943,6363.607662090888,0.2632758256832364,0.2951233597585733,0.038643111819479437,83835.04692807917,5,0.8143696832292849,-0.19073076220875063,1
0.7376916256105835,8596.230756019708,0.6008748920952612,0.5368908230888619,0.514454697559355,95026.95615145747,5,0.5832050154204335,-0.6900516844204847,0
0.7613541302144803,1644.0206487173061,0.20008214039808436,0.4251205016818225,0.9204046153204453,143769.62645553602,5,0.5652429329916498,0.8477365818596694,1
0.9325702225012807,9025.8821654148,0.8154121156320211,0.05427101862141288,0.8850039928330846,178832.500573539,2,0.7630025313118594,0.553139561954523,0
0.6343940463908482,1254.7339628395023,0.5229201689742385,0.4073837177866488,0.8043039376387324,151357.02708330998,5,0.4004346080164364,0.0807376193329028,1
0.5291592989820874,3814.6376560807935,0.226989932347761,0.41550109683570935,0.02154883827104137,37292.4742816427,5,0.48951915327436085,-0.2909412554473192,0
0.8842813572813871,6299.838494760948,0.6251682323299085,0.6478114359781701,0.887687078250198,48173.81199086604,4,0.8368980286225496,0.967941799146183,0
0.5841322189213477,5814.4402211261,0.9450357350836177,0.5614132063596967,0.9116639665227355,79688.18111364415,1,0.9464580926766605,-0.8130864608888924,0
0.3514176228155025,1415.7151886971178,0.0820947265907741,0.25467602228367686,0.6636700606237494,132268.50838317449,4,0.49989922048976,0.8692298420890887,0
0.6907422543273048,8089.675093965604,0.10934520731350295,0.20018220206532153,0.298913898225311,96593.09810443936,1,0.6352462891752381,-0.19170672343570705,0
0.7182059078745258,9744.956284879901,0.8438391468633399,0.2756234165221938,0.48992737134364617,163306.11479343288,2,0.7057939913129376,-0.8063531136949147,0
0.8741898617198318,2221.668747245816,0.10959377456687358,0.39312089180841636,0.76261942076788,18274.83166337319,4,0.8794945929566642,-0.24165334463643084,1
0.6388117490320595,9003.744213246897,0.0393753693529878,0.1567515268044255,0.8130286787894132,53947.88639820956,3,0.7027029240159118,0.499308755499843,0
0.4034394164700114,5789.68970006163,0.3479305810464729,0.5072164767085088,0.34334398548123224,47276.17071323894,2,0.9287811334675846,-0.1504542573144756,0
0.9420384581111477,9391.37082683061,0.4667058849215976,0.6040440876743717,0.3260671293927926,136509.06107659463,2,0.7941653778221784,-0.01392906295987384,0
0.5169591554130213,2172.8166049592305,0.5694444366906898,0.09306745628224743,0.7361812150693934,89011.16319217905,1,0.5927059640299311,0.6469189129957171,1
0.8087453954805649,8024.2032352045335,0.5073002325642498,0.17933028322785566,0.6863558819813728,12552.216919453174,1,0.860625590495799,0.2310426608526157,0
0.8945535247960736,1067.9249667306458,0.9131845626581134,0.06274467331059982,0.5131972087298637,141484.24791290166,5,0.5819019639441456,0.33616077743212824,2
0.7625596750911925,8890.366244625902,0.7686681003916374,0.16743198531451128,0.4202604632125142,71506.53653745417,3,0.7539633812170478,-0.691965003219319,0
0.7895970237182163,6904.51451089652,0.9838102558617108,0.35170210660851864,0.6571597430653424,54278.26093858781,2,0.8247147157679825,-0.49508960822137627,1
0.8434122797094852,4017.4204472630854,0.4764554232253223,0.20229042083366047,0.032433320339974925,41062.005953558015,2,0.622211797093698,-0.17748629250503,1
0.7236786773399515,2309.4348232295765,0.08432960983917892,0.29819125513862876,0.07568957580592683,170822.07174334675,4,0.6609556059677041,-0.7803398140681614,1
0.925070343618196,8257.064436388446,0.9555306429428746,0.03892896903657642,0.573086754631505,170146.4646987095,1,0.7366212577871157,-0.44178164213624327,0
0.9119434169405679,6230.79255325071,0.004113161589097358,0.14970735202868202,0.21027874074136133,23013.990990891834,4,0.8382403656638968,0.6669799707239272,1
0.7465883541900837,3923.950603006013,0.7760960138390484,0.08316723109783117,0.7747839952128177,49570.45114099641,1,0.6911035564212098,-0.9557257449375076,1
0.9366177618216196,4716.4403356239045,0.03128203077167946,0.08500491990948372,0.7723639746052301,119840.28475408388,1,0.7174738370545055,-0.8981356990292557,1
0.8152370711448264,8352.155232687577,0.7612141906516384,0.3409504521857396,0.7099620806177208,123972.19192431342,4,0.8832945517990167,0.3740943271780417,0
0.6610753195397523,3719.8083368902435,0.9379389398480542,0.2877876733030404,0.903602685643734,81004.19645353338,4,0.853221597192556,-0.2277183634833282,1
0.687626015501213,1351.5104420443226,0.38926029733104683,0.4119434320510232,0.14083493815598902,106646.67582807643,4,0.5991120699744237,0.5460590577427367,1
0.6581736541606836,9157.180635932991,0.24096485121971767,0.3675656064338676,0.2592403374349018,129447.19914564237,1,0.8234985100314609,0.8636862529581504,0
0.8944220928044879,4179.765526751329,0.22627915251183084,0.40886034795505727,0.2522992726043304,171586.56469162222,3,0.6972201301855315,-0.4665443535465197,1
0.6968828502899407,3809.681355594528,0.49171764415020336,0.14681059946820865,0.7823886760885241,133268.59821535274,4,0.9188121293364362,-0.9260250970638841,1
0.7951517319370199,2441.796379321424,0.17088703575679154,0.40720101186063146,0.5213446582347823,28746.00726250035,1,0.6119012188737559,-0.08815244914493126,1
0.3862371184213363,9025.514426669282,0.6729236306597121,0.19004212846986598,0.2526757900997859,132033.92440937742,4,0.44781321541780367,0.9284435310611574,0
0.8251631789362102,2566.3006700344217,0.3683523574883749,0.4619205145485832,0.1364271418217199,21513.475851653944,3,0.8057748101792285,0.09085721672613656,2
0.7934165226354318,6548.392246013145,0.32310949240325904,0.4605911626601526,0.8930163346646532,95426.23029131563,3,0.9527238486997062,-0.2451094173395274,1
0.5446546606528934,8867.267610276978,0.46128557625645705,0.18488770476944044,0.6921290467211955,99572.19095689166,5,0.6139147760249671,0.1040081532257282,0
0.84632933850547,831.6793387305654,0.5425875024397518,0.3886272789853128,0.5285249916193889,142304.99997003228,5,0.9503122864689258,-0.6692692102692168,1
0.7573246599659098,8373.52120035186,0.1419302622587958,0.37986992164789823,0.9654708675166476,11964.970398889609,3,0.9011278521378495,0.5026876942841403,0
0.7788580664789627,4400.694506052858,0.7077633637968433,0.08904532296151654,0.8495909496508409,158707.8514070457,4,0.4193159285625098,0.36090619881388375,1
0.6289443565560128,6750.758465019513,0.8829470999053262,0.12411236745359208,0.17812137573397546,122860.4040503651,5,0.6777758298178579,0.4482451692161751,1
0.745202871941838,4037.8433506427623,0.27798691620118177,0.1181162630019119,0.5081305937529125,15302.444496971926,1,0.9528619005143049,-0.39541005801588547,1
0.40485493079992124,7107.404435301192,0.1803909018294848,0.3179512600750035,0.486078651589115,37205.14691027254,3,0.822022740399311,0.6270351482268062,0
0.5376265767272974,2915.801688298142,0.7605054237190636,0.14574245455269932,0.8442864208630089,16717.98009606493,4,0.7272711316054176,0.7859808616834962,1
0.9332279151939966,708.3401531362646,0.18354172376564948,0.06851293148782155,0.1490880714437952,140209.73207673902,1,0.3246008913768095,0.9110632977474395,2
0.5691784162606142,9503.981390485558,0.04125516036295662,0.29455642382723035,0.4517862374567764,39053.865709472826,3,0.5509822850360035,0.2770946813409061,0
0.6411663890757817,655.4937583807864,0.6192432203827789,0.37753535645089,0.6365405533378342,17751.99722330879,3,0.8589391308487988,-0.3036495512829205,1
0.8627595433036364,8328.943251518318,0.23975141630535024,0.12844617036748351,0.9452546146807087,33457.91441024326,4,0.7134817742317067,-0.22499106831110116,0
0.7538210048470789,2106.8071365635014,0.1718104089285597,0.34779329564033346,0.8992649349229623,105124.69066656091,4,0.6980212605912163,0.13126021008871702,1
0.8439561075496564,4226.092171719265,0.9816027417145062,0.30559121274345763,0.5338478698439092,94232.70929521778,2,0.8877497297195067,0.15092130884101418,1
0.9533936887957483,8313.67757680753,0.29186498339972766,0.39332409409911595,0.6067207906298864,51863.75000845645,4,0.9311625374156752,0.5848119134130594,0
0.7616568105076744,2456.355427967281,0.9034432902155357,0.5246217916194007,0.8524013431261609,170298.99772480194,1,0.7938972886100598,-0.8301427317659471,1
0.5941001926069356,8724.22225248784,0.1782187658886043,0.07076217505030984,0.7443882652130144,155317.50716650308,5,0.5982795304085687,0.1331883548242483,0
0.6165387672610937,5228.709921468063,0.8189771320624352,0.26282741744140925,0.8793356091241449,63458.35973572257,4,0.5463832779559888,-0.30287326982299456,1
0.484910590746246,3978.4578958141274,0.502018873048482,0.18825721621892158,0.8959306143317687,90677.22843516484,4,0.5906969565602564,0.6678960839533683,0
0.7905120040124258,6793.158593995194,0.07859476911599528,0.020017942204401333,0.8325860200290579,97859.94268678347,5,0.9000043630856497,-0.29586320582350667,1
0.6049494990326264,3743.2023588190964,0.7336052936435724,0.6675313765280949,0.009378209893879053,138549.88173545327,5,0.6959812990137946,-0.06435312728192932,0
0.7963924567125368,3799.2394104653918,0.89207337173478,0.11838498247288268,0.31093387297100006,82750.914322935,3,0.39813945872843975,-0.5446940608781097,1
0.3798268704672361,7468.500713913881,0.16301699033552153,0.2239691027526692,0.4035169875347209,102900.03010519019,3,0.7543919043942482,-0.40853572088431167,0
0.690494137264021,3443.406133121525,0.7255902423361753,0.13523791330037616,0.6779153003032861,80136.14592747242,5,0.865805297170836,0.11122215800997459,1
0.8437257032548734,2407.3401593670387,0.4450525190731238,0.1708738358234255,0.3068609815279688,139679.53790928872,5,0.9788388080282726,-0.14818242126756798,1
0.9500689539251993,8172.638215967435,0.7538704532567183,0.4819901051168096,0.3235581310623503,104508.77763496064,5,0.5789237940791262,-0.5969877457640469,0
0.7309808289722558,8151.024820408701,0.7139279481853057,0.23257968389493802,0.4002030395705224,150722.7037244525,1,0.6286074820649717,-0.05224678184964726,0
0.7782802762603271,5227.0641852152585,0.026600230463005414,0.48659232590580753,0.9553336004357854,19135.08408405209,2,0.7533068151278741,-0.6693145790560571,0
0.881348964611063,5503.228353548074,0.17872103596715516,0.2935148637463313,0.4371578465443713,163732.08132886927,1,0.6716177347964535,0.7634584799818052,1
0.5433530372615685,7112.727944792567,0.4710272429322744,0.10725314036054737,0.1406722230591424,149296.3756460939,2,0.7972601906456781,0.8484008355698063,0
0.766566247041953,5338.105771743118,0.9335941719120803,0.48798093531134346,0.006355806676923703,149145.79834458235,3,0.7401020890419572,-0.5471408136839342,0
0.861547458042426,4461.8796102077085,0.3420734567548015,0.711034159865524,0.2366126611163718,33852.50268526177,5,0.911746960190247,-0.8953690228374427,0
0.8573371566098791,9951.494836319085,0.6288734702801819,0.3902029761128923,0.9388108936714852,54790.38872408956,1,0.7240559675658975,0.8540661825995217,0
0.5846647353497206,1902.5840645993098,0.012083745514428812,0.5402490095350256,0.9549925356181714,176644.47636649196,5,0.7315077188131064,-0.3760897253984481,0
0.6075011954533669,6130.915802778676,0.7111269215469441,0.10357203079020788,0.529001355948272,171546.76015446562,5,0.9630099963373712,-0.6240834614163124,1
0.7752181428262754,8915.698747718772,0.6030682627528046,0.15935877335240223,0.6463633447864693,48512.59444220262,5,0.8225551179872379,0.8386336176520135,0
0.8281307405893119,7028.54289122059,0.7153947466157659,0.196530617354234,0.7959180098811374,83593.45392659064,1,0.7148272498074489,0.7652569549716923,0
0.7541551857583878,8868.771341338264,0.9046606130249449,0.044967841003737484,0.05588762521170754,36510.32827861493,5,0.7707608484012759,-0.8936701970857142,0
0.7039836822104814,3695.17984336939,0.14649893311781004,0.09802533641940862,0.37430729909325733,54648.48922148307,3,0.9506371766784335,-0.5846987509916857,1
0.71023644083304,3083.9332744722724,0.2615895960080671,0.5653894504539188,0.6422473024976013,41403.843851769256,2,0.4662745581458692,0.625135886153753,0
0.7125760136633785,8587.087675569994,0.995780892168142,0.435901048367185,0.8982534293704897,23759.295360985914,4,0.5777436724302899,-0.46560605068644545,0
0.7950062515657474,4244.088473761874,0.15628395850962695,0.41291248872002506,0.7268295611363326,108511.40720267144,3,0.6122367474444552,0.3368815029885561,1
0.8659394467899918,7241.982069044457,0.7206270065260263,0.4868697487479326,0.3500614658086789,50933.56776693729,2,0.6908482495724324,-0.9199082313882614,0
0.7640545573866491,1903.6114949340854,0.7250759105109018,0.20407081636595686,0.9099823183862198,178680.87700421756,4,0.7951129904172192,0.6832724322355215,1
0.74586109645274,7680.46219107841,0.6829937462355694,0.07399185896238512,0.6646194482509591,97624.75765814738,5,0.6618075376901549,-0.15555207677705885,0
0.7780646521323132,5715.335165736259,0.22744058931457767,0.06040786609380199,0.8302352861025298,71046.03447455511,3,0.7523305304690949,-0.05987852527471982,1
0.7553962387123597,3051.8105791493786,0.21513406321387074,0.2571914558335837,0.3855075418322077,165237.56913847724,4,0.6294205963316849,0.6165319018039048,1
0.8220345409604818,5197.787657609598,0.666341068034788,0.28308899822723765,0.002158840749839963,115526.85009807808,4,0.6751920586914406,-0.09165185782078678,1
0.5533625884166401,7120.964445477183,0.18625018445921604,0.2640941593360543,0.16616859399350536,31603.399258419202,4,0.7606260529854064,-0.791764403046888,0
0.587253323371438,612.920884050145,0.6615633317405374,0.09334541668974868,0.9271774172695062,94629.47760710135,5,0.6993294294681243,0.008721113064036112,1
0.18287100404630546,6555.93705873423,0.49252828202531806,0.20958714908608084,0.03312403374851247,84983.45562961797,2,0.9423151825805441,-0.08649512073983256,0
0.5206693104291561,5645.112393596107,0.3866288676493841,0.26005493487743125,0.5960392599351492,140072.45162940095,2,0.5705566610547061,-0.09993853163610567,1
0.8668972971779484,2592.7185935939597,0.30023234937794574,0.17317772799688674,0.4091275067746748,127942.20418936822,3,0.7881982430230494,-0.6144964839612281,1
0.8039728222426547,7653.320202773869,0.9475769333231167,0.07069129621698092,0.42957868248092945,73034.52430327321,5,0.86944040941692,-0.6720208375110843,0
0.42128234950874627,3382.879354015411,0.5080936577427876,0.23836580745154531,0.4008183491342121,89811.48456617426,2,0.7730930621226236,0.5557434880462,0
0.816145959208295,3130.1788496923655,0.561251962510962,0.17965935281214293,0.0674258284326732,98193.9707905246,3,0.7081888146615852,0.2383455773155163,1
0.6045597594162089,4976.574315493565,0.9492560846867855,0.19836686492952887,0.12233049617545222,81818.35832868058,2,0.9361645078173281,-0.9872956455896085,1
0.8939795349435987,6923.421945012465,0.6538773180971337,0.1767973318977815,0.06293934889315256,28312.633585425487,1,0.6217418886870348,0.6705845075304571,1
0.7979745663932893,9324.036770824418,0.9578529277568275,0.18040287545288802,0.05390785914203222,163925.7995584981,5,0.9107051764917148,-0.7572421954356534,0
0.8730362640032178,1842.8938097549876,0.10636674052269846,0.41131462217571535,0.08561060320839575,124335.19852005936,1,0.6546059672824751,0.4753620941650645,1
0.8237191292628552,4266.44714714147,0.8466396317724039,0.6862672883412573,0.6966171917853349,89852.44227983008,2,0.6719102429173426,-0.8078723641221492,0
0.6998108732888813,1136.4011288699844,0.33541462802309086,0.37607449260828923,0.11420520022316039,106829.78078949726,2,0.702089470673452,0.9427543006823567,1
0.8045756723729673,7706.232100981553,0.8104875250703412,0.3576425176686405,0.26149306570429676,46237.81493508067,1,0.6470559883422715,0.8010219525161537,0
0.7157625454498088,4753.462451972927,0.8556366241949785,0.23753286387518072,0.6569491838561349,100194.57657235867,5,0.5383590566635791,-0.6339633016824513,1
0.643901955496404,7215.8267842877585,0.2714878861425558,0.5764415181691834,0.11226566274614636,136824.7222084587,3,0.8492130290134045,-0.9831470343162911,0
0.7637735497481712,3560.847027774729,0.4088306165154789,0.14228512126471035,0.9102562485519841,100724.641967297,4,0.7860545679240987,-0.8806961078855584,1
0.5603435895160985,8521.013793360073,0.726014354314904,0.14919944510683456,0.47748417800144904,91713.11335162548,1,0.9315837994948175,0.61748376022674,0
0.5717393360846494,5580.86674328109,0.09905563089697067,0.4816664373855741,0.9630574903388365,88605.56398370252,5,0.7733357038234795,-0.8464361963202822,0
0.7860896472123551,9464.274307324724,0.75553353433934,0.4591139263649224,0.19251073861827483,139475.87484683876,5,0.6965049672150958,0.5562922169187348,0
0.7268764305765103,1248.7390718683248,0.11047292605474401,0.5567836229380533,0.03062438723940053,138067.7438298453,4,0.8041851240179918,0.6396053794665029,0
0.8008752438374394,5385.629833149706,0.9144557322680581,0.29871813714462403,0.5902814080564759,137511.93875032075,3,0.8732275301907826,-0.3861801787800063,1
0.674823003505723,7781.324836978137,0.2763392932963534,0.13249736916033253,0.32873838725303384,51848.89964507699,3,0.9135083724693954,0.4702435331995001,0
0.20601863933792605,6201.4501566993395,0.5755993468673558,0.19674989935422124,0.5723905421231307,115042.1445370901,2,0.48643305571924794,0.640608349480716,0
0.935600483600147,720.3443340550061,0.11715350007627279,0.08495544842273282,0.47365017071873605,142414.24321166542,2,0.7055229242502657,0.5612526849228618,2
0.9344048180101489,9737.217444266867,0.2694931546624787,0.46516520596302613,0.45715616705748086,105522.0257918271,1,0.7858899834232739,-0.616871543226607,0
0.6794576156637533,3333.505084221035,0.4039550434871054,0.24582161775928388,0.8511776343041716,142426.14923394067,3,0.5178428819882382,-0.10142357083392195,1
0.8190304809436049,2868.1397304806296,0.48704887668301433,0.36062118601384663,0.19183400395881323,155248.5777141495,1,0.9517755072251397,-0.8635117075292205,1
0.5460514346300074,5113.768818262505,6.749764657443258e-05,0.4346409582892907,0.4996349146079705,39561.31012529615,2,0.7240410965963222,0.05064316566525329,1
0.9622761025622515,5650.502021471815,0.8886557623804684,0.3429326533858189,0.4160042615948969,62077.940343988994,1,0.47773256539798165,-0.11535246195713467,1
0.6709723960054387,7779.737307103342,0.007674809558877116,0.12385161746411628,0.6737694211773179,112222.63947227561,4,0.942955419370671,0.805236093463767,0
0.9134347112896287,4236.099747760397,0.773684562994425,0.19654673725507635,0.0501326667183456,59245.3256789395,1,0.6089703753027713,-0.9638320528967568,1
0.6295914170179162,4679.623576391016,0.47057891235637095,0.04703634316852569,0.5294204419684047,170035.5142210473,2,0.593803873086525,0.06048356722501014,2
0.7486569389102281,5582.119201371394,0.5238800249013764,0.0625638110945656,0.4785406565298379,43002.820788426536,2,0.6709268210991147,0.46461195064049954,1
0.7637187557921148,4246.677447545586,0.20826547933454087,0.23744572486258136,0.9735806113854472,70681.15624126363,4,0.8239316989236126,-0.0720927555989177,1
0.8589734928507932,9188.206751460983,0.6073683503457041,0.3207861412109366,0.7558218157997074,179032.0714365878,4,0.7087860387384527,-0.5238227643137099,0
0.952373489276409,8586.893683025395,0.5372319091694522,0.5421649796261441,0.1549786187107014,42160.8968323925,3,0.8138661572463028,0.21969001229526386,1
0.8671109744562694,4822.250103239844,0.16423640662029537,0.31172130792109554,0.5092144389058023,86299.0103698097,4,0.6747202105538374,0.9742106323802107,1
0.8238574480433847,501.8511922045128,0.23811900134921915,0.3659103378726083,0.7837369222461549,63342.990786412636,4,0.6704457517689636,-0.9179997444901018,1
0.930579631758073,9058.877707528165,0.06690362901245717,0.07422408166972544,0.5245693655155961,147665.86239337292,3,0.5505223421680634,-0.6079144351397499,0
0.4518423148353352,1681.1974476749199,0.06628357208945268,0.4442552815696548,0.3567007701575309,61705.030722921314,4,0.9505228961958662,-0.01878633521962625,0
0.682254012283455,2822.867944343439,0.013775785952426567,0.22528021301440446,0.3766553764785263,37442.92227212539,5,0.498808217046746,0.19519879044666744,0
0.9090131625857053,1947.432201471283,0.22047432548308377,0.3175927870683544,0.36700394587191565,168632.97216174746,5,0.8273141403742961,0.24830042882869297,1
0.531928577498417,2208.247914819726,0.6796612273970557,0.48203259167145124,0.0199544757896305,63958.403950867854,5,0.6941409726546105,-0.8795811434374186,0
0.6955874022267984,8127.33660995343,0.3162153881423563,0.3010263699254801,0.730596146167684,136097.08019615017,4,0.6291532247149636,-0.7541569163318449,1
0.6636855622413876,6005.26369582628,0.34273426986737665,0.23092974053064447,0.6108837590999165,59396.51329255922,2,0.6816175694884057,0.8893623171564888,1
0.7436067244497765,9582.904049690811,0.1319053932554447,0.3934040457595196,0.2686775221329316,40358.87735183367,2,0.5943265734509913,-0.8493065115133898,0
0.7857499898737409,2698.8083670753063,0.57547066765642,0.3934234888147753,0.630023373260519,146410.0710361346,3,0.5514325117691616,-0.16177703860722814,1
0.7265180557418651,5113.531627246723,0.34214364154673726,0.11707391642629603,0.308729381057926,19448.937841548504,2,0.9240797695698164,0.15450672399512255,1
0.7943046098757403,9785.569506283466,0.6763168034302147,0.27589238818629563,0.2433813502947666,66435.3856960412,2,0.4703845504347461,-0.37167786524036983,0
0.8566707274886767,8351.213385610312,0.7414594688425534,0.28453778032781657,0.7411528879949374,142613.88348890044,3,0.9204525820319295,-0.4886434162236475,0
0.4557085060454649,7421.848951644665,0.5846928752483821,0.4237965978597667,0.809109609822026,97063.37867090442,5,0.7649821988434966,-0.41958565091629385,0
0.7430099498984418,2295.2644130225235,0.2760695368120363,0.25050495534131967,0.6257086251855517,127227.54898263377,3,0.8319863886080148,-0.43477848743205594,2
0.5277646848615055,7809.351308642303,0.5086077993372543,0.18619613017319447,0.7841466269978788,21358.87422777138,2,0.9109502697409937,-0.24120976719626963,0
0.7982277043547562,3801.8686646612186,0.25193080468230333,0.251342514392543,0.3657001141253905,137467.69846415613,2,0.5185835062890701,-0.7678432374610151,1
0.7165235436060452,5540.100521944198,0.9029128353539181,0.12653280556849203,0.07180379134921133,39229.86895187781,3,0.7946302015566775,0.7070658415473305,1
0.8027505646580491,6287.031523875632,0.7663857500825573,0.04365357044237175,0.6048856082288204,147479.68614513538,4,0.7663847064627068,0.5188101184113938,1
0.7666469821965579,6288.955259480414,0.49300590600556626,0.29527290099163805,0.2559762490895352,105909.70243370548,2,0.7810618628151471,-0.9317919876127956,1
0.5455409146531104,7401.972983178406,0.9654571431781466,0.22591236206460563,0.7774793464468438,135657.5090673546,2,0.9614618885856574,0.5225255020452717,0
0.8064966519290734,6786.169880100953,0.5467554467301879,0.2776957300724882,0.3581075551347086,46181.557557591346,3,0.5196657297886865,0.6561088390787215,1
0.5302916623821161,1149.5233534506033,0.3285354769569482,0.34361608568038193,0.6706730389414137,77222.3360945932,2,0.7682482172311565,0.8440406545678096,1
0.7325829373165138,4844.796746516519,0.09546730079404708,0.32831758437828557,0.5528661170875194,146351.7865173602,4,0.6057073463422851,0.2258960678665749,1
0.9052987392133658,6808.205263839803,0.5437456448134136,0.4699925791241551,0.8174847881157075,164836.76403168403,4,0.8305820537204778,0.7056730002022933,0
0.8143619532678671,3311.933330574422,0.8604166115813455,0.24615793615366782,0.8323054217152455,48517.27320047049,3,0.5018186808988667,0.5182087279221765,1
0.7498484785237595,3474.038528555702,0.8667187281564487,0.5212592464854751,0.06829773697889807,144876.9221948683,1,0.6841906574145983,-0.9491755941023672,0
0.7403773708527861,1683.3917036688476,0.6045670666827484,0.4043281264355449,0.2951156577427656,28454.380321774905,5,0.899673062920016,0.6220501171721242,1
0.6512243165991005,4476.842366761126,0.3934383632342128,0.2232345330065768,0.8708791375954588,82377.27245856788,4,0.45140463225314514,0.1620334706118851,1
0.31364778417152184,9874.88912590866,0.6502963080906798,0.3641269930071102,0.4039896297434158,169582.34330727893,4,0.5821187073803212,0.3011115403778104,0
0.7794483773885298,3210.5339322363548,0.7621403545590395,0.17222575787084474,0.5148693434309236,170673.2025668757,5,0.9202046107590515,0.7698633425567463,1
0.8189633655533699,5548.650480517932,0.4116247843941262,0.3722785800736121,0.18334378701787746,60435.97434670262,3,0.6955378581961675,-0.9791500833701152,1
0.4598555035029631,7560.753901401302,0.47625416921492536,0.19985205151813332,0.5526862676874383,42795.27911892682,2,0.6580687712891715,-0.7842134605520938,0
0.7670778822345681,628.2240734005713,0.680616307377943,0.3529397090326179,0.26461493204185327,35412.68297880079,3,0.7375379013916693,0.14759195391939217,1
0.8372272813227993,9054.175816183839,0.8766526061027464,0.46757308147449117,0.8292335780320237,91748.7931070633,1,0.5818509052577946,-0.1807154154847157,0
0.437435906563518,4172.226754886916,0.7910103781422749,0.3771185924603557,0.200244714569209,25653.06045674259,1,0.30515756038227826,-0.16391951383691739,0
0.8454364974124836,8756.60187375433,0.022391369320348686,0.3307202289359394,0.3598552068911902,70665.01891736886,5,0.7785839856907683,-0.3755898851076127,0
0.47397844354820073,870.0027595450415,0.12437234378458784,0.39610550342861445,0.09507398240521514,12891.889821174402,1,0.2823197241776254,0.637084090344276,1
0.5620733885733744,1883.8037427049205,0.8527781802855218,0.33952080696968473,0.5879820832255769,54097.67886732564,1,0.6205610193387039,-0.7928789789798996,1
0.6123703990593,3564.0298175368125,0.8338228280450336,0.5865460501055769,0.9419720643701941,163047.0733222746,5,0.8889527998321973,0.06594173287433502,0
0.7429832705933497,3781.886844101148,0.3888067831487092,0.3756986980618494,0.17315591389630747,85986.32686659228,5,0.43921168390431103,-0.08356368600705921,1
0.7094472444192624,8554.045118766157,0.5842779223576656,0.42153623041327637,0.019737169503681984,22536.725774589468,5,0.6462315412456507,0.10262451718507126,0
0.8106939205461703,606.4105961882344,0.9058449824286463,0.2945415920246795,0.4224631343920082,119962.25393635283,5,0.5988237981816932,-0.8988796046122114,1
0.7879017647173014,6590.561876461956,0.9115586810070964,0.17737813216662726,0.7484151607439163,172457.705317498,5,0.4333856482553657,0.34752283668016903,1
0.9447773034138103,1747.4681436962276,0.7830928457608908,0.26628328992857936,0.9751006430518135,88779.29621696363,4,0.8356371506094559,-0.9729560105858488,1
0.6335121599379226,8320.548681754968,0.20958893835967896,0.0885648542044142,0.0512790675638225,116128.9362863111,2,0.7843323127342814,0.05566112479802787,2
0.607577368069488,7896.446026600167,0.7302828073539449,0.409097199212669,0.7859618870594961,166301.06116068567,5,0.8396555039639989,-0.46897958162501574,0
0.24881078030551984,5249.249760406406,0.10109843234705662,0.4856585013157972,0.3686740726561978,81246.90206231335,2,0.9034034949762147,-0.3738983141548293,0
0.5106060553792814,2520.5286423675643,0.8939384594545691,0.6723977811658446,0.15373149745532533,122979.75698222363,1,0.7156361266426635,0.47680496379754467,0
0.831693197957858,6527.706214172785,0.14914880357871452,0.38865363926038227,0.19230515670556247,84919.72662727431,4,0.38910363890876826,0.9717725862561748,1
0.8916607330835856,1984.4540177476335,0.6623486401114509,0.34667321685769564,0.9238837624970826,173562.2660093681,5,0.7655386482209022,-0.04929987303671113,1
0.784568207765342,2305.2260296302074,0.6102432742523487,0.36022317110572416,0.8093575349633434,95646.26740526578,4,0.7883702935105722,0.33902842831550006,1
0.9295702389908225,6453.5540711408985,0.7768996558795831,0.4303615836232224,0.3117290770031268,160560.99210910322,3,0.8658928310542371,-0.503083890448603,1
0.5408592774055782,9916.670237841932,0.5515775023584555,0.4670968093493499,0.9401902654485624,96223.74473565069,2,0.7496286498868816,0.10801071849615185,0
0.6398217478326558,8965.07795389919,0.05956657537573218,0.1396992984637477,0.10525330589657189,123625.63407513853,5,0.817880057970573,-0.8000212147838359,0
0.583715631621258,6134.519897994932,0.7058462540441491,0.21392929166891794,0.3225364432329818,75644.05282255753,2,0.5124322568489997,0.7004679401069083,1
0.8558675432326265,5616.099303290525,0.38315455883526794,0.09527020696784032,0.6529211690663888,165984.36134345818,2,0.7353078283860414,-0.08855876756177294,1
0.796937572430079,9984.656360077031,0.32028500121910985,0.14071956781246892,0.9994190764531734,119980.16498802695,3,0.7994917440127897,-0.27706794268255397,0
0.5937798304798731,5700.27290252199,0.9916735495337348,0.28797320107783225,0.46564171709037694,13385.096080208194,2,0.8944644997846802,0.026787937337000578,1
0.7462711440647851,4491.106958614717,0.5903997659597278,0.44561971751258,0.8107148884202308,12658.999497760771,1,0.524886225653419,0.8258921799480952,1
0.8475587729474124,9140.777589865744,0.7107190732694113,0.4978753970719964,0.9158658924661569,124950.17812693483,2,0.5935348094631976,0.5529023669100048,0
0.9439831218894679,2724.7508107582385,0.5263261369356483,0.07496775650423004,0.009628423831255839,29425.70658550935,3,0.7549687433137239,-0.6945492683980476,2
0.7961758210190546,1426.4969078196852,0.7699726459516527,0.16133390425845615,0.28894072852202923,131747.9501589773,3,0.7749207850293127,0.5360020893253243,1
0.8568193828217762,6523.855326437388,0.7520727354999752,0.3813442875137031,0.10035975302845568,64742.85256333421,5,0.7865985025835615,-0.2142787385633964,1
0.9248866713793908,1410.5715208031156,0.6571461156801605,0.18862336654627937,0.7760602490431197,101616.34527556205,1,0.6733816952248864,-0.2099701891038861,0
0.3085452575487398,4044.9111010531215,0.9977430614437768,0.11069961080604805,0.567050426893844,39647.92988071316,2,0.5218912753367227,0.5156183184466241,0
0.8021081448102447,4523.985163026346,0.4597935340831377,0.2199129141620238,0.09555994375058752,51857.70572878955,3,0.8090825623972732,-0.08063901102567361,1
0.7143003368003247,5701.611636967715,0.706192348298155,0.09831721716657442,0.4207243751150137,84276.01772857638,3,0.6312265132757194,-0.8550556907727802,1
0.7583573503118374,9920.765684605642,0.7977779628049182,0.11365213292193965,0.5139693721959165,123131.18812774628,2,0.9287974297150057,-0.5064612533477622,0
0.7086156497114344,2599.3263716652173,0.3760347095945443,0.195795209919777,0.6977514429718654,36474.37822838925,2,0.9047676641734523,0.7892421700277714,1
0.6480141952006282,4069.6855958156643,0.4571750275536186,0.250864801122526,0.7794842356831018,57818.1330837298,5,0.5499641457043218,0.18389829840202276,1
0.6379216355303864,1756.281181901251,0.9691672663905854,0.30230679765598717,0.0878722019482504,45183.60832145311,5,0.8236004547061351,0.7244285287567369,1
0.3203939026252714,6272.32849731573,0.03229101712660809,0.09305751394217672,0.4876455957343575,156654.63249267693,1,0.5092805075994755,-0.3896971387527317,0
0.44649208869063556,7412.895231924418,0.3352956539609143,0.3238279550154043,0.1611234358713144,120161.10388862372,5,0.8434932468557124,0.3779088948170477,0
0.6036474846225743,5079.729820740849,0.48621296233866995,0.15876252362156126,0.7532555550660393,89644.27526587159,5,0.7973683393986195,0.570583584449277,1
0.7774523621036377,2835.397048754725,0.0014649930691902346,0.2054897965764375,0.6576688339095841,170980.31921676814,4,0.5894944244806121,-0.6342177819631976,1
0.6038318301642991,6398.438557226603,0.8991271010066118,0.10139174595716201,0.723000954132139,135090.47021682715,2,0.7903725590811497,-0.9533610697899111,1
0.5065596723815246,5621.99837200407,0.2862444002121587,0.6949313842567904,0.07499425729612985,168478.43932558977,5,0.8946780436480348,0.2688407289088748,0
0.4652754955994764,2126.2643723353185,0.2577048321094443,0.7060808386611181,0.5103246129514838,111590.80323837796,4,0.8502401702163885,0.1537701184102409,0
0.699895545156843,4353.978054770238,0.8203261953537418,0.13509346645292605,0.8405806535617079,33469.67491950557,4,0.8047768500101756,-0.9203339666810861,1
0.6990454757128448,4634.372370534352,0.27798322850247537,0.2998223538995914,0.7133413985461899,124822.60809568796,5,0.4583352903585583,-0.17841869825128365,1
0.570832110450857,9834.868660828613,0.6576225939020224,0.23024816221926697,0.8617479790283967,44253.49731166479,3,0.8018990407352466,0.12683484500478315,0
0.8339415600988596,8568.215405477458,0.8215031439019592,0.15213853970104685,0.20610453483719982,68814.6605835151,5,0.7767911304831654,-0.5758481232297572,0
0.4755813925085479,7476.522488599141,0.7924768477103724,0.27034553022071883,0.2869006674069242,96635.04874819335,5,0.9621878394304763,-0.8069207130513301,0
0.7950843934320653,8943.381742278001,0.7819507374259289,0.03685828083977975,0.44127909068547055,36752.21695048912,2,0.5267780602344776,0.6025938024752144,0
0.8676512189492825,7487.101855372793,0.08863756986523486,0.054515762418589804,0.5232571409786333,13532.835084406212,3,0.9527221713489106,0.8500408640811554,0
0.6664282793005932,9082.317623694467,0.0798469675723642,0.23175032749201033,0.2521628648906201,65604.6097780187,1,0.8547705917323981,-0.10501314446351517,0
0.41583010668523107,1018.2545913553258,0.3067700357373875,0.029524138930947838,0.38123735467902975,150133.68074503684,5,0.735016943542166,-0.7320555420415198,0
0.6586605603731394,4832.628988035707,0.03594788119601777,0.2497712498158591,0.6870427041516647,12614.59340540626,5,0.6461708390916318,-0.15740838729336093,1
0.7262216101389408,7595.534184797419,0.5004297365192644,0.12316763036984028,0.6453813384525368,28603.76864308429,2,0.8695026350660054,-0.4417478317043324,2
0.8181375652328358,6041.310067795129,0.3947820662702183,0.2528184589878443,0.11047308677034018,147165.3256452421,1,0.6621807328320701,-0.01899676295339492,1
0.454778601289444,2164.0785594324734,0.5570259125431491,0.2365155829329038,0.9857026424588907,61994.78950150411,4,0.8351650297840242,-0.9819503652586461,0
0.8625736257249613,3734.674822021075,0.29878853866969046,0.48918532343212584,0.5627452215695388,169496.29746176704,3,0.69506519337747,0.7339272434676898,0
0.9335364605955889,3518.856562753567,0.48575400299042704,0.25412676596074707,0.4835623861259709,74641.5043086907,1,0.7133134977274163,-0.883792942391366,1
0.4480062437802738,2982.795675251192,0.33474476585905377,0.38127348117976434,0.9672471825656769,145439.6679443564,5,0.7803265955677393,-0.14027200201191437,1
0.51376231711403,3759.7877583826776,0.1952080922233086,0.08632523825149799,0.14032944198895336,53994.27301456629,4,0.8183933515339279,0.32227944276799225,1
0.6224495511317881,5391.106240380649,0.6493666811378149,0.29882069145210843,0.5436733528685257,20511.310530636183,2,0.8487798327153184,0.3022936609368887,1
0.5263839597582383,8621.255735441122,0.6734359014991852,0.2662267112967686,0.8050775819349788,159864.26257142267,5,0.9664606635089052,-0.4035859471530703,0
0.5525866824266312,7549.310292740685,0.8292316927497501,0.2693923656695732,0.3989036888272721,167640.40086042785,2,0.8222993139952809,-0.0008585726690861772,0
0.8238194966343938,8434.872188154219,0.8747517831537248,0.2641666883763871,0.7363046920393623,130376.9418581671,3,0.5582175024898676,-0.006189775449848334,0
0.44760384553825133,8894.23557334932,0.7044619043679154,0.49507572014777623,0.8991629424147859,140911.5300113447,2,0.6357130096391166,-0.7374743982772063,0
0.8882963152069309,4453.42933292727,0.687498086697512,0.34444847557801767,0.26165308712820445,11211.69541562312,1,0.7396889389471714,-0.25517719200311495,1
0.5481390870670528,3787.2496982540983,0.0566756653364725,0.3131007266221637,0.24146004458933923,138149.99800216698,1,0.5550815270428417,-0.7614386138458624,1
0.8192353000965396,1047.4221259995372,0.10977924145817153,0.21216222093008533,0.3606855354011672,90273.38577110058,3,0.8914164651648757,-0.8858208487287866,1
0.3725742095924479,9339.670407826126,0.8125627103908734,0.3668851229758734,0.4184415111768286,86974.37728442383,3,0.7892921763108427,-0.8887085585882741,0
0.7388052794646289,1125.3186704123673,0.23295126162363156,0.4831054108948562,0.11104437108816034,101811.8864799716,3,0.922813644184412,-0.13003574165354492,0
0.9497726974077377,7540.787396019468,0.355565060217083,0.3198686870640911,0.23128900836034694,56105.73675562339,1,0.49477965906943316,0.4592165689396195,0
0.7104779849333576,4092.028892423078,0.14529735367587682,0.21751470807023277,0.8732280262114923,128369.05431785336,5,0.7878130753461469,0.969093738221368,1
0.4459112833172333,9513.41735774227,0.195151968574919,0.34745764621575637,0.5665910808970351,60250.10824459133,1,0.8290812461550159,0.14244045151247997,0
0.4638070844359728,4486.219198874225,0.7754172353702062,0.22726931083024318,0.26782029049837164,104963.12845445464,2,0.6327086935076502,-0.4013172585727347,1
0.5038356393171317,8257.779337869806,0.26185961951553827,0.41736993059875727,0.9435947411280438,33277.628897960945,3,0.5956240225785664,-0.5857920814203479,0
0.9530621706756769,3185.220905554928,0.44903496626419015,0.25272739314169274,0.77431110323758,124762.85796985615,4,0.8962075271119517,0.3896541772923112,1
0.9723772802427437,3341.342813816543,0.15167137305923928,0.14384484964613004,0.36243034895508996,42234.16997434413,1,0.5351729663643149,-0.8964513965250123,1
0.6392402638402223,6157.434393845125,0.6779299063160986,0.6548713641054507,0.7654428654368509,38970.3775771746,4,0.6368291913741984,-0.475405175007829,0
0.5804280397047094,9980.835020221,0.7282697341334762,0.5102661420545243,0.5960522902155427,14128.137602792334,5,0.6682894673845745,0.3770955650456105,0
0.5524151129590007,5416.937970802364,0.3616923178987138,0.4521720757621057,0.6838183699874663,30703.58188086849,1,0.5679716246709554,-0.10995576206378788,0
0.7053959635622311,9394.932045736261,0.7847466461227506,0.27420991148447776,0.32144931378136343,49536.94166341857,5,0.6887211988949352,0.0004241621051244149,0
0.7730092058291876,7969.373368362914,0.23990665192212646,0.25080226392801547,0.20949544123454467,47792.59131720244,5,0.6966577978550744,0.9509633955936878,0
0.9592678172410277,8060.710984683732,0.6919038621001561,0.47225877984045717,0.25358065095410864,65704.14297731651,1,0.5659074903229944,-0.19075625766061233,0
0.6447433139470935,4641.6198967232585,0.729964581420454,0.10283311470754984,0.08373445976837701,19250.79107311037,1,0.9212685276798375,0.19026265178258095,1
0.8457068742684322,4172.1513766416065,0.9686573777887763,0.3233586340272623,0.4710376179313661,168983.66314838867,5,0.3978778991613448,0.9972235146305548,1
0.6587679542333815,2323.257176862746,0.23232166518671626,0.23949278668254181,0.4062332823769699,30259.8994891064,3,0.33524220223819295,0.37273790032608556,2
0.7684219187930252,9657.44203634471,0.09371048004275273,0.18587650233982106,0.002539672350048705,129333.85942354084,1,0.733047060834859,0.028917957221385793,0
0.5481169061980934,9614.23931821629,0.2630354222897866,0.16609439945387824,0.856366666937617,100962.43887442083,5,0.6372408616712537,-0.35221859289743174,0
0.7035712886289784,7597.1434759467365,0.12286219658211905,0.5565544004372257,0.6818692189070956,103974.0968354046,2,0.6253200111850411,0.9529112172664782,0
0.7910843954949797,3314.3982736003604,0.16969430849430966,0.43182549863166575,0.44674115185379304,27937.8603385303,4,0.8498443792753367,-0.41234713751369,1
0.8223256757250691,2829.205633251681,0.3341145118559744,0.1659609447042499,0.9670212253852236,51346.54016744816,2,0.9421769296037494,-0.7683503787575225,2
0.8368074146753904,9891.797302676148,0.41399074672200087,0.07696087948393782,0.9405416101935994,142579.820059655,1,0.6924199253732574,0.8517147532312603,0
0.8193097493179164,1132.156743527686,0.9037242257513796,0.053592282143693014,0.09509692843864448,88826.69790611345,1,0.5891775580689387,-0.36200747119561427,2
0.7050895422104297,8513.860775342437,0.19561577150002107,0.3536654489111556,0.6151392384257467,87701.52893879975,1,0.8874826602145918,0.17777684353935408,0
0.8108024794998517,3876.851004583509,0.9717589759212162,0.7400453147739787,0.817022483044514,102805.00531254284,1,0.5883773772202433,0.2918072759668764,0
0.6652539304230584,4479.262337408595,0.8101532098961717,0.3000994701230098,0.17295185092879406,83747.00104656946,2,0.5731623762680459,-0.47818612002664573,1
0.7795111950519796,8403.787663113953,0.881471389893441,0.1013528074761135,0.12796207240205348,147043.10828044417,3,0.7746593429692706,-0.15319016609939662,0
0.7228893764411742,1360.7286520509012,0.9294439897402434,0.3553167383906094,0.25977777902471966,137279.8836410811,5,0.7668604426331135,-0.689031792958543,1
0.7817982164250977,3864.611945942443,0.7532411971411207,0.21079447447668323,0.2796711453684946,63890.71686640048,5,0.662916381862404,0.7690909302629767,1
0.7797026850288646,9544.230633110945,0.7887798316170611,0.2199150502635109,0.9649846121892107,148053.78923068946,5,0.7896775982021372,0.16905650528049243,0
0.5479528556771287,7141.126171326936,0.43781829660561955,0.3531460661915122,0.7804773305713535,98163.0931217461,4,0.6036719228397687,0.7805394583491909,2
0.7335393899891873,7671.922065655959,0.510450234676244,0.07659010046265118,0.05973790437973159,116715.2616502266,1,0.818683408909902,-0.4857570881283193,2
0.8068212375951599,7696.300359077026,0.9324854267666343,0.5831590782313438,0.7864814190307154,157249.89142177865,2,0.41855628839459325,0.2679825415028163,0
0.5265900703731752,1075.4157900574728,0.3782559115526495,0.3152040630615881,0.1696395183465894,90918.85237171897,2,0.6028294083317297,-0.5640819209380761,1
0.7844509687326874,2430.472135974096,0.041947073064207197,0.3244719061386687,0.357241957420913,138564.26163398582,2,0.6992835498831091,-0.42190331981703233,1
0.8702293923258655,5167.000932771512,0.7627543854747729,0.17033534870547992,0.3185196075273652,116774.85104785753,3,0.7821500148185443,-0.2777009719851078,1
0.7840855995104145,3997.4272085160637,0.5731575117175184,0.07656059845477416,0.27238157173019506,82546.64002058339,1,0.5679993382157055,0.09885000014662793,1
0.5100261494760412,4403.666784762108,0.8148759623433116,0.2730682789468027,0.3087580326664118,144138.2222842519,5,0.8449169936773252,0.11155470741251472,1
0.5626701406724121,7923.75009694389,0.07555126661096212,0.20009896610650163,0.7542015286079009,27877.05003793727,5,0.47473688853147655,-0.5993406023491903,0
0.709712434774195,639.4527331434851,0.6212319904757898,0.43789136843476933,0.26655389588593126,108807.43694238516,1,0.46872949459996854,-0.9078595693146494,1
0.9764185706708969,6774.673300051768,0.247705887990758,0.09998431668109707,0.800724096936208,17889.82875331743,5,0.7392156153094256,0.5441959822532307,1
0.7529487569704756,501.04720211731336,0.903268594494484,0.521234589604837,0.09101698620979548,36548.75171829446,5,0.44024036170741143,0.052103817682646936,0
0.649225529702659,1099.0559929743151,0.10990993974174568,0.047292218456195786,0.5951699113317924,111808.51835989255,1,0.8236015050066605,-0.373493559007108,1
0.7945232356309093,4378.718138457428,0.843069272725063,0.33161586175778673,0.8630008727773163,62293.13842190649,2,0.6809790151541196,-0.8944807482899315,1
0.6730081026377682,8489.010938145802,0.08855425197191036,0.11079413740434774,0.07929716943276433,54620.748086878746,4,0.7734508254275709,-0.7908091014402341,0
0.6535569945368506,1877.4597728623746,0.025097355496998097,0.07000274043436101,0.6348877302115816,172492.57765180708,1,0.8384472159781529,-0.15284405230758202,1
0.6942412122603984,5768.90338672181,0.2350594300419223,0.2974231398919016,0.5116167517462242,72203.9558910914,5,0.8304184700455832,-0.03233393611284052,1
0.7333056152013183,6945.79965485407,0.3330445409266838,0.23870389423103877,0.3319411346295038,106006.04993838708,5,0.5459695165620624,-0.24505549959285244,1
0.9388971956824165,2680.5623996355253,0.6265287718118712,0.7556134428601057,0.10067453772090362,100822.29111723769,4,0.7239496384655844,0.13302172290993464,0
0.7961264579004514,5367.137425061038,0.1317245973610538,0.22920789578467654,0.6764852962834645,20543.131933457167,4,0.7815751081127315,0.6281213138659312,1
0.46990866009023075,9158.369189812827,0.43732993359107497,0.3657895860548157,0.30937796431046216,124626.87552128553,4,0.8869932951786882,0.35425560809669077,0
0.8103107816696552,5366.170990972561,0.20426360210287375,0.1543278759728126,0.33891903559254966,97193.22434404824,1,0.6339871815666567,0.7340448962501998,1
0.9526020643551955,1994.5690869826558,0.8553033215470632,0.31526411142094324,0.7175927352160822,74840.90985570443,2,0.8308511908412649,0.23162105327119753,1
0.8736788165608945,6464.235818531675,0.04496650795130497,0.2587795561883987,0.9453535638956452,21222.85873126427,4,0.9451687340375431,-0.7899308522467741,1
0.7439813600799926,6125.901710080883,0.3559377266885211,0.05907202279184722,0.3336374444859064,59812.37744774146,3,0.506653589772138,-0.7001063885106418,1
0.4165934007607888,756.0702180822466,0.6313740799691089,0.43153876862233503,0.7467330738389173,160296.21388701987,2,0.9164476659020259,-0.21896643608186972,2
0.8921194931511092,1360.6468546018828,0.913088178051939,0.5081085397108365,0.9566090274517296,39530.93346226975,4,0.9192961454397071,-0.4322113280476152,0
0.8398890596096936,1989.4228738396023,0.8679934226938952,0.27301286963295607,0.09782695024370458,47286.718757775554,5,0.6948795475099407,0.30448953873261275,1
0.28931413308961346,1794.7462368377642,0.8951919995171636,0.6648479044366205,0.5292019492445855,44899.98528186114,1,0.8171236244847147,0.2516641072013528,0
0.8339658053528344,2964.924820328865,0.06285329368298209,0.28266007550543704,0.01116433503573,161436.8192736617,5,0.8317868785915111,-0.07480918778761048,1
0.5389623686704624,4814.000570737896,0.8409232614634595,0.24794203594074318,0.825178030801832,128999.23206211555,5,0.9590047678974207,0.2872705508999247,1
0.4963255525495809,4031.304830040352,0.7799125785441191,0.22909258732211543,0.2868907013672135,159913.32071931637,1,0.8448006178850812,0.8223320982580988,1
0.6945725508782096,8961.173968343672,0.9024316492756189,0.1669426721404396,0.33276749371721503,165336.90497906163,2,0.4673740060903663,-0.0165713603460238,0
0.7475483930570324,6315.039389360202,0.31157626725800136,0.36056547429532143,0.6872869382480532,167754.48097718126,5,0.5201727359671047,-0.3054616521239055,1
0.6091719052735325,8823.37132463751,0.9117651062733667,0.31542108478431363,0.7891798142866566,92571.65418178758,2,0.7578005404545355,-0.047522963059755785,0
0.9032349939003633,5506.873586717189,0.4026410850864478,0.5277990111107829,0.39999025119622844,90958.05467995569,1,0.7706035191694619,-0.7097837603678903,0
0.7931340437427551,1353.7694715487296,0.6340996855258,0.046985495502043007,0.6655200674736188,150916.88284365035,4,0.4980851517287184,-0.8052374110161695,2
0.588482445243119,4901.230766131131,0.4241789912069983,0.41053064656159755,0.9563544113988997,66427.53460583658,5,0.9440525102758356,-0.17892948709900947,1
0.864509331081094,8309.309195002468,0.42764843051565116,0.11769543059053776,0.8869022954918664,13775.892018387021,5,0.5499235495265427,0.8468010424213783,0
0.8171975539309541,2343.985788087527,0.5466370187949016,0.2972066893187907,0.7012941088643999,66363.11189260447,1,0.6858247053301836,0.7258128807499944,1
0.6488558445826793,1366.5356481501726,0.3559267096208225,0.2432541508836056,0.9430638893103683,131779.5561689085,1,0.7898396189563176,0.3565509799407607,1
0.6614892001509083,3629.630014213471,0.7927369942692357,0.03275237062473943,0.8759380483359963,31014.38877405178,4,0.4742947574819685,0.4377964873613729,1
0.8677190028281505,4194.529391081326,0.6336387354152389,0.09360792104181036,0.729009072995574,143412.7458428146,1,0.6786356629813893,0.7211098168955663,1
0.6423140819004979,3409.447925856092,0.6897557615389457,0.6101952951261383,0.9172477590531716,148630.63396586233,3,0.9290200129603299,0.8308769361549693,0
0.9320903565102769,1784.787463433282,0.2310348002217636,0.23962901553481458,0.8173904642120949,27155.102225838244,3,0.8263237676487551,0.3188657584379444,1
0.6184505613349504,2882.978667356288,0.9695752884813924,0.4012343457696896,0.5022540984108744,26632.678696403415,1,0.6843832252942242,-0.22809076522720906,2
0.7258179691143076,6981.682843720048,0.6601760977729654,0.30155947994217486,0.5022819031774541,43798.06491060157,4,0.8154849060862309,-0.7050453573390072,1
0.7499511843498555,4166.320904785058,0.19719586453039162,0.20869222337665724,0.008790790409811788,70586.19685321378,3,0.7517220872128771,-0.9861586371853797,1
0.6867360550175376,6509.21972387628,0.7504902434710338,0.08497145699239131,0.0302497340369281,100564.7066614257,5,0.7317794471026333,0.2958494834513987,1
0.5647548114685201,5594.885909227958,0.1737141032076227,0.6936480485972081,0.746227594970079,92542.13966919825,4,0.8965695836010471,-0.2043688057048334,0
0.40726259099526463,5716.002928647856,0.06338489629950839,0.3885413231448013,0.5547689001497064,155038.64282264904,1,0.7441878439078277,-0.8406412562528631,0
0.7915071459198154,2861.220800504062,0.5275533961458343,0.41692825363367136,0.760958119733071,34179.437803050896,3,0.8651278504208263,-0.44267403670187755,1
0.805425763750793,5454.658811297725,0.5535239541623472,0.15841068657578952,0.9496628191982626,128587.36277375679,4,0.8029518907425367,-0.06253118647544809,1
0.9442943003301133,724.149781700417,0.18896557473159858,0.3844164640934535,0.45253065556649097,103310.71948712744,5,0.9175754599269362,0.5671824727553607,1
0.9027100974344059,4601.565552086799,0.348378944292159,0.044812465311859416,0.08844560092009646,135260.21993757773,1,0.7061173468573305,-0.3704141965304142,1
0.6012564577596424,5939.916820304194,0.9457692956786969,0.0530420875771468,0.6265594423209851,68130.89256094766,2,0.6150028500268958,0.31247454410335007,1
0.6992603770793531,2228.9584028640384,0.2850032320874899,0.28110377921697166,0.09973381238064216,90134.53688373923,3,0.6910458001489785,-0.9136445932780739,1
0.630177232379564,2937.305809365038,0.15556806076536867,0.13960260752225215,0.6213029911345133,14860.808161631467,5,0.6945160330699408,0.9247596097165636,1
0.7093821370189995,2585.5446882483843,0.992561958665454,0.1655471719256774,0.5277388439225584,29738.004543086532,4,0.7463524548711089,0.9433677806696543,1
0.7202348249740812,1170.3005750215298,0.30230553638046676,0.1757999151351846,0.7122171043044446,73749.25403351139,3,0.7356939542366128,0.05663907069024665,1
0.8839708239871477,3804.6445508308557,0.6802536731460787,0.1743507059393612,0.35095955711439975,91813.30598957061,3,0.8604546316888886,0.3151039908916293,1
0.5447077319149106,9800.174781293425,0.23156018143926638,0.10466449127494482,0.14386180097816925,24576.97182093322,1,0.854933624682403,0.5291379944096157,0
0.34685224535813464,3861.8638614042957,0.5501211969863894,0.6437627032783727,0.23621049564735686,150248.00235164198,5,0.7865702269514908,0.9407616395681624,0
0.8619486291015133,4875.097907451269,0.38628198660961555,0.21244497949440436,0.683634349344305,170828.90159670892,3,0.6908770885161352,0.08924018336166029,1
0.7930977608130474,6704.328884085565,0.9615792611591886,0.18997106190304205,0.47816558225283834,111387.57123392232,3,0.9612774880565287,0.5107087662101135,1
0.600359100034326,6660.728636106518,0.4328058745504877,0.12059806208259878,0.5408174807961587,19078.326606841332,5,0.9087997552216849,-0.6152709223392083,1
0.637021947667688,9524.00231017693,0.5841741841817242,0.27485796700420784,0.3229984224109136,135600.4581204279,4,0.4373632145658497,-0.6919160247422562,0
0.35701225544743687,8646.85933379169,0.9447662659001471,0.6770204810107178,0.8367021681835911,46917.831088564824,1,0.5436529924482837,0.42503611662639185,0
0.8351744465344982,8042.531527498946,0.9892342999379551,0.2658247477179204,0.9994550795994208,134720.7876574697,3,0.713963807658481,0.8478708609271848,0
0.7619685421301096,9540.45864489395,0.1016583640049965,0.5425334398323548,0.31220610829454354,83838.82257280206,5,0.8154550581688969,0.13524387308056696,0
0.1382712308121236,2692.27116209013,0.8343207120423889,0.30448875020586647,0.7186516117238493,19082.53156161576,2,0.835115789714419,0.06900891811544962,0
0.7061779348109787,6362.01484890703,0.3821164941872488,0.1958598239286975,0.1711002442038484,57387.31965654736,4,0.8979851640925339,0.14225666624504418,1
0.5530676242189038,8928.369283860486,0.5948287062056128,0.02552340591158228,0.7424319361894408,82595.09322112697,1,0.7754020152476984,0.7590728574957941,0
0.8892942670052492,6429.312503641967,0.3750480789552455,0.238708977460384,0.43085137103399684,135162.5580793869,2,0.8915377534448025,0.6000913452897638,1
0.9648994172855357,9785.494508765261,0.40111620565479233,0.26807863855989356,0.6053056902774968,32621.777911105153,4,0.7602486160514509,0.6033413996813546,0
0.9013507610755903,1453.3507821106004,0.15885753598511154,0.13244362724972863,0.2375606310279147,58790.28514576009,3,0.8805586300371172,-0.786993653846864,2
0.7952696821917251,4673.639776535403,0.5727664584278659,0.23041696202033018,0.8516567352344215,24201.337753655847,1,0.2747282149411582,0.5194888029564628,1
0.7833987443042698,9784.947625132045,0.5467159459447247,0.12921507322278422,0.17333530792866048,114687.18795481071,4,0.32776206408050307,0.5365997233633022,0
0.7637070299790142,4105.8962714142945,0.18935578853839985,0.18228487404612403,0.928605440736903,90626.15481772563,4,0.7497366231567733,-0.7356874282438117,1
0.7022072619492018,7525.785563443392,0.5417304293339414,0.14671587482432044,0.06124836760691754,167930.84071341655,4,0.7013728828973117,-0.05702249096255052,0
0.5029360226475924,788.8275602471672,0.9731018826310861,0.25297648756138646,0.2879815493938165,135894.01053948066,4,0.7253045519707708,-0.8042480664774281,1
0.5999787662320614,7100.952588987974,0.7144085958537897,0.1223076317316199,0.5629454976697604,142240.85163536333,2,0.5108788264674947,-0.20595696522907292,0
0.8377188005877926,9378.953959011995,0.4809825595833519,0.5288457203765408,0.8584685836933077,37946.73781064763,1,0.4712953900007758,0.28201174558274045,0
0.3703382448267764,4135.709709305025,0.9160839855813753,0.29790108612805755,0.5770248567296401,55325.8284871573,3,0.9577827727128801,-0.5634046072561063,0
0.7125272271992555,702.3484603058299,0.5753143565053058,0.10713659940976347,0.21611369045247153,97233.72237561026,1,0.9546220311591558,-0.7356289595229,1
0.4347117058423158,765.1431417570966,0.13504799872780338,0.1482836388057539,0.8590333864795799,12292.365150283737,2,0.822391815678807,0.276582485532187,0
0.969650631517689,8974.221404255346,0.5475096478124564,0.17802770653918026,0.5961621107717336,157921.78441243106,1,0.5339491853650891,0.6535037137770461,0
0.7253609112946083,7363.903017414487,0.1809731153658678,0.40035759923688286,0.23234696978236202,142215.86493895465,2,0.6450690545083376,-0.6913923090984746,0
0.9209239633551138,1513.5206501525086,0.7675048387476743,0.3846350650416097,0.5618435619562892,19849.746483186696,2,0.684688952679578,0.8084938038655438,1
0.8566388072044809,1018.6076319863674,0.9671742142947083,0.11685113331413408,0.6752992616735157,154335.76503542895,2,0.8619731708481754,0.4740547114038831,2
0.7442217549380888,8145.840954347054,0.36081858454333027,0.5926594299437274,0.6805274551095913,10762.979519086884,2,0.9694873875124068,0.35608997157074196,0
0.6650945305889079,8193.67601165091,0.4349178801251945,0.22723283096143515,0.7240046089281781,29417.284151491924,4,0.7314607489993159,-0.7580687625538964,0
0.6226351133396508,1644.9574780244654,0.42149646683863007,0.21799462114586798,0.8957380380882569,19411.97400280733,1,0.729173307543707,0.8594871773551742,1
0.673052348977349,3364.443836942049,0.28529997579488187,0.2030613995253508,0.8248220492070207,91457.18841292027,5,0.8463324034848508,-0.05306486301260804,1
0.8432550626676663,7910.247613451951,0.7941799648786311,0.21853833556921898,0.6076970017489703,143288.46258621203,2,0.7302415874699959,0.07120662531239685,0
0.7434798505260503,5491.41467406306,0.6177283327469959,0.24920929175800852,0.03216540544481705,40351.65751254331,2,0.8870346245082827,0.025265740901894818,1
0.9592794497181093,9587.556176890344,0.06405155685655961,0.14761506043686384,0.7495223685342168,141152.69839309037,1,0.7099274091179255,0.06213773222887342,0
0.8047955922496756,5070.095130787047,0.8388063350231355,0.18228154566628174,0.9749594226491788,41437.21296730505,4,0.42892853986699553,0.6457347434002623,1
0.34279507573679613,6931.10040687237,0.18708823115320727,0.15109318047211573,0.3055666211570228,178391.17772140284,3,0.5034801134734583,-0.802382676640764,0
0.34584967390056087,5342.9419745450505,0.9791511617091211,0.14381340519084526,0.606898616867329,155090.67083101047,2,0.4463700135591963,-0.03239728965326161,0
0.6633409024653899,9458.172209007935,0.37666313900256576,0.2192638829942618,0.7686666091187357,135321.75154992478,4,0.5881603122518361,0.2278432844966396,0
0.5142926290235401,4287.261374642284,0.6164496471503238,0.18172043036580485,0.6390889794582331,110587.03192556209,4,0.5594705790156798,-0.7644976770341059,0
0.6508770517712457,2683.0663241967004,0.0778236188960304,0.43859697866030056,0.9225488940209957,51233.193479508845,5,0.9234807710038578,0.1620338501888403,1
0.7397415295571762,3603.0216726694352,0.34466327468835667,0.33458187670938944,0.4733399596687691,30275.495736987643,2,0.7441265721319118,0.01831754474614833,1
0.7122829408105511,8601.364439569677,0.8023539573607814,0.2876895290964728,0.5318467762560807,88252.14784082583,4,0.8493018086507721,-0.5545718196683576,0
0.8338110771630147,5230.416353365267,0.47720849195325843,0.34771588496804695,0.038243390366905716,78452.24322057168,5,0.6691448156489215,-0.48525765626956496,1
0.6916886384861467,3865.396883271271,0.9046034835440229,0.4767911930567074,0.9002213121988383,124661.75691453098,4,0.7967107975986459,-0.827596716169416,0
0.6937297396000789,5670.470207190087,0.5751384410508071,0.38119439303862424,0.2622828118754492,38915.25772781941,5,0.3737836590340285,0.41083537624515687,1
0.7287831696989451,1765.6822191300023,0.9285721953957478,0.3722929737880661,0.9784210742942676,105561.83939580047,5,0.6497056040908032,-0.7033205161279126,1
0.7983385966919727,550.9133939431628,0.9826099070125561,0.0706024023480813,0.20210636204159527,127869.53640555502,5,0.6811231286310514,0.5779158258784551,2
0.5661945445456171,3165.554495088162,0.45389455951827595,0.16667270152854244,0.2534556784257077,60824.26398012379,4,0.787845923873419,0.7793457493565046,1
0.6965583868960403,6247.554337943652,0.565156572577808,0.28148963966499213,0.48462563408671677,142602.42608393374,3,0.9062809325393805,-0.5177836640129592,1
0.5381598156769668,7260.967311783179,0.8349206432512698,0.39449739948115853,0.660500076769755,83413.2884986214,1,0.4479605567384141,-0.47933812255716357,0
0.8403217885971348,8352.804180343683,0.221533005535813,0.35599754319950794,0.44066460775854954,37647.286299209016,5,0.9333230277679098,-0.7537888247143136,0
0.8284223289344383,9303.303814247462,0.8616295737811096,0.1785050009795832,0.3518165315787595,43110.90798457696,2,0.5759207195938929,0.08175568264148758,0
0.8432870899205109,4415.067296165296,0.5919201403772696,0.0890076600702508,0.5400869777440598,57412.730023575044,1,0.6971703552961193,0.9284244090519207,2
0.6293455428311701,7534.909595795819,0.7255001353845254,0.28165046363550955,0.9582983180441018,36881.46579148076,3,0.6499010992286249,-0.5125433059766042,0
0.5271335100951445,1209.3928368815941,0.07985402266344521,0.10325333214608563,0.9619519962271736,105696.32634522647,1,0.7958647716239992,-0.6803585358599378,1
0.5499777052955688,1046.5349883347608,0.7661876834534036,0.2559658716950654,0.3280447885783947,171353.99961317884,1,0.6716904378367013,0.21227553054906667,1
0.8029340936002034,1685.5809238684876,0.31078690457365843,0.2068974804893457,0.6801586410404389,162332.4234697477,3,0.9038084913082891,0.7130626472906447,1
0.7043610344252853,4761.406429392243,0.805232276849842,0.09872968817659745,0.7219122969915212,65038.17727718488,2,0.9199479686658036,0.7404908088933422,1
0.5440991459300758,2507.1736657381243,0.5091525383027069,0.41070910595628746,0.6534171282613563,156993.78469420015,5,0.6932459378381841,-0.30915090428895975,1
0.42984724381610423,3225.7869484092503,0.27461433481563313,0.4495323848578794,0.11301025422563726,172183.903446509,4,0.8804557093047236,0.5736206897594076,0
0.80471754046146,6654.861648366875,0.9527596970216541,0.25059892734696343,0.5394756516697553,60008.41385662992,2,0.8443083023853756,0.18467078638903733,1
0.7943296822368808,3905.960698627037,0.7650623977114992,0.18203766534957733,0.7632516076153565,163898.42959457732,2,0.537864067231629,0.4658066132546139,1
0.7354001977371398,5795.02979832121,0.9856860738736469,0.44970338527680737,0.20080955648223664,179562.94093794873,5,0.8347778922675418,0.3537272261870321,0
0.9736936843295585,4417.835688997626,0.3644698984122038,0.31958346401214627,0.34820883038748496,145604.20761463296,2,0.8267650589486528,-0.7446703585080188,1
0.6548980948987781,2105.207927438286,0.6492196335416387,0.15582024343306497,0.20380043899208145,76337.96439645631,2,0.6050207618530098,-0.2850043680699397,1
0.6570075665936916,1203.189907430994,0.6115886778637267,0.39996514489711404,0.8869285544558353,113452.07278101842,1,0.3819108350350146,0.5262097405675286,1
0.8737465203356548,2744.1992054439347,0.6875567410688029,0.17244750636866346,0.8585316160539698,71911.7303530568,1,0.7808843032465758,0.5198238380328117,1
0.7234644225728979,1048.1544601649211,0.038316566041330824,0.7181523908738022,0.16920312032581986,179313.41817013692,3,0.942572795176313,-0.7558305292375618,0
0.6350825606469197,6376.813618953165,0.2917193238773741,0.2705880345621408,0.760550234784524,21535.050409782896,3,0.6808409544961989,-0.07583431767692406,1
0.64745705820012,8059.317213927953,0.9093375737908073,0.40361281577316793,0.3639760678526893,161823.655261841,3,0.7298277001678871,0.7379648274633579,0
0.49199105242952434,3727.537298255308,0.42382005487222685,0.6161424490014125,0.6861709837780566,22673.18265122024,4,0.6863409221804765,0.5831509985805301,0
0.7172151984653042,4177.555025847403,0.9606436790815472,0.2550672797622358,0.49336814607030555,17173.62988008577,5,0.7880148573487765,0.1618485358683004,1
0.7304668751888956,8253.815096213413,0.21350317264497576,0.053811881344810096,0.4719789344598242,169789.7178107029,4,0.28330076734753057,-0.5871327415666074,0
0.7897712947730354,2614.8226675488227,0.9974239734810894,0.1249614333970986,0.8812848123768284,157437.92936739954,4,0.8752132245321277,-0.3509242460762021,2
0.7442240568942045,1632.022519351305,0.6975809089595323,0.3296576897331487,0.6369642655748765,71465.49669807585,3,0.8788849432974946,0.3073310634173332,2
0.9282550310142432,5260.622114645322,0.7763934240664878,0.3039251942698721,0.23576794276526525,172780.47201405716,5,0.6409973308124326,0.5628187742078228,1
0.5909833394086902,6638.806610565753,0.3968611722025358,0.10340801823006505,0.11075895768237376,156515.66920281269,4,0.6588144549149394,0.22728966509314263,1
0.6759752723287072,6196.717037941553,0.9070081212606208,0.3653657537980029,0.9334068430113723,163337.08887843014,1,0.7521028058744239,-0.20924245814222586,1
0.7646003771715567,7281.793930104718,0.545462900958622,0.36630693187574415,0.15338595153822887,111169.63266396611,4,0.8022992415071566,0.1532539495063039,0
0.7795342043502588,1039.1362306437268,0.680938380224635,0.21279537011626093,0.7340764719258532,172915.85115699325,1,0.6496401259240943,-0.9923542205432636,1
0.9463672166355228,4567.915321204542,0.094808271336286,0.6926465276716436,0.4958495171328179,147628.97531555186,4,0.8776904812905932,0.4712413973669711,0
0.6787775704561232,2766.4199774840845,0.6316807008928934,0.17530625221768067,0.1400653827423396,169791.9862743004,5,0.7494221849382429,0.6879350611842967,1
0.8297470370841508,7711.65196568723,0.8790789882621566,0.3123376522738699,0.7766556075902884,57856.85902038604,1,0.8774782171868608,-0.9078265462972908,0
0.6039093724004995,8790.93959857332,0.17828322821598808,0.12527931999286354,0.9044845361527675,100456.58644661368,1,0.7794443815464689,-0.20108295801576204,0
0.8173169842881961,3172.6895376609414,0.737725934634846,0.1350660060917633,0.12150660746314801,157502.68095527476,3,0.7169531741302468,0.697512583878305,1
0.7782213189858901,1404.5717511593784,0.02540075899465455,0.14688421358184484,0.06708882808030692,108553.93694733932,1,0.8184783462563011,0.19426380527291776,2
0.9262774899592373,2907.56563891827,0.9262030165625189,0.34205232156621307,0.849849951313571,146186.7212086124,4,0.8043474394917224,-0.03322016718697118,1
0.7992089547326245,1488.0806460597369,0.9829171160311863,0.19059996093181558,0.5009534389530973,175426.48449598608,4,0.9205233206808768,-0.8258835580011588,1
0.7141986979887098,3563.010578077811,0.35418006679809444,0.22048995283565528,0.6745352570270431,146775.68179929277,3,0.4504849662565772,0.4744055005806844,1
0.750389357488982,5612.886494057344,0.10707384971533485,0.3542865564734875,0.4414803372425563,63611.13550398509,2,0.5891201600754976,0.3785399219592611,1
0.7647044241367357,9749.969066782962,0.658576368163145,0.10759942320050402,0.41242825643454284,30178.896234415268,1,0.8138748479444312,0.17947785028690855,0
0.6268628895617243,4294.017416337906,0.029834514147479063,0.19560889479283494,0.2996591352220944,56366.96038280751,1,0.9625149511530136,-0.8791117966576276,1
0.6260963097738823,2590.379276618901,0.48248628129718674,0.4080546567542002,0.5629281557362577,122674.49067191355,1,0.6518101712873345,0.28549361217106384,1
0.7695520071533767,2084.616533522933,0.2717791751378865,0.6122538404430874,0.15980790770576014,11860.541423519855,4,0.8930039918817737,-0.896652967899499,0
0.764874803293257,2143.877778317422,0.4733390539528769,0.4168441809400435,0.7172307697285148,42252.18360629169,5,0.7949726818026532,0.6443116525123889,1
0.8454354894803896,2329.6779909838624,0.01827551473835698,0.2444700687291768,0.5494297492599041,65573.44967457518,5,0.7151615627332873,0.738555412952342,1
0.4149011805364549,7741.536714105747,0.051612183070706474,0.3726365511026629,0.8475208460416788,158788.2404167896,5,0.8270906059572738,0.06177148795381071,0
0.6659827972851594,1079.7632586079892,0.015975828843382334,0.35332751883971036,0.9210141107641304,18670.705225866393,3,0.8290931012765085,0.6968662116261777,1
0.7231992683562676,9975.325715958825,0.619131870047114,0.38062645341162377,0.9005867636985441,18489.147170059052,3,0.38574268597610467,-0.19843599128163247,0
0.8293636324114868,5465.520716079481,0.5600929176752085,0.2614927361035873,0.6012309146142226,103803.03322278273,4,0.8289517265927939,-0.4199221158483504,1
0.796244544307567,5670.582995857844,0.23315799853660446,0.14343592003822067,0.3187343050988588,40220.26287496818,5,0.3347678488357814,-0.03179108172935896,1
0.6558144542093335,3896.8568476462456,0.6466431289040213,0.29773694009972423,0.35716964106357796,51176.58062701371,2,0.9054940551549981,0.11756140113163749,1
0.7775697707028897,7057.425914415145,0.884207256894975,0.7246720156747759,0.6525360642594213,41320.13716648911,1,0.47164291156656013,0.5329119854933386,0
0.7654194918702288,4978.835238367578,0.27732210102611365,0.3998686950237578,0.7119671012062302,108873.21339147806,5,0.3686041960185236,0.20413236130027967,1
0.61125335909042,3626.082207163223,0.8319938078789875,0.26732298935375176,0.16128553504965393,19443.11743313382,2,0.7878680310118179,0.7117025954882088,1
0.5657369867162129,3018.8148352264075,0.6625091360021815,0.47227168090089355,0.9979493367128712,169800.0048670248,1,0.7824087448086747,0.8716474081456371,1
0.8170336798870049,9293.686465865965,0.03382044317298316,0.0658785378660397,0.10750309901605581,30933.52552018081,1,0.6212586693213915,0.04399236306082699,0
0.8249442454979655,3264.400392997992,0.3751498958294345,0.2264563861390428,0.6070922373104439,171771.23536755936,3,0.4768448354636179,0.43535174470088944,1
0.7263624430084754,4645.735964583499,0.5077572158590171,0.39330401191573355,0.5310236942968242,142281.9351789248,2,0.47208297328448545,-0.03696458530636715,1
0.9030857959715797,3828.243320106448,0.7316991899547214,0.46514351227514317,0.590988177868637,150762.70065843905,5,0.6160649019547966,0.812126978567016,0
0.6874837230416675,1318.6988605663414,0.28713055825341693,0.1744508561794031,0.5337648634793059,39377.399862552265,5,0.3047120685163203,-0.938938539942632,1
0.8417214693592394,2266.3767475815375,0.9827301048579323,0.09753656795283892,0.05791012287580444,123840.00478228056,4,0.690775777484249,0.43721937250382026,2
0.46686659196557684,2300.268765600629,0.6845397405050858,0.3635130255391519,0.9959254190949544,148902.26572039758,2,0.9316616083638986,-0.0073175003845364905,0
0.8093524203497592,7089.670386701721,0.37281367716436054,0.2378774836060366,0.9812770411485233,104866.04180856481,1,0.7290969044980706,-0.8777352561630893,0
0.6871424577795018,4362.561394675187,0.09702503907711202,0.3967801492408629,0.5243519465342668,103682.70034374684,3,0.6337106344759756,0.4913744825122852,1
0.6813559358516621,7928.691849171257,0.18136776027080992,0.3013273457886037,0.20834889715875704,37100.26720514527,4,0.8116640389847894,-0.2143543967381656,0
0.4775615345742856,7235.033781174491,0.4876077600551566,0.355064613820132,0.1829420892461847,80419.52493260626,3,0.7736463436825531,0.05443097306784073,0
0.6202065688589895,2324.4727807623576,0.4946953549583667,0.30767118367224733,0.05704853219283723,35591.793221527696,1,0.657401766937422,0.42561324061335304,1
0.5660202957951219,5847.710741140956,0.7677187648213535,0.3497391361607736,0.611858955014694,175385.8189807457,1,0.7464046588235219,-0.4958610465458182,0
0.7965836020626562,7557.634037463627,0.7261766255722525,0.07409819111800925,0.478236550243048,126424.50146717818,3,0.5512845298596482,-0.42334491740857816,0
0.7244116737581684,6513.9077730193685,0.2012730385178173,0.1548778355398753,0.4163117836272774,18231.7273742469,4,0.5102151094427162,-0.2866757550772654,1
0.8445605987091128,6200.156826835819,0.594956620558265,0.31267407510976697,0.5252133411377438,91050.5452802748,1,0.9700834220669361,0.495232302164726,1
0.6914115999870717,7526.3034303072955,0.02062180074288833,0.1480853646672812,0.8728529267591081,118453.90550576938,5,0.7441157637502357,0.9636325275237616,0
0.8851627828097621,1039.4170229349154,0.39854739938433337,0.5344698261993687,0.07071865131255539,26258.86474133761,5,0.7297431157487745,-0.2740753911035987,0
0.581490006197965,7448.508499933612,0.7641052405716058,0.29743438543968587,0.5440892675169238,123048.05780607922,5,0.567129947967577,0.22159538007416835,0
0.9968444392314006,3090.2249999575693,0.3995085932871665,0.5010592516402995,0.701016894983179,40141.89178958828,4,0.542423070892398,-0.3518997364109513,1
0.5924625293224014,5932.786417838864,0.8355962398014242,0.09360530077467727,0.9706888162170495,79339.49882623619,4,0.6592818150474377,0.7535681381095016,1
0.8945381376154741,2801.8974496168207,0.9761552901252816,0.5863992814978477,0.7396921534667567,116344.18939618955,2,0.7694545882999844,0.8710131574405473,1
0.9074407096345887,8468.766935964957,0.6072126026993657,0.15871317943822735,0.5481145432128997,72059.20057911013,2,0.5664615946119624,-0.6207547945476095,0
0.8226130081601614,5065.3138658571825,0.1450040763417566,0.050612753021691936,0.7667687218700686,74750.313567203,5,0.6048392801791896,0.30819014476464535,1
0.4901366710783057,6607.941514237344,0.3796772079054107,0.11835820243996474,0.9970582272908413,153414.60095999413,3,0.8278940403988976,0.8118976385522547,1
0.5617945523765118,8043.779413028917,0.009483355068375166,0.6293167708727279,0.8887343561148183,62575.0230839256,3,0.7813001758713666,-0.05002694082797299,0
0.9225715529098917,9005.494923177961,0.6027259238407526,0.24624167585503887,0.08909628197507957,121383.03506704961,5,0.7701071901738442,-0.3293161872206247,0
0.6811349490701811,7454.58992215874,0.8215685009737982,0.28876660509592755,0.5748279503760868,154355.95224198676,2,0.5347342683330794,0.8113043934439825,0
0.7010486964827843,1913.3014738088546,0.6299400789230429,0.22778709054937346,0.786474155710988,35950.361076225345,4,0.8202326711887382,-0.48425928099218507,1
0.8912560242285543,8618.057511064972,0.7860862291834498,0.3017984340743247,0.6718754825578105,17807.756430426587,3,0.5860317818009545,-0.5857989591022978,0
0.350635006177465,6376.490200722308,0.7999039272758867,0.48505437645868604,0.41696786280175135,150340.78744271092,4,0.8303285930101413,0.7610759074285185,0
0.7879162953203958,6289.772704612599,0.8510125762174637,0.3062105041222787,0.3224443743210835,103692.2345769612,5,0.7521222530890351,0.2672200645639182,1
0.865059429919264,9252.735318146755,0.2666637829975542,0.5169521966826962,0.6270049345951675,150709.2208136653,4,0.3539705742439459,-0.6299177997665597,0
0.6925174125265732,2863.8997788258894,0.8712685228204219,0.33248772808347604,0.4123687258159363,46216.05777831624,3,0.8077055734199697,0.28573879853913975,0
0.6052427955657981,2776.0823756933164,0.6540939984634909,0.18661916606825343,0.39199753207039256,151547.47789612555,2,0.7739845481277724,0.752427676410985,1
0.6527031862980922,5375.338769602137,0.28972555659448695,0.29575689599468097,0.8367418266405451,26202.77036551587,3,0.6429613288248679,-0.821385993807223,1
0.6309801598175738,7633.1991320812185,0.9872947149962611,0.1056927944126468,0.3156554231852873,160144.5158051895,1,0.6982117735492674,-0.4866181446615301,0
0.8514837156058797,4748.786728170837,0.950182393731669,0.19709744122413692,0.6449239370431163,149830.7226905837,4,0.666747954819297,0.20842289347929843,1
0.7476552023305164,6521.968203977821,0.5744409832063994,0.2840891322822281,0.8734334380129395,106446.90460091845,4,0.47615070575190444,-0.7700220668097633,1
0.20606486098345167,4798.984880115829,0.8432083783995635,0.25957951075089525,0.6217719139604743,113417.78180984699,4,0.42511400959879164,0.8108995191117583,0
0.6980376332957935,6298.678214626203,0.2614944887198717,0.2872498533098514,0.49278737231563163,68793.51344887991,5,0.9646922958771523,0.18590350727381555,1
0.5963614924245474,8311.491874830255,0.41603699661089,0.4774725997559358,0.03530270416096626,44274.74624122184,5,0.8498160101040453,0.1699729581384204,0
0.851293091545127,2214.5286128637717,0.1839717607438337,0.18121095251800448,0.6815725543746705,87424.47567653756,3,0.7701199351842097,-0.8882145461345696,1
0.73365095586806,7106.096073056849,0.520102642629248,0.37764576663931476,0.9975260272829987,121766.85951447418,2,0.9163161610173631,-0.15737624611338363,0
0.7257354948378891,7980.5445237127415,0.4960014300716653,0.2787495244513976,0.8084305533062727,179739.0261820927,1,0.749645391611164,-0.610155571182273,0
0.7017085372531058,4747.558371076933,0.21281322596156638,0.5333617729308365,0.6344661863543918,148933.02120332982,2,0.604111088203016,0.6170554193781743,0
0.8422418967197173,3570.7189821446154,0.6728016937160975,0.10545214044695622,0.4691445020504684,83832.33223226469,2,0.86913646966239,-0.32774538767280337,1
0.5620867743530871,628.6710772818197,0.11779029552541254,0.5741672728789593,0.22432419711561136,136352.1349865393,1,0.820705567197458,-0.1939354623741394,0
0.767881034061556,8072.497712173888,0.06169145106971119,0.17762945709054237,0.6921091988220286,28368.075457104274,5,0.7658876827070245,0.28131360000720873,0
0.8720995167747225,3615.4172608418867,0.3849049686623861,0.13280608188282692,0.1773019175120586,80556.12798227988,4,0.8236472478989441,0.434843394956139,1
0.7883352091108214,3894.439959376477,0.40982477778470494,0.5062895296798952,0.8870484506316244,82237.17894726849,5,0.6000079447514804,0.579959179857779,1
0.6208574535283553,3692.0585494387165,0.31974060652648617,0.287075296380571,0.35398858724969484,179800.0479062509,4,0.8482912474312464,-0.6502746674063242,0
0.7067402144410723,5238.023642717212,0.2579466375782504,0.4646664709612361,0.39979640945267025,76472.54387025752,4,0.8697455405188496,-0.47489435698929494,1
0.699003813635597,7173.745945581232,0.33877634500953036,0.1356312298030773,0.21604160987956444,24157.872492959985,5,0.574150366813118,-0.8152262668815227,0
0.7780757127082314,7832.699744504853,0.163375573952103,0.10259100418243677,0.4816623514049464,21428.751740707186,2,0.32321093625656283,0.7128941937438606,0
0.9837872747506065,4229.421843830004,0.40345246913287736,0.19374181085924008,0.6804544901522734,128725.34543835303,4,0.542511870985954,-0.36912876106677817,1
0.5774390712364464,6799.469332929106,0.9046033735174437,0.07352316443883507,0.3027791702384416,59145.825231389645,5,0.9068314590680466,-0.7477036883957437,0
0.4515677044953228,7346.500377577495,0.22442688120883825,0.19324520675218462,0.7018375945754056,157715.28610171928,2,0.9246529248323414,-0.3772924944377596,0
0.6561237063611743,3320.7146509351246,0.6844511043503504,0.4820586366344175,0.6205822140187163,92101.10792111554,1,0.7774860612820771,-0.8856776766793224,0
0.6759612123332064,1417.9039606023862,0.14178451039783935,0.32026812530687737,0.37238827382799167,66163.30538269226,4,0.8636798552696945,0.6731668247812632,2
0.7995789911224467,8999.324346122394,0.35390662401023076,0.2516849145581922,0.3128042112265995,139049.46495815812,2,0.6520705127285311,-0.42592761406852864,0
0.8653604531963929,6932.601731925132,0.3211747805452563,0.2116646241783359,0.8613293528891569,80980.52695123151,4,0.42460145158237983,-0.29985497128259797,1
0.8655810565157586,6657.048884324769,0.9370293944083278,0.16591113285242823,0.01193500904302136,135355.16567091327,2,0.5697415703865858,0.8806794897802863,1
0.3374721313005145,1059.573894513791,0.4279820558018089,0.28157917965736523,0.7159057119531629,131395.62827304038,1,0.6087203419518876,-0.6213376053376118,0
0.5761886458279217,8269.794046287301,0.6904659437813839,0.14936330059697714,0.41725386563587885,132945.94462003332,4,0.7562601489698247,-0.5920373615051682,0
0.4530537182080008,5877.514482817505,0.6024628089713293,0.32354657942220494,0.7176917722618247,155710.7182887681,5,0.9241903880965369,0.12093457905265015,0
0.8974110107493186,8554.901964516877,0.1410300752847614,0.39809584186680447,0.5075130233471454,154227.89757544847,2,0.9971992232986043,0.9445520473572209,0
0.5509123272443864,9758.331245499234,0.9395404510306183,0.05998190671162213,0.08386063736899985,122983.40256221282,1,0.8174041169221586,0.802361353365256,0
0.875107422141224,9592.4530483623,0.3458692918557632,0.4295367583384261,0.9820523494127192,172683.51822849325,4,0.8427979014706388,0.18577397490880876,0
0.9110823089696348,8632.848790706972,0.04475835578364973,0.19185001602855692,0.08604554142024068,13523.673128208253,1,0.46301725320156173,0.6244601190181396,0
0.5136772136093153,604.0000513980045,0.30044370684418764,0.05583682671495686,0.15843484806572972,168171.89485920797,1,0.7422314381633405,-0.024756174181461255,2
0.6519412595023636,8914.408478251087,0.3356337258823261,0.29116252974592444,0.42033528051207547,35203.08145667954,4,0.8383082997080116,-0.1307434734191142,0
0.7057035706605717,1213.0919813626324,0.0927453273787272,0.39927660450354846,0.9446233848195495,45979.32167757143,4,0.7259500318853495,-0.19906879640993713,1
0.8845794443168886,8586.34271667929,0.6199774063799428,0.1473624229668281,0.29307223657478887,148957.8383330405,2,0.9484741320215208,-0.09094044543045743,0
0.4933513119589556,3161.6536518104244,0.3467642055415454,0.04565447238063731,0.5686621405910818,78074.03205493439,5,0.8009471817959015,0.41385848763233857,1
0.88230519530065,6295.649216066992,0.6291346063309708,0.09491331751508941,0.5214364527087448,82302.7751786997,1,0.6387845479519286,0.6429332438653761,1
0.6494656953255014,861.6481959238569,0.006740563589067161,0.10546282177492014,0.3301475212747018,54408.583388535095,4,0.6667335689079612,0.15200033298313786,1
0.771136867233042,7826.226113123166,0.9820483989907525,0.14858334751497826,0.6963324338984261,48155.00313562486,1,0.8749117836477648,0.7378944468848105,0
0.9507856137331774,1561.2081612132292,0.1705163585446816,0.592868426149308,0.5014623307059382,28060.877320249772,2,0.6976085007207481,0.27741340489693056,0
0.7643569300652563,4401.537630919833,0.6593309867049364,0.4034887259947958,0.5782866277856921,43451.10747864502,2,0.42572962126208086,0.6054706786826012,1
0.5903807709184653,8265.737022090363,0.7157843032795155,0.30286672464947156,0.21015542128385944,106346.87906596162,2,0.6288002184071865,0.3792169218748447,0
0.7456194261313838,7105.815466829184,0.17160834974747607,0.18486447669337916,0.9265490605864348,130123.50997809999,5,0.9733897965206019,0.5475674089701765,0
0.7240384130907512,557.4056201516356,0.11171228210241857,0.27666242405930014,0.11057105083928187,135602.67697245837,3,0.9931343028738773,-0.9618922708119169,1
0.6970318224578984,4328.807178154214,0.15257719184480867,0.43969808562324786,0.6902692299255484,72920.94324180714,3,0.8287291019178525,0.7344425876097145,2
0.8437581823316435,898.3114111628263,0.24681825584494455,0.4886825246924785,0.8858961105845178,166732.31197391337,3,0.8203359188173676,0.7718708230074038,0
0.8086050658294077,6898.248677775457,0.16823211799290883,0.2519959104231042,0.08402065142553927,65883.76963002255,5,0.5801057785005179,0.6826237477899413,1
0.7928572506639869,9705.010671656553,0.6739994269560816,0.1838328630412848,0.02875202369020302,28893.229377742744,5,0.7514888959096738,0.4603129650683646,0
0.5157772064844565,6724.981991857212,0.42083320372606725,0.2946653383801201,0.333153745157454,170687.87073206189,1,0.7214236742815852,0.5750473100759443,0
0.9322759632199052,2631.53809561678,0.5377915945153631,0.30598161471864427,0.7899479332673502,101915.1140121237,1,0.7241994026427957,-0.6375478672524035,1
0.7425993578307907,3874.713804632131,0.04733678880915826,0.1356292418700967,0.7173665175038394,175133.95775968,2,0.7289753181369989,-0.9047493097382251,1
0.8549735726133787,9778.180278755442,0.8612489631007233,0.24548322805198017,0.8221570854487401,76923.31404112822,5,0.6938554789116923,-0.42051335178259297,0
0.5238481223772256,2628.4979143073256,0.17057155320619222,0.287356759301486,0.39749854503833326,138756.85817846746,3,0.39650815132660033,-0.11510782553274135,0
0.9460143810326549,5834.526194017205,0.3601523314550882,0.3976579398444723,0.9937590183324704,28689.243544877296,3,0.6435121195803618,-0.458443632862656,1
0.6845197656723028,4304.311182476575,0.07190163982776698,0.5694309165715866,0.3661061050203066,155193.45237084696,1,0.6138387682011442,0.741327765760804,0
0.9021275115117289,7798.9953303181055,0.13679313464832965,0.4979386734382729,0.8053832013619835,39018.96692669209,2,0.5954630457725544,0.9288084509723211,0
0.7589805486228591,8740.198083808928,0.6657994099756614,0.43015117484758114,0.3508064220451441,21675.442394334088,2,0.503142108598778,0.5415861188212823,0
0.5310424122225261,3737.9541063278193,0.6925870022556889,0.10375012063685744,0.21844377139286397,26618.05619803791,4,0.6223185118043464,-0.046783010377747125,0
0.8581193705826601,6773.765455144135,0.6769654846253521,0.35347076102575176,0.3366690730617692,104753.85078897829,5,0.8966121966401032,-0.7084732145031389,1
0.4688915454498718,5715.95312641841,0.552136787846022,0.669626674204151,0.1926777644828539,59618.501895606096,3,0.6347630047626798,0.7440822082958185,0
0.7514209872447271,3145.222655526617,0.9525216640119066,0.14818759619260416,0.12911060657718876,173362.23492284713,3,0.8250166299565941,0.6839988532001744,1
0.893680279668314,3083.437626723516,0.5071771607685764,0.2627201407631015,0.36396390738363016,154955.02071004972,1,0.61339457853698,-0.675402766769758,1
0.47104556075745296,5617.0006515568875,0.4494120292964465,0.4719866746375964,0.14679418548352774,146562.31713063296,1,0.22718587041850744,-0.9025881395569986,0
0.6297233174375375,1963.027298556848,0.24754556571714348,0.15161624893227865,0.502328781535417,147638.5392644876,5,0.7241429897768079,0.7979259070770983,1
0.9441412400346312,8202.694016583479,0.09884952926661261,0.48783649302138954,0.03541222619091233,161415.14572336947,1,0.9506284304527993,0.6438803119061229,0
0.6822880717638953,1155.5459724038192,0.5481549299661788,0.23698873302909532,0.4313277581390106,157085.71869258297,1,0.6722867634067534,0.8685047532128323,1
0.8471161298008892,1398.457618979005,0.3148901866928281,0.3323410805428375,0.958005521403658,167795.28572800854,3,0.7567971087290969,-0.28424184247486295,1
0.8586132796082587,3751.149934809042,0.5240253831905152,0.2906209196400111,0.35884491206045543,168842.27490688962,5,0.6086207756874209,0.3158588148767003,1
0.9377215169232783,1621.871702872767,0.2061190782604797,0.36865480669347445,0.1376413326488931,60714.625344867185,3,0.7728634646082774,0.7283968408069015,1
0.7546073373778863,5019.150201927178,0.8381726722079114,0.16022304275663676,0.3051967303640112,47325.90885522284,3,0.7562437660168331,-0.31714256500228855,1
0.773963637933993,4296.920959197769,0.999697209659069,0.13783097806814373,0.79127791333323,119326.6822958726,1,0.7718688252126383,-0.050944776428274,1
0.5526778313574413,7357.193060914312,0.3224035101206495,0.3063350063092723,0.3136590958885659,30966.306537317152,3,0.6084837466965213,0.06337246348147607,0
0.8938444225366406,9553.539474492343,0.8423276072603297,0.24275741456616323,0.3834959369485659,45894.669334530096,5,0.9171125346656662,-0.9414553228571849,0
0.8789421186286316,7658.806555021697,0.8729861363924074,0.2564243856274458,0.7887865165251648,141402.63429988164,1,0.6038383488100003,0.6567599660928092,0
0.7006336286623884,2204.7622973657412,0.9960737887570796,0.18335102839542933,0.2605604941578892,120387.02271888092,5,0.582394006618001,0.8875982290412421,1
0.866883154752547,9387.452211911828,0.3427201297779794,0.35230535524249235,0.47829068039773337,120644.8323990137,2,0.5056024596370549,-0.16573194939484748,0
0.913848454290687,4225.267609254139,0.7560413937141057,0.04290289579150545,0.06316838633046118,171608.54435161437,5,0.6157002091008749,0.22230381770920316,1
0.7657380250921205,5004.798928805672,0.22880900364198542,0.4356642689962859,0.17407058230929173,123496.15843337335,5,0.5740300023852974,0.08324232308645785,1
0.7921585728460904,4504.974255021038,0.6247960012921433,0.444667728780331,0.20944730886365048,83237.21514221719,4,0.9671212015766074,-0.30420652747059584,1
0.6922138558206115,3165.19672123333,0.7048425694728376,0.29411300553157266,0.46358159635522767,57656.51378797821,5,0.8392740501692632,-0.8351390757493344,1
0.7785608547732528,9002.920734076097,0.7411206925350964,0.25620395797069195,0.8209803799166909,67554.41498318245,3,0.5031159163576472,0.04027335580258584,0
0.3997086477971494,3656.269226017853,0.20717216858446164,0.475528052080942,0.3545101608911291,57228.29227722438,3,0.7946558550910152,-0.5117810948947503,0
0.7393323889754654,5996.6664619556905,0.8487255704961948,0.5556333246701355,0.3804877578870467,15947.971063720863,1,0.7851848407982174,0.3046875410623284,1
0.35403912405343646,2780.319051556137,0.42097186039254186,0.4598086133386788,0.30100526520334836,54467.58378806415,2,0.9265222637705844,0.07444451838842925,0
0.6476816001220984,8075.066060316713,0.21636951773455504,0.29165981199059376,0.32049105473189465,152012.91155354644,1,0.7397112668762837,0.18105685088955004,0
0.9591924758938082,7854.887265527273,0.5425310883719016,0.25424573353210084,0.4035044003759999,133798.92877214093,5,0.9134427068252591,0.203477353288539,0
0.675589957448665,3314.9653152469177,0.8633571296069421,0.5800446405149126,0.8994032838298978,115712.50231089705,5,0.5834239918846083,0.771361998630987,0
0.8293819904169618,6974.76369486281,0.9670879097781138,0.081241129930781,0.02437613063350541,163374.91224641557,3,0.7648659941834819,-0.7051583805927288,1
0.6853521786166629,7186.798564402022,0.7482078217278744,0.22235291656360487,0.6245853297105947,54901.25714981503,5,0.5476551962593531,0.6113249905507947,0
0.8451061945076378,5843.858452995279,0.005622886271362426,0.21247897668810575,0.8876829050232833,108206.35493393277,5,0.8013420299326157,0.9094491190472909,1
0.8329523104316812,6205.684631580867,0.13470076046595614,0.2563192707566718,0.41696008961446396,15325.49214120904,3,0.4350333546738607,0.44262837395696875,1
0.8536472548320874,5957.31906376256,0.07627398643886574,0.15160790007425384,0.6509136091701927,161641.11272843822,2,0.390844728806275,-0.7218980824917214,1
0.36694126871424043,1277.7118379510334,0.10121374299388475,0.6251737355217151,0.5857145797054453,86115.28084577956,5,0.7009501024154124,0.7004804552146864,0
0.658038264593894,6867.520774780957,0.3830349560197751,0.4219883168245329,0.33863149550681226,40238.14308831015,4,0.8435414988901925,0.5835932899000047,1
0.864682126326737,4962.8625934675665,0.33849331482862777,0.5841315522219886,0.13741784684439529,50683.8250098939,2,0.8063949176389186,0.7254892393415142,0
0.5093922259035469,4665.344165143429,0.11368498126831006,0.16474915162405163,0.21961722146443008,154200.64331604008,2,0.7891979877612687,-0.02731697425043178,1
0.6941999783736357,8669.992578427107,0.882235351614249,0.24826510128625423,0.05744513409935392,28497.047760623267,3,0.41692290582632635,0.640490245528776,0
0.4942696647322186,720.6537778806182,0.6154275763323602,0.09725801655748888,0.7647274535011184,167284.46648477062,1,0.7471950851392324,-0.6919728557526013,1
0.8542676150544398,2887.491720608174,0.7964633089564489,0.14973432936162712,0.5328071473808441,73488.65148455456,5,0.5726994254575741,0.15334718030387506,1
0.6778433389152705,1653.3332485060903,0.3715493888554309,0.4352991265214233,0.7856335736137513,52684.49502659968,5,0.8918123275773591,0.10347724133056468,1
0.14844820724033492,835.7399237923946,0.4102360162875679,0.15460775597898316,0.29019666118679477,66415.97793661922,1,0.8798583280602059,0.7934685430358766,0
0.8737447005282204,3118.931477921502,0.317621210536728,0.03449523384948056,0.804672139410792,79527.14736964382,5,0.7423834465495652,0.7258203675115162,1
0.9309861643886695,9890.524591549438,0.4384266120984911,0.12026733541522155,0.3092043838908962,103179.23191334543,4,0.9201141701201668,0.4320807384102654,0
0.6159908126598004,3067.177145471951,0.6103772623550536,0.3317167938434148,0.12133395042358586,109757.27402924982,1,0.8694624028004018,-0.6503039340842174,1
0.8000148487734206,6805.205288059828,0.49298400784024143,0.32495146619970255,0.5338107286057822,86129.27676468284,3,0.8519130414851767,0.6134883660849133,1
0.5664945465763801,1623.839455386854,0.8379170061884502,0.3344263157394098,0.9452955582084116,85881.86434321394,1,0.7398007447486639,0.22849987242966763,1
0.6164035451095019,6217.552485448685,0.9001391686098242,0.28875969124131806,0.41439404903202237,58500.963587337574,2,0.6017269401590916,0.6331911001991528,1
0.8255492500543611,9852.574089813976,0.4696838533675992,0.12666868238180692,0.5153886538855176,75247.65915636925,3,0.7768481386244325,0.8767140556993933,0
0.6069077863359846,3272.4564728744203,0.23974798034864941,0.05659568228031671,0.45128941188085736,89413.51741910832,2,0.8652547741241112,-0.09982281159895168,1
0.7835708015721631,8556.718355568037,0.9451924194593089,0.5166634536986908,0.45743480150983196,111589.96400563575,3,0.9176487093595311,0.48901238311108286,0
0.5786019957949927,9976.928113482087,0.7350386430509227,0.4072022831299203,0.21435529824735966,32218.979430924177,1,0.7635391668072403,0.9459062197586854,0
0.8989738008006395,6091.263842847068,0.6401270860538799,0.20069086402621625,0.4224823708122414,139875.54508581315,2,0.7448936241365597,-0.572696802151968,1
0.8424569654797727,3439.310454066336,0.7454137336239759,0.7301219894454278,0.49690097036981884,125697.10921897693,3,0.8233986143610801,0.6939981508071402,0
0.9107684984620918,6898.546969041984,0.07598178239692288,0.5270769660854449,0.7448584719919082,60790.53446321112,5,0.9171736804922686,-0.7161327032535545,0
0.8609401263119218,8526.05795955188,0.06762632763767251,0.03751488088867636,0.13983183200329696,88088.47018404052,2,0.8850822306875704,-0.9657378246176176,0
0.7122531541770942,2127.8273081387943,0.1531206525809874,0.20564687848478688,0.5716139178599708,170977.92682597734,4,0.5669802530908231,0.6940548204860928,1
0.7903809330274666,4798.899756493806,0.14745096744053243,0.5517079165856956,0.6621931236280534,13481.154963839834,3,0.7437759297369545,0.9197507031217458,2
0.5441280504937541,3532.2832461764892,0.42067047484940445,0.13442270637550893,0.38279265635339377,147929.77173885753,5,0.7323043523840832,-0.9355775151653711,1
0.8133684927995491,3191.910471142609,0.15740408228536418,0.18475543792269206,0.5491643727984491,96993.1998497504,5,0.9651466570105851,0.6888450989582764,1
0.7596888146144632,8677.801977031639,0.8545256442665965,0.05601621712281728,0.7107420515856308,115198.12363221716,1,0.6359793649999983,0.3987875200541928,0
0.6196472050560747,4505.713064807465,0.5780969309280258,0.2657252220709409,0.46510121116140235,126370.53523693461,1,0.5656883395284922,0.3995785967137584,1
0.2662647262045578,3721.225247137171,0.3682618963502514,0.06417694328927229,0.3333509206915637,87523.43218457543,2,0.45975571351276456,-0.08075641632516906,0
0.9094148262965898,6233.35014354713,0.0696225382252671,0.03143804057796566,0.8247032224754572,42616.13232337528,2,0.8413435418512164,-0.1658006111102599,1
0.8994285821544652,2584.315006555122,0.5910277959591251,0.038552572590089755,0.9888168812075658,164630.396041071,4,0.8503867570744634,-0.2539622569254567,2
0.9377139588640079,2683.98816039675,0.11653282059212633,0.12385247860470147,0.21663555279462599,135832.42854546313,5,0.6770701314093667,-0.23632455606076497,2
0.602110073926507,5442.742943279294,0.7432202504026062,0.21477948850710035,0.8893947473737018,105130.2487060101,3,0.7733744614508493,0.8743130181498018,1
0.7453528340042578,4388.090922138749,0.8027580967438215,0.2682550128435495,0.5454288641168015,86237.58618539196,4,0.8506623973251898,0.6315556726115299,1
0.8640110979846012,3302.3326472620824,0.5439762579598412,0.08924665807863139,0.4479232624573978,94886.37682049414,4,0.4675753147597589,-0.37256669264910514,1
0.8863151696398657,1012.5357566039709,0.14960285914085747,0.45512842878275517,0.893163141112903,150001.49536517882,4,0.8581816069841258,0.48112810846662524,1
0.32784305994294766,5447.355267065955,0.7868627237404655,0.3371407142767179,0.9103388659298053,12125.579166367628,3,0.9915408163248131,0.31296757538573905,0
0.8816607021822113,8257.787453210214,0.30782778925933396,0.07427292645498353,0.27265675744909523,157106.94899453007,4,0.5161451921131207,0.691968411829752,0
0.7691334701053048,8588.08345021755,0.22265314275345982,0.41774370047317483,0.35837227155168827,17947.83543334301,1,0.9376141189652446,-0.8161684444662549,0
0.8113947665438276,2736.679807397762,0.4705566410184253,0.3301681010697545,0.8519242416571601,114705.221299269,1,0.6849963747888017,0.40027975639223157,1
0.5691768250459717,6196.591437501139,0.9226462413829178,0.1372649761504885,0.4908245302366804,66630.83732222384,1,0.8199222039036932,-0.5101279441701727,1
0.9331645763152266,8630.872439897934,0.2973732920745237,0.24894090932411983,0.28802869431122713,125300.16749388922,4,0.5218308541941733,-0.5168057331224458,0
0.668597006816296,4382.896318624515,0.9055785009726203,0.2343441552866335,0.9621759240916036,24542.29570809369,4,0.3919538868791027,0.41146950520053016,1
0.7692978494165656,9355.299764421521,0.053653308739827876,0.4807852545647007,0.21703808307960792,104559.53272011633,5,0.7416901203177484,0.789887435448708,0
0.6627800976102189,9078.296026730752,0.08352370501794681,0.22181569334524973,0.6103372109871886,155389.81697384245,2,0.8788337041747748,0.03206136013353933,0
0.7303798200842226,2477.272025478689,0.698561025135247,0.41043061984381024,0.42791642020411735,94088.43619498421,5,0.6443464544757659,-0.06893761186409186,2
0.9261866394946728,2960.165912551936,0.19059266144817555,0.29774653603999623,0.4513015498515466,24338.92231471023,1,0.6790784568504523,0.6302134124240009,1
0.7594290721048391,2214.198987136704,0.3166206831966254,0.2980566582262006,0.1059881717390978,16354.332208362866,2,0.5812844889887969,-0.9491032027473101,1
0.7717168321306632,2362.5163388196715,0.13637298098057904,0.6340809827171747,0.25713830538068316,115604.22929773493,5,0.6780014618972081,0.41412883563634595,0
0.5503373049182905,9124.689828148232,0.33224826913254835,0.09421564733584545,0.1669970928920519,21820.197941103994,3,0.6511659198774423,-0.8877484004596883,0
0.9099630406151029,9345.810137329918,0.28045999389246334,0.10461387818043469,0.7496248699812289,22119.10825837979,3,0.9220840877168905,-0.5111652973293102,0
0.7934049623902613,993.023791258744,0.7363376389889836,0.24825926011652846,0.6977443990086757,82324.71602182386,3,0.629083598889358,0.3341330027543621,1
0.6093611264303768,6139.231878885946,0.7020233881890439,0.06661401448233736,0.7941039460352001,45616.41416022038,1,0.797577747270053,-0.2396103015486315,2
0.6803316565636854,5860.199847146931,0.9549271764283654,0.1846822230335997,0.6992628797967366,44713.30199814072,2,0.8670873012369115,-0.4095516101380958,1
0.8176210807830863,4210.202643882369,0.7244216851730408,0.5751749450648193,0.12871040775868658,91765.95654076389,1,0.7792732219635488,0.00862428528234127,0
0.8733994487293794,6501.127131819517,0.6948177530213849,0.4275666702617622,0.9785919802425558,57736.293644642676,3,0.8464579512141011,0.6997348199493476,1
0.8770272281530119,9499.994342353075,0.6942038890626517,0.4932447792421666,0.1885168044870308,47275.30401596936,4,0.7455138231413301,-0.14800195194940868,0
0.5572950409077811,2117.421385860389,0.8829674556481761,0.18555810395510022,0.3504496684952999,97450.46300920649,1,0.877326426814524,0.06576177040306574,1
0.7216633685458681,1643.9036423063285,0.2962367328755501,0.14341967269670874,0.7068772623138727,59450.23567062398,2,0.7645917638290873,-0.6840551751048793,1
0.8102963251298454,817.2104228752689,0.30009210919380425,0.3205066485607437,0.1404489282210436,23637.474003786207,1,0.6795612904164887,-0.11071693011141748,1
0.5897017669156431,3956.416424481363,0.7412138097049368,0.34526304882202635,0.1705062049977536,126065.64200320057,2,0.878886172492446,-0.9669183396179841,0
0.8669916571845151,3707.470532239727,0.2287051371501274,0.3317714695558326,0.8765751441013152,109553.36349130607,4,0.6515203245681185,0.6762689762281775,1
0.92819281328405,4592.787037507117,0.9120200041479699,0.19562540671888415,0.33201495003844905,46059.91364562819,5,0.6396654966317767,-0.5863310767943632,1
0.6398687915534196,5281.445293369015,0.534781725086886,0.09934099613406483,0.6655842454847365,108981.88790613832,2,0.7393510196514673,0.8397765960333989,1
0.58157491657337,7699.327943289319,0.30012492809283176,0.3142874276473306,0.8587484918284508,172450.24236549003,2,0.45263217938993705,-0.28460402868311263,0
0.7689641520657127,4225.077209346424,0.7760999296899824,0.315882078266675,0.9732007289918236,172601.35362194167,3,0.9874332495278855,0.671751042234604,1
0.7176224959971015,3640.824538931719,0.3123206298752961,0.4490519352648502,0.21028569085081494,100430.20975516958,3,0.7630538284170643,-0.22076120535885035,0
0.5869419145493917,8355.348792466455,0.9632783170718717,0.3892131766908009,0.12292811256599456,26665.05172559485,4,0.5406038767996698,-0.6945333285148099,0
0.6672581806018608,8573.068371209734,0.9829892097249847,0.09199488089207467,0.7407369458228515,87891.53988011889,1,0.7116067934757809,0.00745039916725454,0
0.6908127826089705,2711.2766607868552,0.6667962419661961,0.19210919441178184,0.18820182544990616,14587.175220777459,5,0.8092417625166209,-0.4788232202116307,1
0.5123391334782195,3489.3823157574293,0.11363388975022926,0.2476340671498172,0.580190202690512,80584.21759577535,5,0.8028166463458329,-0.3540001037086349,0
0.7473250493654451,8338.605523645838,0.2632088499332925,0.42305518147065074,0.5326451672946754,164601.20195633455,4,0.7655978965355655,-0.36774578399729907,1
0.6421629715489624,1254.378320828766,0.5154169622160554,0.2483669112053997,0.5599233002387604,89465.42742590373,5,0.6071746489558674,-0.3083215041180398,1
0.6402388353355125,3595.54441371201,0.8514474500979816,0.11530806213000866,0.6497928403386729,103582.85470866758,1,0.5129619624281758,-0.0037539538811235396,1
0.5246610803653131,4759.326016888182,0.18488649694202863,0.39879157921546604,0.8508920760207518,36866.20542921871,3,0.8032479710278102,-0.7446214485673621,0
0.5001926174203873,2277.180344405425,0.10440345901393233,0.19563305601760356,0.2718180824159925,12660.61087946435,4,0.8171586710054044,-0.48472962750924853,1
0.7248264041676302,2209.1848678016327,0.07447748318903558,0.42405396850190397,0.5552433380636993,178875.27809014774,5,0.8350346095321355,0.2646388619111706,1
0.9286553237788128,4536.189551128523,0.5069675623600469,0.40462702461808037,0.3366850259351597,67503.73691934822,4,0.8079583274166582,0.511403778348952,1
0.26596503461681914,7667.956384981129,0.8847009695947058,0.29297291128060504,0.3187340434972149,57489.49702423763,4,0.8183285953919632,-0.5123811282633994,0
0.7128877600089948,8482.21330570246,0.04235924264389235,0.1742121392814805,0.020419550030299494,107117.88104805794,2,0.9734208118394334,-0.4759761625712784,0
0.7224562801741342,9802.733379093646,0.2123215339935346,0.3840823761286952,0.5994024429931413,136704.1506137771,2,0.5422384669757615,-0.04393591737193536,0
0.7521838749652721,1202.848475871331,0.6932570158395017,0.11622546237046566,0.972505559791269,52739.325659489994,4,0.8081996286653611,0.9621956168509014,1
0.5977954285985623,2558.4809108869304,0.8258634351437154,0.5179776328905507,0.7612563289309122,99101.05448105768,2,0.6292080377767819,0.10039506131523379,1
0.6847637944927741,7687.983502649879,0.8073995292991696,0.36857018959688514,0.24279362964236584,66548.05634100275,5,0.6990122760194044,0.6269917183782165,0
0.8049208897661241,5635.6877075287875,0.785068057320331,0.6079052838545791,0.716124820807713,91764.13630611064,4,0.4833523721973453,0.8373568885401546,0
0.8560555995978755,3612.957852642973,0.12979980081333997,0.24271315187616008,0.29730546169417105,37422.68534144912,2,0.6954936244837803,0.2737672973739904,1
0.6629070581918919,2453.1017818488135,0.3972375821829185,0.23122675199019127,0.7536493514943048,96720.10757919964,5,0.5362022160695245,0.03831024383888293,1
0.8464160837747309,3164.5367406032565,0.9847446628317466,0.3184408621005978,0.8549323644102398,18048.990464644347,3,0.6837052589257361,0.5290983333898185,1
0.8093660260766508,4578.245027859043,0.9888875715880882,0.5335949140239806,0.33432945378385026,152799.5467416138,3,0.5420362457660153,-0.3622403312721494,0
0.7965659315098519,2182.9365853073114,0.6024273919541879,0.325563911141107,0.0021867961329151697,116702.13992617009,4,0.372781984831739,0.9452202934347846,1
0.6433058953704627,9660.14658082913,0.7092672047211342,0.3190839206173819,0.3050174712393051,170053.3732441605,1,0.8982701852888643,-0.04925095077903019,0
0.5068850668490101,1522.0902236988065,0.9512837962853091,0.16647982074583062,0.20585637832238646,111954.42545572287,5,0.7445133357937099,0.8565867526618158,1
0.8771341077096506,9862.985627647582,0.4499278612412104,0.3020563701496038,0.6186145811131679,40968.23431951445,4,0.2563836499816841,0.5195775345894629,0
0.5310864892207854,8497.98621700639,0.13686685788379327,0.35107271820207475,0.29007288348813765,92288.62915192287,2,0.6649355407139756,-0.5769809782572419,0
0.7784214337844444,4519.9403663805215,0.6689488755160782,0.4297800245435005,0.036046298130815946,122998.22256010766,3,0.8585816465210308,-0.5586052912192268,1
0.8863185525610205,7528.255176687996,0.9601023049005235,0.34947946379948247,0.5313345789728968,73617.9680575974,2,0.8242574049179444,-0.30034068986062534,0
0.6742098573424783,6879.394815115667,0.6972060938662944,0.3802151169900281,0.874685675009215,103950.44565840857,5,0.8341292382666239,-0.25591481711179154,1
0.9042465838065525,2526.2257205148444,0.8033211270237377,0.43617639105873973,0.4513390143565773,37657.04689094386,4,0.7679644928247608,-0.9700039715315119,1
0.6289343534094892,3721.165818129991,0.4227488039706151,0.0648943447739785,0.3762974708009059,142111.10693120403,3,0.836392813387286,0.7115868695856808,1
0.8003078620881157,5374.66434665185,0.09646315414485107,0.3785474866459772,0.1785162963706688,164620.0947191292,5,0.8475810403733423,-0.5191034945962543,1
0.6158338416555657,6559.519708933405,0.1688820865517333,0.25989023080526497,0.3873822594347345,63529.0182992677,3,0.784827763633639,0.6495388818708054,1
0.8028295420470994,5657.5023228879045,0.9826548294354771,0.2186504798495319,0.33091896551335787,144866.33602554494,3,0.6583303136571482,-0.03425162141222904,1
0.5459068180020177,4993.380879561501,0.49318431699428755,0.44604253030503926,0.9949229716405313,25630.73955156379,4,0.8835470917126003,0.18406626620205468,1
0.7820869401172821,4709.946597821551,0.012020590177249879,0.4900660195887788,0.030469505076524794,51939.76334607239,4,0.713591702247613,0.07290184117718423,1
0.6491177679979812,5233.51274330267,0.9553672807311738,0.27494674851085255,0.23884837736172326,88517.91129742279,1,0.8929746326731862,0.8893642509158952,1
0.7991514560900331,4626.339438536718,0.497779911971053,0.30073441378589516,0.06862899266268141,75689.21110201655,1,0.8642599490042816,-0.16405194834410697,1
0.5772717105447974,5642.635736684301,0.8362683982918376,0.10276188588302915,0.8574183115383347,115336.38360176748,1,0.714153774568346,-0.22247213359646012,1
0.8485560151654882,8935.860340943334,0.5484581420368935,0.1963462538761256,0.4173094014251888,105707.44931866942,1,0.6280819082178729,0.22979395831783211,0
0.5682649862512952,6511.87847401881,0.10170228367476108,0.34991298283798744,0.7962697545628992,24836.237457119852,2,0.649567841230916,-0.2362999405648074,1
0.6714856978508512,7364.898312391131,0.6155695821319467,0.10581548212034071,0.692154094598851,32388.049000791038,1,0.8100059759600743,0.2148920354717383,0
0.6519582099096788,6176.089770442377,0.9974002763196093,0.2871603136177294,0.9280315810017867,18790.976651385437,2,0.6506668765450145,0.14475263334453037,1
0.8278986935182048,6608.667982933021,0.03473778264594307,0.3818925047227606,0.02376424174560754,171943.14174757266,3,0.7651788373508717,0.5500825208571114,1
0.716379163759206,5994.323370257712,0.841794197515044,0.38099288739353027,0.2073448339559899,119708.52156237957,2,0.4130909624014632,0.9798954979396064,1
0.8659286364710429,755.2319608603203,0.23548079565076496,0.17661734254426095,0.7020327924182014,155449.34722123266,3,0.8273448640147183,0.9546351229716423,2
0.7700950288064791,9996.184630900188,0.39386622271218563,0.5287945214067992,0.5852237860287158,102014.86001259308,1,0.9071526699083559,-0.7524619039388869,0
0.8260178987107765,819.2877820225185,0.37270951177289535,0.24308314163202127,0.6946602499213417,42952.49183740602,2,0.8325119741752236,-0.095763549933233,1
0.5574253005251356,4253.90607821971,0.8987971942691196,0.06277561281574233,0.5754797245491265,116522.14955680846,3,0.6436060302465785,-0.15528244449614936,1
0.8514963865447261,1498.5989438398674,0.5044861888318382,0.23895011557981533,0.5810212134834791,95907.61811568205,1,0.6687740277484377,-0.6186552256974605,1
0.6724332478023911,1420.8202791888584,0.4471742868344275,0.5094106250510103,0.9325740269913173,79392.69702750139,3,0.6002504277667804,0.4874681348072152,1
0.5649582152885702,8038.506040907594,0.8180251088367764,0.2334465662248374,0.9212922324857041,73206.89781165868,4,0.567320666188772,0.9370893333156429,0
0.4013849323329379,4546.294903901731,0.04890713430494775,0.12141276607148947,0.037996674364258354,120513.00831229026,3,0.8288676923792618,-0.6947404765653202,0
0.7511237452809149,8110.817728838267,0.08645631509522378,0.3285743480352753,0.4136685306889075,115019.48100908703,1,0.7970689732966675,-0.4555072303274048,0
0.8423323184036391,3091.4714714678994,0.021688856876289297,0.14737573983777305,0.5105706217599958,35766.212866615235,5,0.9663706498227833,0.7100424883626122,1
0.6736478582272137,2936.3965221592302,0.6879829040075507,0.48221221955524896,0.35790447716026563,148757.7491518582,4,0.7514665015203593,-0.38947795236731975,1
0.8753944806454284,2886.6981272373905,0.5256161370791812,0.5740868659072267,0.04955841970526076,118135.51164618888,2,0.5505768183615799,-0.11747837538647521,0
0.7546780493590488,6353.3834508752325,0.8760221258682827,0.5491871321570367,0.4722983348693566,101087.43928924843,4,0.9675767195276666,0.4807153043954522,1
0.3702605863827722,8242.4942035332,0.49853290297260566,0.014870155401949161,0.9756963802732299,137315.9784470159,1,0.5946908669084875,-0.7479769485087586,0
0.7346676315429777,4796.479595714785,0.22181957276199415,0.013865407262925617,0.07221128056619142,36123.282342879,3,0.8861735164232465,0.05428049459485207,1
0.3799973976409911,4102.864461090283,0.8051473731044161,0.4172015915183653,0.8166784265617054,166351.74819055307,5,0.9078264956934925,-0.7806648536543344,0
0.6026281580157783,9749.005764915668,0.29432385423262286,0.34694233754915427,0.1956525690219878,55999.82478777817,1,0.9373106268142785,-0.38927507411213846,0
0.9817565169319565,1609.1633421105687,0.935689782152209,0.5473055975334798,0.5767949435256203,54668.75342039002,3,0.9454669630537479,-0.526161946670612,1
0.8590131595750025,5123.010479426479,0.25042388785224046,0.024839510115896524,0.3870307038786579,148533.4337254474,1,0.6051124515941022,0.46046448927794414,1
0.457467831463632,4380.633655223626,0.1677206528702868,0.1136339871387546,0.3490082555592845,66778.50487649982,5,0.6946279998081851,-0.6986624720347003,0
0.8515573777329835,1432.2026675754587,0.49332399151068784,0.27249756058844665,0.8704136037322231,151220.39761708266,3,0.7615626274217878,0.3238624310620579,1
0.5620919171820864,3047.9034398380822,0.05051511797024333,0.1485280828418096,0.9734747520435884,65761.67873342268,5,0.7919981899092485,0.15121598804516623,1
0.8895625459986614,770.1915195015642,0.036411728482617645,0.35682304541990517,0.38666711942970855,103616.95727641367,3,0.8228809452086534,0.3516104369408328,1
0.8408368881694173,8831.065745338092,0.49601454525545796,0.05989404407488474,0.6404433727421598,49243.64027380866,4,0.798923925526326,0.7531583176225392,0
0.7162197474724187,6274.570525408811,0.21510688079478757,0.23296034341348335,0.5564137494745096,134358.46300095288,1,0.8444984474350874,0.06824371787358374,1
0.9250130799103444,8242.675729767383,0.0093526383951813,0.4995615689801633,0.07692160185962271,38379.98764843101,2,0.817729782234259,0.4412129178997395,0
0.7205267252169665,5454.767297828404,0.2960569114315217,0.1397575357573433,0.04116089165703096,162903.3526362301,2,0.7419773841957933,0.6091020069291739,1
0.6805048625722124,6195.343379507996,0.4773673538465919,0.2185164854783434,0.7734049286417419,73180.3011719927,1,0.8388325124529542,0.39125393787503304,1
0.7513997614172079,7158.1175391870665,0.39428870146042316,0.3490804512316374,0.39453425460734937,90167.66187901708,2,0.3693204550902376,-0.3618709504886819,0
0.8117482571081167,9126.110460910042,0.1354694661604231,0.33531269294264177,0.3075741440171428,14083.721952251184,5,0.8320967007820698,0.9229275149859779,0
0.8299043683180346,1371.6429343455347,0.5796748278319775,0.2733313172919781,0.9855827662790901,175884.2942345669,2,0.7297265278209923,-0.8785168374212775,1
0.6411398520110517,3644.0097499894055,0.710332991147637,0.1561302113163685,0.0852299982381225,148239.80436062,1,0.6193854067752413,-0.2553873190664271,1
0.5405968271356969,7235.748811650004,0.6755391621632953,0.15140207474260992,0.2690625518103392,85991.51423555355,4,0.8056134697326125,0.6426238178742651,0
0.9398392723146397,9604.330348513231,0.3937619212832725,0.037244621250330616,0.8568016725739313,166444.4276431625,1,0.7071807574234487,-0.30018622445011434,0
0.8661748714118358,9817.670570655051,0.137596151171114,0.04627066500602135,0.4149987579612022,168280.13808985706,1,0.555591672388028,0.09185156373810699,0
0.766249293822099,6561.978586803993,0.4994867734907227,0.14290682194937024,0.5842470986880149,100618.86067680588,3,0.9621628768819295,-0.7310169869709886,1
0.555302525134447,2339.185538671239,0.8904317549370827,0.5387766873810634,0.04838217430310532,49754.63455047298,2,0.5486337770925762,0.7137279348154841,0
0.7556765488220579,1632.484658432589,0.46872284894123284,0.4089121065640121,0.920291903949599,92808.75688938699,2,0.869594292743165,0.8623207300048141,1
0.6985308742921952,9487.414620664042,0.19568104974158762,0.040687847585281746,0.13691872426673546,65215.763206009986,3,0.3120618078327238,0.9680408583280053,0
0.7720347346239362,4622.313049893821,0.09305330309373039,0.029129539903652572,0.21336609618867386,86157.55693180153,5,0.9418158095575471,-0.8458105893711041,1
0.70711511375607,2350.752315995506,0.9439266380988796,0.1142215880455007,0.15679621556398093,164936.6452339728,5,0.6573731629932442,-0.6016728801659659,1
0.7797158076776216,9371.97889988721,0.7430094088769149,0.18794155947007662,0.49750054893015605,57911.8796079431,3,0.3367232372848234,-0.01001762986238508,0
0.7502218130113468,1492.9805798609627,0.31296697270048235,0.20123543771522093,0.8168538716376821,152624.35509652484,2,0.6111288696889918,-0.4547732778998863,1
0.732010461718881,7430.925420142214,0.29535240620517444,0.3657757968287137,0.26692282099911935,169001.1792092158,5,0.8505207841556452,0.28524876128799215,0
0.7137717717593975,6439.9987616616745,0.8952184867225975,0.2563953787456272,0.14232044125347265,146858.9738826628,5,0.6617716673164121,0.690869227723816,1
0.7489636160665312,1333.4793116184724,0.17756823480965112,0.23856881556075724,0.40992163377982993,99633.06841860905,4,0.5969305021652762,-0.7458574804129225,1
0.6322750045664454,3718.1135585747006,0.5350372896565445,0.3230128675956396,0.9816550831953094,105876.1430604577,5,0.6297230485128749,-0.9936223210183699,1
0.9104618045807646,1924.3415506301012,0.7135042751793014,0.284537098780996,0.011058078823907191,149337.94927239203,2,0.6300637334700039,0.9874610437478124,1
0.8267322649651021,6242.7366290650325,0.3963903519656896,0.3309420574106154,0.5039979528778707,17565.138290512532,4,0.7728436841015023,-0.09912716121669662,1
0.7388568046379487,5032.573800935574,0.039902342543088554,0.05877249769826464,0.6693681260620901,135108.09843376203,4,0.6641619296469121,-0.8630933866342809,1
0.8666461939608546,540.6136842746641,0.22775881371952156,0.25152443666201457,0.8067207550673615,99907.47299053916,2,0.8274814263280115,0.1769987011251306,1
0.8089673377844694,9769.250379697127,0.9018081374423738,0.08124829618018424,0.7461908286222866,77513.36529783631,3,0.8120197573251916,0.5063967087607317,0
0.6868436349859134,3821.054173950634,0.5231189668395544,0.5018334248114689,0.07442764279741887,140377.7057160806,1,0.37244327141864764,0.602486891232316,1
0.6978036193644773,2952.941731951975,0.8154412464879698,0.12452951364004805,0.4618704450551928,55262.028707278725,5,0.4658088452411736,0.13858053765652212,1
0.7300150849172743,2613.2080800439753,0.5556855427906173,0.21771182274095266,0.07874957941035232,162240.7337114761,3,0.7744163941161524,0.35902916941978447,1
0.9002828526377068,2008.7510136488945,0.9436020957123034,0.4353059214202014,0.6198553218410491,127042.92231338647,1,0.9661291809728313,-0.04748000309456457,1
0.7173095256518166,9991.802224056843,0.9091340755568451,0.1964329160312428,0.07703154915136834,113726.45023799494,2,0.8559231942349608,0.23951349594538351,1
0.8108456887473579,3303.539944875246,0.4828880420104019,0.0662237433554671,0.048414807889010536,98930.45001380435,5,0.570373448606183,0.9031760293484774,1
0.6982625998976235,4352.378223630676,0.3182740254363494,0.06521626417940243,0.3060281444286371,46168.801967186526,3,0.632044188007608,0.9750421208256568,1
0.6762199185773872,8777.881203691844,0.6016687873456102,0.13634495907252717,0.9388318299570964,114880.6431201926,1,0.6962765758255325,0.25512924957055994,0
0.632234819961272,6597.931283657343,0.6748876816694735,0.40745248342835677,0.7099965343887594,133235.3766599194,2,0.7693169738307761,0.16784249961975117,1
0.5588509603840494,4002.596911580089,0.4983550923006316,0.5790333230010845,0.004025983606737005,11987.252036805085,4,0.6794393063104273,-0.3089882045254695,0
0.7492555613536307,9034.120141276604,0.8222832210950944,0.1347364637301231,0.28472800347489813,72291.25510342431,4,0.8136499282577707,-0.35151573748708564,0
0.7793224361382423,7622.379921029202,0.1833285217848828,0.23704865471909492,0.01749789546758984,151518.89653890117,4,0.5968615575651276,0.8489893553797836,0
0.6465070847651753,2665.0548216461466,0.33441183062403235,0.46975696480850715,0.2943109415716726,117475.83488425304,2,0.9119340131347559,0.33030164414878604,1
0.8621506105722453,6615.520448699244,0.686376357366453,0.18673471417314852,0.6854921760219206,114595.97453204746,1,0.7817186100910055,-0.08284221115155899,0
0.6488322694375485,9262.785733777815,0.24668386538755727,0.5781067744647502,0.759778671680698,48864.15647084772,2,0.7439500547116312,0.3318997856835051,0
0.83614322567086,5216.378345278919,0.4398447446836339,0.15104562587936363,0.8041078077384969,117455.08469101023,4,0.742698504936738,-0.758171607767419,2
0.6280616120771618,7469.317826900839,0.9637335466282927,0.11435445669532902,0.9099900967767914,143645.5114402367,2,0.6601377842374946,0.8868826465421422,2
0.6812069196946606,9725.485567897013,0.6258759726865741,0.31677620452395483,0.365793235096909,78298.585426627,5,0.8195549984263438,0.04465050394319725,0
0.9023445407970635,7058.934338504523,0.9490572346411257,0.06071959773564357,0.8625977169558376,40955.66470831796,1,0.5303585818869434,-0.3318323309553688,0
0.6581739987021322,1473.1675527777659,0.7224414032485759,0.19909287412125465,0.7276687291201123,23136.623910188748,5,0.6408728711247779,-0.9734189998004732,1
0.6503744471585169,2823.315733847249,0.7246667696671729,0.31036866575653854,0.5377558487625125,95968.26329623393,4,0.5114623115864186,0.3543329073962431,1
0.6269727070895958,6153.416154755165,0.5918571736902056,0.3686438990702338,0.9546307601990848,126255.9608354926,1,0.813194430765357,0.9391396672992804,1
0.5918427084242299,3117.780246033108,0.1422085948147268,0.10580298946615306,0.9477409328583443,37648.67435805849,5,0.9449796931685125,0.11707791348578023,0
0.7237272762034507,9596.646201196829,0.5197142908862877,0.12683528751945258,0.8976042809370606,81645.41624229198,2,0.768081707390357,-0.33464068462100793,0
0.5135592451738208,4350.844323210651,0.252666200503471,0.31496617048280384,0.20222732207272387,106669.3455545437,3,0.7404146238521462,-0.163336004221718,0
0.6698767088417997,4843.688854457469,0.9986725543512802,0.15469045400943823,0.207886748911688,36495.93206357252,2,0.6337488077290676,0.13737208396424871,1
0.7881751995562851,7165.219887966114,0.26696194010122054,0.368685910590649,0.9010029517239481,55881.292028588905,4,0.7667018083659123,0.37751129888294965,0
0.6940608712791183,5480.3724477478045,0.2306858434614485,0.11913618414314932,0.397913150900847,113430.2756346425,3,0.8368085049803663,-0.6333357356423432,1
0.6711455087684509,4130.386685443299,0.6238831551240446,0.44368604872158174,0.797444260196377,133254.06990515167,1,0.3055952568154058,0.8702360766449078,1
0.776460131806131,1228.0598139684982,0.5109488132196301,0.24182243850892024,0.6869406198755751,118118.87873812251,3,0.7569316856803147,-0.17137038894721246,1
0.9252874241424012,6166.233100324706,0.02135291325451416,0.4494185526657298,0.7623567924214608,131317.81609956332,1,0.9799947544124052,0.24891446636907677,0
0.8689904298723837,8742.01029254333,0.12953317899246986,0.530595164075397,0.02627383280160267,108855.76140875253,5,0.6520439441252011,0.822859598866766,0
0.5305615062583586,7014.743196720534,0.8110429418275126,0.5076838059589285,0.42995711745638887,152091.59493524954,5,0.36657467191000537,0.1567016401184873,0
0.8269105826882123,4124.202595446046,0.4836919551475606,0.6176879352379004,0.8570935057677411,150545.11504815094,5,0.47662896495916346,0.3670945532043999,0
0.5497007040837187,1713.3976139197293,0.14601521482301438,0.4238905901628641,0.48992564424836416,145362.08075525388,5,0.6910120264169675,0.2663774792346183,1
0.8715258727030382,8255.212775590317,0.4652425628357336,0.123251678700729,0.6901339183729026,107827.88076241127,5,0.8506366703364542,-0.5039223771857511,0
0.9481406525689676,9446.609441196444,0.2531490830824037,0.09144772804233194,0.7559519029446714,179002.1343294739,3,0.5071188940361743,0.9258968101878926,0
0.7982512322769642,4188.593412564515,0.22359146111234374,0.2773250497048743,0.12075838050084886,16649.042349161617,1,0.7392965511948155,-0.05516815431047628,1
0.7556407676055055,7422.100797248585,0.9577252764451044,0.3110312307784962,0.15574556824808883,43261.02698383087,5,0.6854839802820106,-0.8032139703889607,0
0.7071234604711865,4402.252678962179,0.362024526857741,0.36439897016052547,0.7245536178410238,147509.13981261302,5,0.6534882728132274,0.9959730417012138,1
0.8009778515525795,5271.535919095894,0.04643110467233913,0.35898363054003873,0.054570550053193,150469.72821665907,1,0.8358263095657578,0.30004346349727706,1
0.946946483977696,8446.525615855891,0.9703266726373028,0.27148419127722195,0.3418953186687992,149187.97961098098,3,0.8253896681224125,0.21695922907253284,0
0.7060912062647129,1292.531251005959,0.7948395747721578,0.2684304710730829,0.9180835954518356,158361.3691301009,5,0.8746641311834331,0.8331642815079987,1
0.48098741837039743,5538.1858134736985,0.2544133065641585,0.2913198562053726,0.574355842860098,81843.34913294905,3,0.7532905527826342,0.08373951046848749,0
0.722225697558775,2538.892609376613,0.40889183470539137,0.22113424531944995,0.9104785519213875,168411.69872921074,5,0.6729184154203984,-0.27920158885942437,1
0.7548908841625839,3728.1564822097425,0.8622895745951284,0.35503812667321444,0.3094164514744948,45558.98131516245,3,0.8252769231463751,-0.6505178821141393,1
0.9736714233220999,6622.073834101605,0.35741351932327425,0.16430699540195215,0.6366264091370968,169281.24313766832,4,0.9840900870041426,0.6211642490010498,1
0.7850568711522292,758.6699172000594,0.5674040420065989,0.4063850329977668,0.28674277238474555,104635.34833626954,5,0.5424928837050169,-0.33798656769908875,1
0.8417525611119239,6141.338440245046,0.5348568696646127,0.03168028410586966,0.11112179743207551,37860.29226649414,5,0.7509424282623751,0.032801350305858845,1
0.9444244800050522,3192.701274810622,0.40129454862879965,0.16187293796292995,0.9906953145364292,135133.10818371573,2,0.3618403513056776,0.01776467412574978,1
0.715607752490879,6860.1014276766855,0.6395019018137161,0.47911524738008876,0.17623214945143395,60299.47510143096,2,0.7155007071680345,0.4807937856890383,1
0.7075228048505992,1845.022843174015,0.4732907373018863,0.42192358910841293,0.18848255485177845,47477.789133035156,3,0.7888335694497653,0.3683525195495676,1
0.7074290905248182,7490.210236253697,0.02123049167397284,0.08091921297996939,0.8419183689146944,39252.79584786022,2,0.7207445800546121,-0.15284493495843687,0
0.5903281151151551,6633.577337748293,0.8143831076479375,0.28869178446991034,0.8022369853735503,14998.90338614227,3,0.8730332522259547,-0.14792469183206758,1
0.9153213027430539,9726.797412363336,0.11315578275371929,0.3766609295828084,0.9778298643799459,139991.18228877042,5,0.5468964874586304,-0.4593380287695008,0
0.6207147621646253,9156.735950952407,0.4640899308913634,0.3815484029713965,0.0717440154457285,92705.72638726156,5,0.5959406377023305,-0.31816576823997655,0
0.6429468888220912,3191.377200397172,0.5799007909274971,0.5573581757740397,0.09412559269031417,176384.46498435733,4,0.6943765592778891,0.42293699942592844,0
0.8363724941592748,759.5074408916512,0.7055060541932908,0.2574442595909032,0.4487139950934056,84676.16705101063,4,0.4564894269909517,0.12467459099504308,1
0.41778330469957803,6726.0013305616985,0.41079653528794946,0.11755030272938867,0.5917474314734864,153369.59325122143,2,0.9440540901772204,-0.8979031364021226,0
0.7277031819179854,6227.430195544389,0.7355484870305314,0.10483995933442108,0.03802918294530799,174576.08761594456,5,0.8396143270265717,0.016369026552550014,1
0.7824202557870653,760.5733032812376,0.13135008471857024,0.07030381108826206,0.15838979601679748,13818.551836146435,3,0.8333925568295345,0.9100890414191087,2
0.8535551839297282,1665.4365274246304,0.653445548270779,0.2281759434122122,0.7033354627254352,27904.211410473406,2,0.8652889447441755,-0.7814097010820904,1
0.925345901258728,6054.666193091863,0.8263389275857029,0.07598375555800596,0.6685397735547454,69136.84086290997,4,0.7763088422249184,-0.7901927369492967,1
0.2562735427870615,9162.359008413174,0.8894439728375012,0.12779411929884876,0.0896862035877044,157919.75192129033,1,0.5133146637435332,0.3355148978170652,0
0.6028806456828334,9111.752626877365,0.5795664959538892,0.30174011188939104,0.9316661851866888,152451.57594982273,3,0.6988087063196142,0.9154959778067193,0
0.8184147256857319,1939.108018814711,0.3128951980750373,0.2592414025735922,0.2547638050340715,72344.95409448657,1,0.9461745328519096,-0.946589456235043,1
0.6650902576915623,4153.452490849871,0.16335651171362642,0.0827459254185212,0.8872306464771936,43983.68522598856,2,0.7321827520955987,-0.3109330556657086,1
0.7093927444043384,910.4272113456532,0.34555875287744486,0.11120535391885643,0.9229881705634891,146394.54990870395,2,0.4008674163394939,-0.8659970160816777,1
0.7529548613529704,4958.082540447826,0.5399743731544397,0.2675550773252958,0.49006971058774207,111475.48014057078,1,0.8476352352544557,-0.46836696246512366,1
0.6726595204967606,7654.292866895454,0.19633022399156053,0.10775059220466088,0.4119665087417833,15372.0794477879,2,0.89172970052843,0.10903494908270339,0
0.35768848724886115,8004.740757973309,0.9525149056930929,0.35891004573413293,0.2781370534138141,146716.70856247318,2,0.9581175609883936,-0.1157602959141979,0
0.8568201331100499,5240.399932667443,0.8971354288729094,0.4761309408023563,0.8073819987685555,172683.3472810798,5,0.8022080519907139,-0.2733466638665454,1
0.5494056443880998,1410.7619097280747,0.03295719486543125,0.31442084386320496,0.19658857802642116,17154.78858038909,3,0.8135494350843037,-0.5786477789475901,0
0.4665229534843963,4122.9577642248805,0.5619617982303888,0.7001754718612392,0.6221245678581746,58598.51247855324,4,0.835948801654953,0.2389031673829476,0
0.8807600427319788,9354.968619756462,0.7893087902466132,0.3226305072934418,0.5671340483605252,149309.0458941493,5,0.9425868811703562,0.15151072920165243,0
0.7470922574371871,2681.3192869372897,0.24539195993400698,0.538081628948702,0.24889498762980733,109390.44605667995,2,0.3585610116365115,0.3261672661164339,1
0.9309824492079134,3537.6672741709017,0.5238962323927439,0.21011645074719607,0.9830471706266025,178190.55819228062,4,0.7441166484272196,0.5864201107907774,1
0.9136694968289584,7594.858166899173,0.405991882409379,0.5792391299742582,0.8463241973671747,165635.51068023543,2,0.8466731387966248,0.4589360573786214,0
0.6629502351347433,7469.017494416413,0.19654626421807642,0.049018110294981515,0.02052842706742497,40306.162875391135,3,0.9367599447729147,0.9145471351573375,0
0.8666973237476423,9165.921736236858,0.6147373838758227,0.13056801864145687,0.42225242392967155,124584.80498870027,2,0.34694177234876755,-0.6611652435995603,0
0.8574142694343644,4187.127561843567,0.993692175406831,0.1137438718365198,0.3589719278486707,121058.78661279872,1,0.5446153153320722,0.9028108656656542,1
0.4034021543243542,5388.687876805766,0.36528726027994485,0.18759317255101285,0.8828092593769454,28845.73752438192,1,0.5414098502185226,-0.6557162527715357,0
0.6587308727074669,4940.2283815945375,0.552379008264467,0.04049715583541535,0.2644954984143052,25218.219229650807,1,0.7650984738092007,0.6856762689927429,2
0.9264640067702142,9313.645624713305,0.32785468162150055,0.2845921198449938,0.9984506514075007,106805.49989691512,1,0.4777439636089728,0.5768868343585789,0
0.8814873730409202,7808.64059383403,0.8769486168024969,0.35263926631066744,0.20007959354052685,78505.43213124489,4,0.44008635275639835,0.3321352269209823,0
0.9030168515609042,8398.69690842156,0.8646027004236931,0.1898173085771848,0.243884586646679,102725.80558557548,1,0.6519878400919211,0.4124931364532747,0
0.7355546663976279,1764.4335538794035,0.17877338794797026,0.10498640656985168,0.6660816224263892,50600.83733458263,2,0.49890397957517624,0.3830484279330617,1
0.8438848507618024,8022.543582247519,0.8999488742380607,0.19537847879444087,0.16105687330298246,104632.71597953062,5,0.8477823159041513,0.05982686646699009,0
0.8656919642284601,4613.2982775462215,0.1515087110560671,0.5382654911609813,0.8888022055299852,75177.20130671831,2,0.31340056262849963,-0.9346882601636015,0
0.7719823139960884,721.7174868911475,0.09543995962533425,0.2531646166928027,0.10992915940445114,160881.37805893298,2,0.4903733870513987,0.1591233145572748,1
0.7356671536261213,1070.8393510612038,0.6529346157015319,0.8292257979010283,0.9833174195085536,62034.73265257915,2,0.7252659569244414,-0.22174413002579318,0
0.7644160429766049,6940.1254274810235,0.385904105869895,0.3801877877959072,0.8746431286799682,158041.87420143004,2,0.6474575528286585,-0.4552647055344279,1
0.9153156846683538,4034.118190886714,0.5307405934618707,0.08357910714855571,0.8396565065702339,76298.70166809893,5,0.7373340769345348,-0.019752785478352353,1
0.9358196721541423,8747.097945623063,0.6525707819374634,0.03834306047105174,0.40721733543388994,108288.20106573234,1,0.8702087200556428,0.6962181130838483,0
0.6731551103359159,7475.594771820732,0.05283723779298488,0.515050912325225,0.513641657806453,58684.096835656856,3,0.8720190411394572,0.15670469761917505,0
0.7426654334018762,705.9601108361368,0.2929531710909934,0.06762649043319262,0.45635788813666767,147545.1215441475,4,0.5945441256123022,0.929518298479703,1
0.7374534325691898,7025.438962442018,0.4609063117688671,0.3477653683198487,0.9874269292042389,153419.9141816616,5,0.6232810764906543,-0.15885908156314854,0
0.8349514391010607,2327.3484909573845,0.2665874098059319,0.626490772606153,0.03482594152684093,147538.56412696236,5,0.8614426589493203,-0.6634382252907296,0
0.6897691498025122,4514.534402687164,0.04897138428552095,0.2636288984496813,0.3817089748444479,118772.20032285948,5,0.6458749049731497,-0.3706834823393923,1
0.5945959585340826,6434.984420168146,0.08667657323105338,0.4563050241251795,0.9683883204327807,61813.296542423726,4,0.4754592368392136,-0.7106646469806042,1
0.7661502158643255,8790.819492309081,0.8017478687537335,0.0713136524543162,0.36939021524866067,118203.01096056632,2,0.5300546591501099,0.36975506532254476,0
0.8589529070538081,4832.929939723423,0.911386759212926,0.2594465424254759,0.39838332830395484,173116.98516087476,4,0.6673719979393131,-0.6809611629436934,0
0.5444976683051249,8180.659314815777,0.15223330243044886,0.2604296344722058,0.6313007464172745,120225.51014304651,5,0.8433475107403101,0.036502007670502046,0
0.45848501140563735,7938.173796606012,0.2492619572914857,0.12236084562012398,0.9072688057691309,172586.81127884964,2,0.4254673313299324,0.8468331512499023,0
0.7818505341277266,4438.1158720869535,0.6522494047310696,0.5196811375282815,0.2945221651866795,61778.676966157545,5,0.3270583622061003,-0.13227500556933136,1
0.8934545640901274,5259.3115526125775,0.9542717760924472,0.27993242789910305,0.947605400054685,153820.18201354408,3,0.6749424888077156,-0.19455558783960458,1
0.8467919185244996,7154.607595473225,0.2995897091332711,0.09967777861345165,0.28256168831001005,132139.64221805788,1,0.9617576532300827,-0.5937362097308374,0
0.6538707411195518,795.9101291459274,0.8552136262360012,0.2896034444420176,0.8153944654868814,149264.6947276394,1,0.9385904657639202,0.5075772540809937,1
0.8325015193356489,8962.708431092837,0.5060246444503764,0.273058545646632,0.2758381359425667,130829.70434276154,5,0.7799059760618494,-0.3914973043147796,0
0.4709436940972727,7813.253514658088,0.9565586390807804,0.20248764449119389,0.07298365279398589,91661.6870790094,2,0.8171297100642713,0.9808041060140869,0
0.8598540599283453,2869.4508733221387,0.1362586624281913,0.1117107978953868,0.8123025468429529,126717.74660490254,3,0.823456255478735,-0.6664814568726114,2
0.4887740293771243,9821.209555295267,0.9736723982079865,0.12499196608274109,0.45007638791623916,168455.2851606731,3,0.8164655680066466,-0.9955156512372554,0
0.36869549894440495,2204.2083496013784,0.44097862782950803,0.37305111238551014,0.3907489413103492,80982.00125117214,2,0.7756919786118055,0.0788368564395927,0
0.4368409708255178,9183.823400191817,0.9529383904262617,0.3216333618012884,0.4298829734798574,171796.69968640333,2,0.7790667807354978,-0.8627169871095801,0
0.9052063307473188,3582.497854069556,0.45869021705151924,0.04333490326823101,0.6115762844878767,18397.997720734587,3,0.9207223617304903,-0.2606803858161906,1
0.9438591575731425,7749.89374655929,0.5300821341205781,0.384938672190839,0.26269345524907795,12409.355929458496,1,0.891050033534787,-0.09670422211099483,0
0.9137763972001428,4835.577635855479,0.804775009777321,0.3005995773550119,0.23727453235452,93946.48496339597,1,0.8544700121963221,-0.5033501960044964,1
0.9349125164370914,7496.440180775021,0.722628500739394,0.1665198578223952,0.4834392193782804,154247.20186682756,3,0.6974783067416777,0.9562475234386738,0
0.383185902385909,1979.9389554239795,0.6196033204172855,0.10658111895424259,0.03563336944670348,52132.011086162835,4,0.4427050945433905,-0.31034003194963833,0
0.8797882746227593,3060.3113546715867,0.416980023589556,0.2481634665872009,0.642849392871208,127882.05549413119,3,0.6253857479014525,-0.7105952652638743,1
0.7247542407082352,1448.6493324842436,0.7924383673996058,0.4756191837328046,0.8228440782471853,102973.84504846236,5,0.540074628781095,-0.9253620941057392,0
0.6787007063069738,8718.86782365913,0.9482283332893204,0.2662913182759017,0.7274167916545567,59435.16852691647,4,0.7962915501847796,-0.38115411862391246,0
0.7233119434616804,3314.7833838102433,0.009810896943026837,0.3209321509627853,0.46930248794483576,58584.87693277006,2,0.7969711931750721,0.6421257574002295,1
0.8844205855095061,7097.524179458303,0.5878450964526611,0.1060019886481277,0.5653903153149409,22456.954132136227,3,0.8102017610126201,-0.5081322790868168,0
0.6046231344902218,8292.101378544518,0.8659809289783484,0.08362769480025746,0.026180781903861083,101156.38392259869,3,0.8234942866726467,0.19742333508496768,0
0.9680844817704198,9063.473245603785,0.6531125373455573,0.4082724437659431,0.9123537708604081,86523.95526644753,4,0.9209469567753025,0.9782319427828889,0
0.6163499096946986,1509.8225954613192,0.8008292578333368,0.40102709423152755,0.5580625551767657,59201.91311066145,3,0.815284249214893,-0.3128213586353692,1
0.8374340949758465,8983.64186836982,0.8950611038489854,0.3130170267188438,0.3164091093302217,174973.50092290458,5,0.8707257818400732,0.23197982550215723,0
0.682636310956094,2373.901388441835,0.7509510158530579,0.14696154447318072,0.29358233023589086,149140.70733816153,1,0.9031129694545417,0.19905514727560747,1
0.9467330829677205,7500.569110114135,0.7170174013647661,0.1321764960005018,0.6596580855597884,99241.64319141945,3,0.6730399135608006,0.18859616034605908,0
0.7824076954735292,7424.065683963807,0.9647458913639183,0.13822587903469016,0.5843289106020738,98689.72219798625,1,0.6107998326007483,0.9067769488591759,0
0.531505041533014,580.7798465390653,0.8636846578915727,0.539768817868074,0.18784257722284003,42913.98643059699,2,0.6617291954759577,0.5718593292313856,0
0.7477470744475478,2595.9271289474154,0.8153778695827738,0.409086219980752,0.4099191169307683,120351.63031332838,2,0.8267032953414343,-0.9823591878482374,1
0.6521240621066255,5173.1308893162395,0.08640336047187613,0.18273134616523365,0.6761813652165,172118.03385017675,3,0.8018495347391172,-0.9441941058480472,1
0.7411977959440269,4490.32971330118,0.23902988313941786,0.1775406825451896,0.2976547337760497,162709.216829331,2,0.6324301484069607,-0.9199202358232581,1
0.8004534905730142,9226.44805890379,0.5567560243250895,0.23557110451206267,0.5092765725725735,24411.074633367094,3,0.9045069392283247,-0.2707975074874833,0
0.6550967119976538,3917.53826027397,0.7095601049748137,0.41119677057837023,0.2548792711382113,19026.522409787547,1,0.7206623184634163,-0.12073282439827482,1
0.36995346192740536,9401.345290941643,0.3032148933004769,0.2541402148579807,0.07168150834032838,173411.6578247869,4,0.7989806802954041,0.6144176626655342,0
0.7112526363912289,4864.578524729045,0.09332811312082334,0.3626408699911512,0.38824576967404467,43983.99370841321,3,0.8613447959487189,0.2725825826871504,1
0.6179445771785674,9661.352518081574,0.31109918681524773,0.21154778161797091,0.7320772697280068,103570.39485311642,4,0.5739309000106879,0.9999519484884338,0
0.43355480212702835,7504.870695236181,0.7710291805805192,0.4967673206827965,0.21385043200013454,22700.667010298603,1,0.4387241419773,0.5880819796739305,0
0.7334998701389908,8378.678620505481,0.8774010293413731,0.33853508973922497,0.754503413387211,153360.5847634887,1,0.9314082475123572,0.7469798684630471,0
0.9223963801788175,1496.3304393155095,0.9129036483443428,0.3479260259989423,0.6694923361663242,30036.966969721707,4,0.2875301450321135,-0.6360345969834449,1
0.757951337034614,6068.343615802494,0.37886667914414773,0.5201586043747207,0.5073703701046381,119438.71517688275,3,0.7554823782584498,0.2828552131638795,1
0.706211544318896,1855.6534183788326,0.3725385748601965,0.27328909438227406,0.9714556748090655,19626.75663048933,4,0.7306999417771142,-0.7019685476264503,1
0.8128991199082296,3327.3995194842537,0.40670747097179105,0.09102900158643283,0.8834145455666162,36634.2189954558,3,0.8535944559041264,0.349943696181259,1
0.7916489952860282,6423.871358589046,0.3758094694214478,0.4494556030813266,0.5631762198250997,97063.98319936528,3,0.5657901280402438,0.6193165040799291,0
0.7289415451661749,7399.144194591962,0.6661966075072097,0.4338254079556013,0.5577798748306356,17766.49393464079,4,0.861108058195263,-0.39945981685114695,0
0.7310259634962086,872.2459291068828,0.3583232621319927,0.36083120427720505,0.2777713011660643,43254.17153272276,1,0.48240035287439165,-0.6655702265887995,1
0.5089444217131195,5543.965445187465,0.020343936614245828,0.25888089290868294,0.9201984175385318,33149.291545558306,5,0.6332849870332242,-0.5251773032710816,0
0.854965067920622,5870.482869753921,0.43902460068787175,0.19589007153903398,0.8959285450705377,16897.755234045075,2,0.9747351437034072,0.6218790340380724,1
0.7887084538479591,1248.865972546911,0.22415206617858774,0.2962651487961349,0.7420569225014209,175069.45093679015,5,0.6081583464848881,0.0941199618385482,1
0.35741213008858574,5256.536324907254,0.028807137784619963,0.3003532388444179,0.12788206498169719,86528.26819715908,1,0.5708004420627785,0.07292726381848458,0
0.9066883385222381,7281.501660473352,0.4708429515340482,0.46480386733318707,0.7036459540462024,156019.09017953125,2,0.6679084772723423,0.15352367983892545,0
0.9050425343738164,1005.6592063175442,0.20595455919829309,0.4505072834527173,0.25311395402360226,70897.86907313898,4,0.7980242161341351,-0.01538070426656768,0
0.7435889478914394,7722.543875077639,0.4527418148397341,0.15799687825085817,0.18880979454476787,17240.634812408305,5,0.8906139517573711,0.7267894663678016,0
0.9033076379429388,5976.0517965893,0.2777499866102865,0.21227362167279462,0.7592116905419544,128261.14109219368,3,0.6635583293681871,0.014893750175911435,1
0.6306783608442815,8415.658478582012,0.6037088702804332,0.23755969032117985,0.9597329382468612,16588.21250874929,1,0.8083975686911713,0.19192495566845458,0
0.40132576585934915,2571.594442113664,0.9908773868739594,0.30863256905916675,0.10890572499409545,103972.97770616614,1,0.9120845443974134,0.9595939423463078,0
0.9173957318666404,8416.100000024624,0.5472319207116649,0.323130581382892,0.16397605636902735,33649.04292766172,1,0.4334263937026026,-0.08935907813607646,0
0.8870627190274407,1398.3292650409458,0.64689591689277,0.09775181101302609,0.2192344884148667,124038.88545303256,5,0.5377549194868767,-0.6257189213494698,2
0.5736097717203191,4336.3821162243785,0.9192757577512013,0.3419241106150447,0.9629110754194686,161759.6634273516,3,0.9929075917584518,0.12594367432728903,0
0.6920790904072097,2395.1055194841606,0.3740004177250916,0.16165088720914939,0.696398293413665,172479.84696618668,5,0.748847249653832,0.40924234085919675,1
0.8410779366549955,8822.197906763304,0.16654844978558303,0.18433737825348553,0.6782879593217358,99721.97972958286,3,0.5999039862753742,-0.7496646856424958,0
0.6913442835496987,7196.738254866851,0.2827972829305533,0.23609070617220426,0.5050268001300834,100559.63265364892,2,0.6818348849921866,-0.676037258488307,0
0.7410645436592784,740.9368830269177,0.40279494071454924,0.2128021327475,0.537595782930901,16507.43796042882,4,0.29229100727701335,-0.9512628310931264,1
0.8236418698899889,590.4718783325832,0.6450176812558382,0.14589487253707364,0.2901732529393296,140878.94428941346,1,0.6523757210754527,0.4887592784973709,1
0.8466502693875299,3266.8679175758625,0.00458802942972103,0.38741027568813874,0.15454803578156706,172555.43063988403,3,0.46914453843969317,-0.5957157945019476,1
0.8333408592686299,1861.1895856653712,0.8533832147669843,0.13529792319779319,0.7802754304584048,84499.8010494978,5,0.6232075879730317,0.8021686034764373,1
0.9408764783915644,6487.892536821861,0.07609397304983045,0.4004406712273169,0.47069276088021916,144927.6564748653,5,0.6342836986873686,0.030881668643949922,0
0.8652668745568213,6806.070871884318,0.9006551489185505,0.1705176490032004,0.25600869065979437,145567.60334300075,1,0.7223983057060755,0.9104753068632099,1
0.839262063081155,9448.53358478299,0.9494345212048988,0.03249788722490071,0.6327810803525173,143569.1456524318,1,0.5884428286802577,-0.2338842954832323,0
0.7533499872931789,9544.379283185488,0.990102794112134,0.2786384990148276,0.20945923006123623,138975.76428779442,1,0.655579574221671,0.9116357255639345,0
0.9355876275847431,6759.518701407783,0.8095101844068776,0.14154414584426409,0.4887763231036474,46566.44523451126,2,0.7968413272148541,0.9552483612377627,1
0.8046688769312789,553.9135721007328,0.1418555259401526,0.320944281014078,0.19022009667885154,137742.22792772803,4,0.8407743549724706,-0.7399255544293162,1
0.8386688269413595,3910.4802074113363,0.7061670432251863,0.13639605188467457,0.7596713881272834,34547.21479425198,3,0.919016972520672,-0.7501173557284446,1
0.6930099073628783,5374.844375849029,0.2033212906081765,0.3438407003053135,0.3208018988917123,131125.5161921754,1,0.6749703764414298,-0.15298145832508925,1
0.8004669778746737,5242.207686830426,0.897127835580404,0.2331545215431097,0.4416989616240672,10601.593929677945,3,0.2575025813678177,-0.1722163089437616,1
0.85590293270148,6231.7359802711535,0.31660592565534473,0.4186344428288116,0.7548812351086319,166200.25648854524,5,0.37341648491603985,0.29983793295384475,1
0.8250178061623136,9625.239086645224,0.32679597707504116,0.4008049424315431,0.6595963613330377,150656.09800491066,4,0.778903401058386,-0.7746932448453514,0
0.4246012613829265,8909.330573573961,0.9176532959148667,0.10781082779154016,0.3997032171737641,126103.7883239342,4,0.4585005274728313,0.5126540265858219,0
0.7620393230084852,1534.6263177796386,0.013231070783704557,0.09215718901129269,0.07102800023991152,26059.522441858295,3,0.7333715954394644,-0.5501234363947913,1
0.7521767380308815,3026.8137182372357,0.19396615148356977,0.02661623752925718,0.9216069933307811,150248.0537650838,5,0.8419546355324691,-0.6987669848041123,1
0.5802029483747441,8414.539465486545,0.42193226656345506,0.4317889839093846,0.007925176206831863,158779.548446991,5,0.775036253263276,0.5890509368931658,0
0.8016213162497585,8330.915633782466,0.700721567310193,0.14312070985478734,0.7345941424660793,126957.92659899236,2,0.7911913728117803,-0.8394108101545985,0
0.9285178316078537,3116.021879155874,0.6475661660447354,0.08318640384350302,0.9454039918518815,175900.72779815138,1,0.895406213780481,0.42318895938881584,1
0.5948965956853489,7440.586291518136,0.6694118751671491,0.36584183835515466,0.306671053890349,25789.492637739084,5,0.5944914316718505,-0.7777099210879659,0
0.9091854316632566,6884.3550978196445,0.8800220284106641,0.26628194207378936,0.07544235506942154,130470.42892756882,1,0.8341606399063504,0.48011963124943313,1
0.8247011682438142,4998.4776672146345,0.12103041229325662,0.06458412218903023,0.24954502052161953,99215.32589065668,1,0.6155696788893203,0.581076378913379,1
0.9107680831086938,2413.822050450779,0.5221616962187704,0.12022044608999206,0.3134182870886121,34753.04189783059,3,0.30475907449809364,0.1693282595681067,2
0.5119030357020656,8942.110218493819,0.7254776891024886,0.7440610028196135,0.45132028228987775,121930.39925706053,1,0.6409072409839965,-0.2963846935532275,0
0.7266121346184072,6939.58625091493,0.6361184429241645,0.5787670719357718,0.525239091583651,145919.79827154934,3,0.7674581709735699,-0.5275487736231859,0
0.7590809068138266,2105.4327863445596,0.4483141199392675,0.5042577242801229,0.7253302493849373,38007.20099400174,4,0.7082018159937652,0.6178274183182033,0
0.9332498925615498,7195.6222759881775,0.017114585872163968,0.2734663789342524,0.9009151945295496,144893.42079251,5,0.9031375646198094,-0.7864074226077651,0
0.8987666309784036,7543.620335981309,0.06045226564788464,0.33179639115510484,0.46479358209251875,25805.00585384993,3,0.6717145395608297,0.9489345798417368,0
0.6680732913913079,8925.362708649885,0.11894132685383663,0.3313181368152441,0.7463284354927385,110538.01887691116,2,0.8193351992719009,0.5582392336594983,1
0.7156458923067197,2616.972924798382,0.34322775283536355,0.38946689080264696,0.1271989302485308,145739.91860444003,3,0.8175614665053736,0.3807541806927419,1
0.8183605624251246,9893.164001427362,0.11765345266714688,0.18560528321042555,0.3287831983941245,34812.66180430856,1,0.6422107787238998,0.9772604665779878,0
0.7966515476993682,1957.2375140057518,0.42608231306260835,0.46867093677226884,0.11807922512270663,107158.24610147142,2,0.6813996842922653,0.3774569166819004,0
0.6806090548844679,6206.544472666039,0.1786419905855794,0.32987259570596406,0.6917411867700792,82229.29636853776,1,0.8601074036673643,-0.7920748649443563,1
0.7134179015278802,6743.1768000980455,0.7791661975262061,0.03225769358732372,0.9076453646665116,113236.81582053441,2,0.8418223618037552,-0.35480205252098584,1
0.8210113685886022,4480.052505025675,0.8714876167122156,0.3177776829764585,0.889058134596836,82117.68906969401,3,0.5054558483797743,0.17085044314121545,1
0.7457245154957647,5012.858233318672,0.3896475079681758,0.45871108142831096,0.32644834946183166,52655.01771675778,1,0.8948457933485157,0.15082425756321904,1
0.6819459799917766,8963.645918860306,0.5113317653156387,0.23856403723803024,0.23421944048599075,53147.85283448371,3,0.7967534598881151,-0.9798831666046726,0
0.6856352647691173,6630.1051818218875,0.9534962415609416,0.09815248331195275,0.27405028934551445,156999.03179522287,5,0.909429956667394,-0.4800431401973011,1
0.6016242317047212,5221.5091032295195,0.5355077553486204,0.016884992579749195,0.28733462146086175,36597.234052030806,2,0.7878795621685621,0.4725871533077681,1
0.6808699060041337,1719.3208431184846,0.9950732158434249,0.5969562376627898,0.08224575684576407,30929.422706265756,4,0.5384879555471725,0.3192018438442976,0
0.6341649548017856,569.707439619779,0.14213099369205462,0.18931727677861318,0.13334413945922385,26503.45442992856,4,0.857918095757141,0.7950612461431614,1
0.7405330393784026,1687.2018724424179,0.8622264205966984,0.2773282961888147,0.21448364761349759,22606.31027903883,3,0.7304817378207841,0.9204056365182192,1
0.5465577644663274,9583.753391026801,0.49720300267296536,0.5803573745108236,0.008169002752070553,12463.672149009068,2,0.6302783012850138,0.7390502894678113,0
0.9200760351941379,7758.824438417641,0.022714111249668156,0.36352726575560096,0.04722999690888385,37268.99211401409,2,0.7375450321106448,0.10627398893883733,0
0.5280342514571736,9687.605111347353,0.9722229414393485,0.22635739087149187,0.698550276805633,42763.663933569595,3,0.6137625003964908,0.08593665333092626,0
0.7527871209163525,839.2327422276327,0.9650478997433579,0.49938981188312415,0.6193237524059322,55853.09024441651,4,0.7480160900454266,-0.26100969036245814,1
0.839489717738902,6962.093836657073,0.38327084018288715,0.11020396453331978,0.94542224781952,31086.711623388455,5,0.9242372789197224,0.7975892350427078,1
0.7994809198947601,920.788500832471,0.9541420710859049,0.15705514144327262,0.4017571244180572,26006.495166449284,4,0.8866264541487546,0.6612897358130043,1
0.5721113898461884,7929.53645425382,0.14100964223854573,0.08893104740875767,0.4443316779831805,102051.04336902648,1,0.780981519169091,0.5580081846624776,0
0.6760737191762829,4119.026640984346,0.6801101411206822,0.21590895811973637,0.06773512181971209,132176.69526153398,4,0.7691183297951474,0.5568362634316424,1
0.45226504635530757,1409.770921011701,0.19192898688783455,0.11569016185560875,0.15225064137009847,117131.82015231717,1,0.9526895871914471,0.6977087667166211,1
0.6486765460222301,5896.443096981396,0.24664723633482766,0.7218660692058354,0.6916073884504583,104640.08272340358,1,0.8571039781899547,0.8377913076016996,0
0.7405349159788696,3161.141867713187,0.7793374372026054,0.07438314585378215,0.2350397335394775,84895.84126464945,5,0.9118649982379633,0.6420767510414875,1
0.7103992153045683,6765.952447782276,0.37735808456529496,0.08524046598919353,0.7732773577023776,117776.64217798479,5,0.7639721244159597,0.6300825991789949,1
0.6945788303048693,6752.660215381008,0.0071275028286211795,0.1279293324027045,0.7056800776293866,163317.35102375946,4,0.7732561875445737,0.3206304155507922,1
0.8191665216726718,7197.571004147152,0.41423842419559453,0.6169250087389357,0.7472624080347469,116661.13165171692,3,0.3823279672249078,-0.08378421145614978,0
0.5500781997981721,9928.41824838871,0.22806932063295948,0.09710166931820977,0.690582626308186,20346.383939100488,4,0.6002764484829375,0.10178145273223116,0
0.8124907372050058,4173.628244500351,0.6833299135582912,0.2149275587342902,0.707662749531451,106971.21101324796,5,0.957385647706289,0.07063150597333356,1
0.3896714010452751,4920.497007608458,0.1944486967235003,0.11249693671185738,0.5467995226957598,99116.45787217606,1,0.7440905376487105,0.6484059032993932,0
0.8921207753076481,8143.811159740738,0.8422535284364757,0.12655616426312263,0.6782370514992139,86843.9520776656,1,0.9236193923084206,-0.4680527916542283,0
0.5791232723175009,5994.515218707911,0.2670930121081643,0.3951417121738916,0.5261793432533499,106695.20270053619,3,0.8927180251710882,-0.27368373086277353,1
0.9700555485172077,853.9435015340965,0.3930282582830137,0.2094508991293525,0.20608857161181415,124345.00267692377,4,0.7220041886945076,0.11435148293019859,1
0.8105976828128723,8509.245942468637,0.298036860797098,0.6060036098287302,0.21760756691728989,16334.21582662345,3,0.7739867770660644,0.9699012439147754,0
0.7460816514348025,989.2374784113892,0.6439233478093658,0.1530645546553046,0.4053026923452566,91634.15197872522,3,0.8157011413708019,-0.02125197939875867,1
0.7732080511192656,2122.7912966719505,0.1011635412263967,0.5877383236939872,0.013917420116694945,148928.76562754187,4,0.7561081421096747,-0.7471077087274411,0
0.7692529423596649,1469.7596862547784,0.4780993726982441,0.08339755612685316,0.8892968470916959,100232.12452406753,2,0.3275159942664266,0.34814402094623564,1
0.6500090917917277,1240.3077623706417,0.33445481521505815,0.14578476804668938,0.2682662066790157,21535.824218011858,4,0.7300912320437054,0.23265292811766747,1
0.4660878225996584,744.0063153947469,0.8841379632883147,0.1194098512021754,0.05153806252990634,141761.89848633623,3,0.616610812593136,0.6931850810718159,1
0.7446456638573816,1022.7632827374902,0.07341209357439238,0.252362736701747,0.42442560839814936,170026.364757328,2,0.7311394273767574,0.7097608706695815,1
0.7980183496317421,4703.172297198695,0.8296950649328547,0.14545852393121506,0.8155979067467175,154813.4728598857,3,0.8770636121430433,-0.48175804853990933,1
0.4878949796154198,2902.096564834832,0.16768047652990914,0.40283887031097426,0.3973527446687427,71636.69592589434,3,0.9330251210448525,-0.9093071026799837,1
0.7976012958862425,1702.100392478778,0.08857765992995514,0.4473663951202565,0.2626830636915366,100920.0525765265,3,0.6056366788238433,0.5700358530299174,1
0.8419032406413698,6757.702655901998,0.202322858123008,0.3808612528846715,0.5449023827106095,110523.06658183417,1,0.9848496534553485,0.3047622659338469,1
0.7578900129761079,2648.0631510254557,0.10265298201181039,0.11287475363574394,0.5743804748677903,131685.75967587455,4,0.39404332234233286,-0.7172789566136653,1
0.5877871470195508,680.0169757756898,0.5209839482021256,0.24563430442619094,0.7591896888323174,123231.69459016297,5,0.8822049508828951,0.9710775715557451,1
0.5733745484241352,4474.987945789613,0.9882149529157813,0.31760503892682357,0.7997535573562946,43842.149316605755,1,0.7848275687019264,0.8518553396518809,1
0.7009931377681643,3449.1134237938986,0.03432735192425884,0.3012103249715831,0.7062077479382561,153316.52625991756,4,0.8557712126870264,0.4462538546661172,1
0.5939302444365636,3526.742097791681,0.46112834931946134,0.08243449315435154,0.004538622388791769,154361.00684873946,1,0.6912608595088122,-0.892581225063696,1
0.720826556684694,4730.065267724834,0.38607032910786176,0.040713293944324505,0.002078436807288808,78739.76750833874,4,0.8398163695410218,-0.5733493234105438,1
0.8153044869178763,6854.682308725638,0.33960641424640037,0.18349283860863383,0.9774499862431848,32255.49886557977,2,0.5609278167795942,-0.3508561642190591,1
0.49862985794977355,6356.551640360943,0.3318636104333609,0.037626327550416776,0.26420510452087353,113456.34686397175,5,0.44340576633889706,-0.8881913876546512,0
0.3981850908046785,9403.985292994317,0.8950127566264622,0.5313705677647645,0.2823503959448811,70734.1877492918,2,0.4495975275808462,0.6547703109725107,0
0.8567806256155226,5418.308329873954,0.01897615020840404,0.23811502050319358,0.7322411048017239,136036.40688145708,2,0.566817582855855,-0.8467637050074295,1
0.6913160446835944,4989.414142388186,0.7749163873801383,0.3803534478083619,0.5815857075918455,63661.70786854397,4,0.6621112177086674,-0.5892122265571362,1
0.8951181641589254,2527.4371345605214,0.2529331788059417,0.29221912479676493,0.4635644352419689,54709.87689091508,3,0.31304744269422985,-0.36215805918893684,1
0.7826252367149769,7676.122244057489,0.38329551081757485,0.1661412397148273,0.11643969825222134,157510.76316793318,3,0.8385293431891192,-0.3361286239752206,0
0.6208707029958426,1837.369874035705,0.4201499128485777,0.05952689310628971,0.0814876662841365,114689.49104480188,3,0.7104521448099139,-0.46978959065320947,1
0.641477145543835,5165.762453294599,0.3047317540737434,0.20937197546541533,0.703623184906142,24618.57936931558,3,0.6774605008588799,0.9571981601951416,1
0.6658606863241854,4502.560884680723,0.09355886183539786,0.25612771634480624,0.12460448453367934,127191.68403228972,5,0.7677144675653508,0.9216417197810216,1
0.5669671279510057,6753.85834484183,0.11433084882943478,0.2109185145476504,0.4358102550030315,137964.7037382219,2,0.5652899826395436,0.24059814632513699,1
0.7272164893239154,9217.403964588259,0.2981311240826443,0.4864178715572763,0.7361260731849036,49984.614283662166,1,0.6879260480962988,-0.749773170969491,0
0.3811815471708653,9492.658119233114,0.8218090528872506,0.4285687450217058,0.9231989424533606,174501.5790967641,5,0.7647041727335991,0.41335397647127237,0
0.8524697304661887,2094.093038050005,0.13462765278741184,0.397864390563187,0.8735860606957405,73385.90191476108,4,0.9057388474799446,0.9508717366416026,1
0.9170624431873245,2987.2635735381928,0.7426398331459307,0.3390830727379332,0.8640336618191267,169897.554455358,5,0.8139741604039671,0.9966707240963781,1
0.7974350694180548,8210.535539664714,0.2888697294292877,0.18691390097219232,0.3584978170809069,59914.87698135353,5,0.7937577452582275,0.23320918996617745,0
0.7778296039012883,5423.657743267332,0.8834649351120928,0.3768396119039958,0.92717080484736,113563.3168010091,4,0.7000068207156476,-0.6228277918864296,1
0.5208739069872761,4803.828399379453,0.4283284754006409,0.5836901695492862,0.6836623224924059,97986.87715819864,1,0.8893518016407468,0.6633625454660206,0
0.7226558166592886,7250.941797616705,0.17172331329737556,0.21005403144906912,0.8864876852792078,178666.95246931692,2,0.39378264507230887,0.24552493973591583,0
0.7766809769277412,6218.287049766232,0.9858444501105103,0.4020093107722999,0.08892456724320719,79420.45358790105,5,0.9085743862386845,-0.09574235144845256,1
0.7261157340834031,9721.78351700268,0.17663451922991158,0.3720170704282328,0.039558159165390294,40479.41279138018,4,0.5337704888637976,-0.700053799904093,0
0.8234697673583139,6047.759196738536,0.5676198212322694,0.27323603924549655,0.4296463852408715,151645.50672702762,4,0.6708045403553431,-0.5204216518521536,1
0.7872393158829398,4926.751350298906,0.5692864780961342,0.2007110445796644,0.8280151073404387,17147.5075168443,1,0.808972046897263,0.1573350010869632,1
0.9299917142293083,5656.7649397426685,0.37281345117777986,0.3982037308560961,0.4085327325219934,160442.5249031406,5,0.7186906482536729,-0.47868958350077917,1
0.9274584868006923,8181.1282586212465,0.951488592549131,0.1737987196581933,0.8846471343657961,28800.21388113675,4,0.8457226323730606,-0.04424310712109292,0
0.8668207063321159,6320.413039459598,0.8438745624117316,0.1880313285944444,0.2347734043851063,107242.1144549044,1,0.8866291066676454,0.4311634898923946,1
0.4655991393067179,6646.956868173818,0.829819560838242,0.1513752604649163,0.039344135007250425,131280.60401267986,1,0.8988742237667603,0.9747246049843745,1
0.7938931992088191,9728.669360347623,0.9741519354294779,0.43257194635515056,0.7612862875337241,67174.96790106272,4,0.6661120746569267,-0.9121764941241874,0
0.7143210430139838,6374.7571020418445,0.45710933819631683,0.22479105147154607,0.626168388690353,153606.0447842386,4,0.7132028726301703,0.5935408151951818,1
0.5101413693377794,4112.709859178129,0.09718577562002928,0.4373114633624969,0.4400905576173172,110929.84479726307,5,0.5757371160538944,-0.7442685676701872,0
0.8526290328764325,7067.597256621567,0.7654559254497938,0.12694784255067956,0.8452576904434659,77176.50136327236,5,0.9365408030462574,0.8870667760257955,0
0.9233645978647017,6764.8642712844585,0.3808125794519338,0.3313213820468437,0.8241757062133044,65311.800120893924,2,0.5336010284446936,0.5399211720091697,1
0.7147056729206435,631.5525373106282,0.1903451518035183,0.4203986690926614,0.3245342197902381,29041.40018046149,4,0.672612529274698,-0.20429357661572212,1
0.8240196721411455,4939.628319465414,0.4832473432202534,0.389063517812659,0.8379738997853419,118861.80536334745,3,0.7545701935565935,0.02517397982654379,1
0.9606944931933153,7557.584227382794,0.9257189401671633,0.1875292109884016,0.34515841252042234,71887.30087663156,3,0.9441876389102397,0.35340563134280556,0
0.6560254066356673,5240.893848350725,0.1713570190146284,0.49303407639477165,0.6219028182535151,64495.29325162941,2,0.9623780571054923,0.12204448978147453,1
0.843955553438362,7906.4007913862,0.8486988152297419,0.21888596058426074,0.19249760132030524,171491.15700558663,4,0.8345569756698894,0.9600924072674728,0
0.5685832723918766,4783.3951160623365,0.41820494161511734,0.19943399584131702,0.26419218379847753,56375.590134114726,1,0.802132805870479,0.9972514146332332,1
0.6982918070730204,9841.555177553739,0.13680198070314198,0.5863910093568168,0.44787811637119235,159016.06881846866,3,0.7315109889818965,-0.8859068762356286,2
0.59831811165399,3282.4700974369425,0.8483823039886564,0.2873534681763473,0.3145960440119213,175732.32375744183,5,0.6016207915512939,0.45577388442643074,1
0.9475943404493363,1375.1647773876985,0.9696203411914286,0.14888948435276905,0.1291424431708007,149865.79130056858,3,0.8501794185477757,0.4935642923740913,1
0.37316840190961703,4585.112110963924,0.29127071583501163,0.09600058921868887,0.4823228518037971,13317.90075461936,4,0.686735699270498,0.5802656155638242,0
0.6035298571135524,5646.235736302231,0.30353620984206886,0.25510166959048436,0.5113574106571279,157666.0783066533,3,0.5407750386160537,0.8341595731662701,1
0.3962389096796991,3816.390450983384,0.39054598303993315,0.09480382592975366,0.15870593307430436,46280.60732707787,2,0.5260568725020414,0.1867352787155272,0
0.34717088323576356,2801.67102112061,0.8141303644608071,0.43582422352802636,0.17431330537598144,70057.19639463937,5,0.4093368497009658,-0.4909135357240184,0
0.6423842483989217,6884.557568162146,0.010417196739499812,0.29705877274558096,0.029347076364046876,178569.14278650927,2,0.8561749210214683,0.3433372794934342,1
0.7974517305056907,4082.6884486343947,0.22395655173753437,0.1963882781500905,0.030350621896550467,78846.23610575359,1,0.8508268620643084,-0.3540919641624962,1
0.7058251114520528,6498.001026456051,0.7058998111063262,0.11505102450293343,0.358631207312882,121321.93141471941,1,0.7805913900288329,-0.314944484008606,1
0.6345697293958742,7901.17876168837,0.4056394504855261,0.09339474560568423,0.1466523386190739,62822.26181230646,1,0.7962709652282652,0.22591686928809285,0
0.8547974652571074,7729.524963720225,0.33029562296812753,0.344612789052243,0.9190916453659042,72802.87367361615,1,0.8703454604415192,-0.421888249897413,0
0.869871287888761,4065.4384510390673,0.8722828889020174,0.08946892560451758,0.19941417272280149,111596.30583756632,4,0.958234817685699,0.38901274265386454,1
0.9113582872422641,5895.03317502666,0.9173339201462394,0.3022232340604325,0.0659615876545867,171208.57677776914,4,0.8336566596028583,0.7062325227398178,1
0.7993965396953168,4771.753132206053,0.9479862191661954,0.24425961817956746,0.4041698813928557,58017.446015618545,4,0.7543054842350726,0.9709590662949095,2
0.6837455810259097,8772.649900741771,0.27255053265429663,0.10140367066801596,0.19246594076727364,52052.22119733443,2,0.854052337585896,-0.6632037550619279,0
0.4482169662289328,8848.205558099993,0.912512609539107,0.7359492037066251,0.061769338574368615,14466.675253342819,2,0.7091782280927657,-0.0893031210355244,2
0.9563523960461238,3765.5450374363495,0.7369655547272889,0.16214813375078801,0.7527274695115783,44358.49656303602,3,0.5409793069212985,0.48133509512774175,1
0.8240611794191254,1371.505754847942,0.15421474848858063,0.1503698055417431,0.5570984967633257,54610.13432783382,5,0.7814048875755241,0.1547779950882191,1
0.9019671918033896,2092.033591578185,0.6102700283082103,0.4699174469513576,0.05701079810517129,20688.878686319993,2,0.773997427005123,-0.8708096803212799,0
0.7715620429401921,3986.5165502433956,0.02633481930699122,0.250646494500583,0.468018948118443,105813.49237943708,3,0.8797391684876539,-0.30390629400790337,2
0.8769426592708879,5860.374570248411,0.7083781557708652,0.16091696786943568,0.038832907465619626,31549.9412977616,1,0.7736640522766725,0.5874636578452666,1
0.47721548260662155,6739.476604162078,0.7335675226509384,0.3586726267861481,0.35431420361403365,96882.98782863769,1,0.6977562072895872,-0.014354426240186902,1
0.8555533999829387,3648.0249397170023,0.7893385085949973,0.37030512648668285,0.36328672510960835,42126.824243234776,2,0.3936621416276116,0.38874296809562425,1
0.7458170877348871,6841.241636427865,0.1725250541224349,0.47145339784195683,0.822983000930661,169073.33527429376,4,0.9152082389627468,0.2810380130460439,0
0.7711899486062146,9408.529844900682,0.628249940947531,0.057989615024912046,0.7352849979470426,62206.5854892209,3,0.47703817034114304,0.8866912047153452,0
0.8408161712384185,6694.13420810503,0.17885668482765438,0.2306253067043674,0.8969437499748337,25797.840718761727,5,0.7748199559817762,0.7163299270969916,1
0.677257494597923,2006.369679721337,0.9466500833891758,0.11223721354513724,0.14051752959012043,152146.23531653814,3,0.8221081739493659,-0.3123994792926632,1
0.8457566487531409,6006.854673287462,0.6750106926808345,0.27064385572300376,0.5337643564622719,78346.18412235657,4,0.7032761789086137,-0.004603830434776857,1
0.5801338417925886,5648.007409286336,0.09532584800405575,0.05087143399496779,0.02019046767322097,149420.55563309946,4,0.8623560655771987,-0.047247255629135454,1
0.6890796400320287,8771.651053534997,0.1870322300058228,0.29323669409090164,0.825522002480112,63123.22913325894,2,0.6057830700030171,-0.44210292987857325,0
0.46212210156095523,3827.8790245232562,0.6634600981297478,0.34158819257330725,0.3665802892744523,95006.42188154398,4,0.984356693248035,0.24216342538680902,0
0.591378490024146,4517.983295538459,0.47667049615960866,0.20962181569132174,0.06930664657881835,85710.7413638211,4,0.7474832352383873,-0.4789241246269329,1
0.6634492815098018,6187.26102712169,0.7362976662108784,0.23673475036346894,0.3246572343662598,104844.07960726204,5,0.3140522118676659,-0.6806621411396292,1
0.9177886509449096,5482.040461549242,0.2807887989256591,0.2603104804443652,0.2869124128816761,78280.70150973981,4,0.7920035557614762,-0.7794085958621899,1
0.5952476139709607,7330.657627849156,0.6579175368470769,0.10121071118278246,0.7660012007237427,94456.36560646114,1,0.6139270871966396,-0.4270759130313664,0
0.5569219442103753,883.6954136687102,0.176960168030439,0.15020762683785557,0.12661142188586116,125485.67799071947,4,0.5653588240200278,-0.05356233240004471,1
0.7706819957452662,5853.402182466119,0.5437102633610331,0.05165559955951203,0.5557753219376216,80496.07231009746,1,0.9571859624900368,-0.7686823154035538,1
0.49875069013566936,1655.8829835368151,0.9577995915499862,0.2861457575989065,0.793919186897592,126348.8068914804,5,0.7671949001522844,0.35158294710240057,0
0.49424701689847905,3494.485428937353,0.6282222322909864,0.36524132531754416,0.7395380995423652,131431.32626710483,2,0.32507095601098945,0.74047690486157,1
0.8666527032055655,6785.455184557709,0.04999361750491649,0.14398834748838674,0.9359051188664022,137317.5501594731,1,0.6300218993307881,-0.14582433123550875,1
0.7030549825660068,1995.434905625688,0.9887621377366268,0.27360581598391237,0.0006297503913728075,90059.26212690209,2,0.7948751300207408,0.746498213202893,1
0.8917989573493722,3433.997437293974,0.1568663296488656,0.15539656683772057,0.3538015349247958,10644.313674535815,2,0.744435385681648,-0.6980343343662891,1
0.5396259040905366,7178.561586935463,0.7180691026971051,0.033002313930690134,0.36958354914419567,138096.8823529621,1,0.8154431649064728,-0.8449641779098853,0
0.7066484715110543,6682.649804004922,0.5325300390641959,0.44419982067317343,0.03330841087934666,164544.4700469587,3,0.3397089881952734,0.6277239198542806,1
0.7223647228390158,1364.8768574925116,0.2943606878043038,0.1848621855494099,0.8172666061923288,120945.03882727516,4,0.39161115253034057,0.9495368907249147,1
0.7090207941963237,5984.050688177077,0.1773104854277091,0.23735169165043998,0.6888906733871335,99172.99409916507,5,0.9026461171433289,-0.31875230576053615,2
0.8268101222535541,1898.9173882270748,0.1777023642767157,0.26335210468320874,0.5280823904647788,105130.5253821893,2,0.6010160253329819,0.31462263466099283,1
0.716314236973561,2896.5780977876802,0.8583996812081605,0.04917846358191108,0.40501893683218537,118937.99898336071,3,0.8574149799692188,0.30902664348476905,1
0.9732668010618187,4862.507147039898,0.8729125141634234,0.44801984930591787,0.8954156927361758,179749.18964139314,2,0.5689623315457853,0.3710025952050191,1
0.8174054451461449,1538.7948213327966,0.465145521624712,0.3912184065168044,0.26446522251346116,20549.509433161198,3,0.6872433237607026,0.14454960094526492,1
0.7940291117536322,9939.646195226383,0.10362146292497387,0.15766818241385733,0.33454149058098737,13601.092533149636,5,0.9306377767277636,-0.48713737360264386,0
0.4971307709329711,2071.0108300130105,0.8841651038467899,0.26463901685595553,0.9526314519580754,173908.55657532817,3,0.5123784598965299,-0.8383411809835934,1
0.2788152903091648,7922.469970071742,0.4870164861750891,0.25749668699485406,0.06462502342791598,84880.68843263964,5,0.7721918307455191,-0.9727497983443911,0
0.8139672200918724,8383.469027720637,0.4387624228669137,0.05488964329537862,0.7806122967687641,114100.1278643209,4,0.6183570759524107,-0.6393935320427802,0
0.8284472803849603,9947.407714012013,0.40735702443762023,0.20271930748533493,0.7180597381840443,138084.96061928745,3,0.8130974064855133,-0.7600380279621377,0
0.7067748908767871,4572.20556959655,0.36501417385920565,0.055170729647921836,0.9018884281513103,136156.35912834178,2,0.9651928754721285,-0.9235535770218395,1
0.7651257353531586,8803.89794132373,0.5260054036085942,0.23821859958985875,0.09056332698311487,120023.01283290275,4,0.41261888308580297,-0.8191181388206299,0
0.8344175183765385,9596.624670660085,0.6045412266117042,0.05649995818847738,0.9704439668222297,90221.56146236161,2,0.7928774441179556,-0.9024686938087614,0
0.3466098666662569,2142.4943764993377,0.4664322035729559,0.40282256941905104,0.028837934355148698,107933.30265488909,2,0.8126671324190582,0.0962161295050008,0
0.7773122731420009,5054.64284606556,0.8966481634550445,0.4069331542378177,0.3377034416988719,134039.82277371793,4,0.687851147071457,-0.8856914891223524,1
0.7158965949012572,1070.1027791328333,0.3176612285294973,0.21544685578775888,0.08482651422418475,154638.46779407226,4,0.6276541792435277,0.9923806319157531,1
0.564506201428636,6396.878114229915,0.5783118567867813,0.24389350364570567,0.05117619461053058,31641.68799852825,5,0.5526498958183723,0.0034939258876953705,1
0.8106712597068325,6023.358490137381,0.29995392019398526,0.4045243775738329,0.9647210731914485,57252.962785453696,3,0.8156539944910259,0.8022397293340593,1
0.7809685984529724,2439.199704300373,0.7533500237925342,0.26024566059891413,0.7196682511605375,77591.10904813297,5,0.919671590156778,-0.024373982140793782,1
0.3931006147284876,8080.076209494198,0.10212109932823565,0.06418264384322757,0.5056898457252897,123134.70465388606,1,0.7350128267119787,-0.7282413286654812,0
0.495922610790501,854.0528662536287,0.18869899679533253,0.3205419316349101,0.10818907675650768,77264.14049695405,1,0.6338249471081653,0.6812658722397269,1
0.77333987708023,8159.159579211792,0.8012014099269508,0.2857099598076608,0.5260234170238948,50610.458066584375,5,0.3009649428231202,-0.5245386436013917,0
0.6982405426020516,753.1302660567401,0.1831975952195387,0.07184712345933036,0.3200522180020908,15634.306562306367,5,0.8280349333841581,-0.9190996696193983,1
0.6046990808546361,6739.873715295327,0.6257463461947401,0.40190775016001157,0.271587277375788,153226.35000797382,3,0.7432591987607723,-0.6179854694211406,1
0.6092400721822453,1248.310382191562,0.9702434519041969,0.21283799054358643,0.6181035471837616,81218.73969659068,4,0.44277742466128683,0.19898767019686492,1
0.8034207809575692,2886.6424334670683,0.5228906137659658,0.14101123264688809,0.7909252190713157,65968.92981565928,1,0.5819676794386318,-0.13067894614394882,2
0.5815884641950935,7358.176818462441,0.18739644634006924,0.054806638394927075,0.44325881752532925,100240.45759158499,4,0.6403736619499216,-0.6767596057380354,0
0.699106825118344,3163.8455964411746,0.3206910456926375,0.3968961660888916,0.49329855366278597,30896.363737796764,2,0.44783539096194985,0.06598054392796326,1
0.7529147436816024,5356.15156281848,0.8234580764542382,0.46806000377319695,0.6514287717090297,77550.9208765166,2,0.6678282942912324,0.9061082461051249,0
0.7567042432894302,9194.858560441087,0.3516609131199737,0.33059067091168326,0.12463804265504796,137803.5754599269,4,0.5207940978647918,0.45322080521615815,0
0.74286993751308,971.5263633474942,0.7235113590298136,0.3190386873978346,0.8286067022413541,135139.96635537222,2,0.22769798932620303,-0.861511008672903,1
0.9202107586497901,8205.258040488898,0.7773500628840102,0.27141591746617677,0.8369386554773293,141222.38176096432,1,0.29719569593764167,-0.3604299022805082,0
0.7412730902832048,1120.0839864006507,0.5011828472451642,0.3923001100522996,0.5410466139630726,89460.90565737894,1,0.7810628317074311,0.3847872523364029,1
0.7427183393768148,1704.551021198428,0.783213384366389,0.5551545363115991,0.18756008415088232,72715.33312038309,2,0.6610463868818107,-0.7197213737593804,1
0.8582145079410599,1633.531486947503,0.3169030044282144,0.049535233545820984,0.5007635737712659,151344.8847544413,1,0.5438684082189799,0.07730370113551444,2
0.6388005043818106,9943.971690501898,0.5161596467164058,0.13743047088208524,0.10593928182680579,39459.476440923674,2,0.8814404269235382,0.0922349532730875,0
0.8789820855360597,2211.7700336495673,0.6865582639721405,0.15370860515016183,0.7632894975636482,133273.4226247208,3,0.6873533969224409,-0.8231137755490923,2
0.7347653717574386,9019.237539434547,0.1680731473043804,0.1269217889300173,0.3111538919207907,160951.03989440986,3,0.455971396779226,0.21225565507091093,0
0.6659881481089944,9913.855547992265,0.2736219673821897,0.18177874336763641,0.31109465309795425,58645.887309999314,4,0.7421108774129848,0.8001457110886867,0
0.5602647928748398,4145.955318916831,0.6520366033936521,0.13744348671168646,0.9450488119016045,43625.22177686714,2,0.915812299357775,0.303437309267947,1
0.7735715113308831,6494.961163522512,0.6553601198295534,0.5346899843560396,0.42185860983800905,97129.18279963685,3,0.6644733715981208,0.8309639051989937,1
0.5506674123988015,7901.366910754319,0.49330264645297894,0.2619196637155463,0.7895752958194944,46786.415925617606,3,0.5621365671450176,0.2270957619877334,0
0.7510239699727718,4230.128277443979,0.7955853567821205,0.12175863376247133,0.6371626826581733,158030.64809449326,1,0.8468788998393515,0.5035996490789174,1
0.7800892332431771,2037.2343347291692,0.4820549020049756,0.11183546332907258,0.31617570464926703,51550.87317127827,4,0.8134241045765901,0.7852255844108296,2
0.628503105920192,4620.746066029331,0.8813222654137333,0.167824496977877,0.12379076044735393,63374.20664884043,4,0.41845653233221025,-0.07330801591640279,1
0.6765294837322929,7832.932627527974,0.7359034308719454,0.2962734655535849,0.7977423069309592,161031.3220705064,3,0.5959565586263674,-0.6840323793260317,0
0.8286208641662656,7917.246246109829,0.3146948633033413,0.22338649812976644,0.7625036806883682,44955.67539477954,3,0.44289691508736334,-0.7614161335283254,0
0.8252116214270888,2690.1185256236768,0.3952540084845555,0.28021257223926505,0.1691641526322032,160413.2843973329,4,0.6180107027952032,0.9070010995319486,1
0.9037055839929352,2162.173578962092,0.6676866857698457,0.02931296877510841,0.24911588051209532,45666.50309746271,1,0.5086691072736355,0.09384889736520585,2
0.7649595499079193,9245.326669953321,0.8944526188234913,0.3680576737445678,0.7662373023944301,165006.9624454836,5,0.6941973737882373,0.36619858486524137,0
0.9154000644873275,917.9907903039502,0.17870873270350873,0.4161298952908465,0.9836309054926158,63999.12352634511,1,0.8529719302107839,0.22357606585896717,1
0.8352317119808363,7480.015519768325,0.5146635387419801,0.4994936452010057,0.8436412866192368,51859.88054958815,5,0.9265100516826226,0.12987354810138796,0
0.7103449574647658,941.003161744163,0.11878442132437672,0.4859185175762148,0.684151551017105,91122.2610723771,4,0.4256810630137047,0.11883194152206467,1
0.8100194809240048,8460.050483179384,0.2794551553201312,0.31120913033351844,0.9154259408560784,72767.99556490724,4,0.8627382334005899,-0.053915807924824755,0
0.7659235379320664,9101.440726692968,0.6859813592932423,0.5118244330739602,0.2852356687275721,44297.44679650145,4,0.8111436356187863,0.7688336560699387,0
0.8901855745949155,3325.4816801764405,0.07773463524816171,0.024682761143003523,0.009652199293853636,67520.14567518902,2,0.9625269550495332,-0.7582212461915492,1
0.82302366755649,1202.388613408627,0.6623585818888474,0.12057496162084665,0.3209680729206521,131248.98834771538,2,0.8272061460006009,0.43170433304422073,2
0.3974226724208893,5066.503095300572,0.900811120945297,0.46085819338123507,0.9719343184954173,151423.10847540302,2,0.9170298970498011,0.36150372614337045,0
0.8599022683073815,3335.3988490820298,0.9693702910184662,0.257754185477501,0.8819703303436187,149529.51136250937,4,0.8701970192082334,-0.8752030259215828,1
0.8414354633482475,4462.793356698601,0.2166322010255155,0.5165484824766382,0.050356256097220276,138658.9322280836,3,0.879341717743751,-0.5658888646636575,0
0.5331689730675986,6817.361808142462,0.7488979566078758,0.18971847257468727,0.5019584312790314,10923.975922482545,4,0.7313823130769495,0.5754193255483924,0
0.6771909703678328,2493.347341512811,0.9263704487055298,0.42758348026573806,0.07900986430762669,82522.6710107527,5,0.7058892472240162,-0.5324492068822999,0
0.5939686350379272,3891.0399103838204,0.091369310849436,0.3718276181411024,0.789031417412866,38725.27019732533,1,0.9023787221072457,0.1554715221078875,1
0.825811152392398,7934.3436577804,0.4140236084892053,0.21070105248930776,0.3726155739875979,22490.890400233973,5,0.3033738531602231,-0.8325732980171112,0
0.760723090968751,6615.738524551805,0.919409766872166,0.04011906895831076,0.911945089970623,135099.94819979125,1,0.560628278336111,-0.5542357293573414,1
0.7553153899184332,3599.6171659367674,0.2027874982548301,0.1587300730951239,0.054452488010568456,144891.57797234162,5,0.7771407152064594,0.7817354524360938,1
0.6980850405307236,6810.865202469321,0.9337606837878418,0.20129812084747736,0.7339964733885288,148484.82996020754,1,0.27406628968477814,-0.2764090154158363,1
0.664425160930635,7770.472767473683,0.5271920710877784,0.47374185660766416,0.3993657695259023,161352.83521172908,3,0.7722197765801888,0.6117569396855942,0
0.8236322149507789,6128.613019051481,0.09989308253755569,0.23975381620875202,0.2682264153086561,110308.19246000907,1,0.6692358439514,-0.04306253682427785,1
0.4779966772311791,2775.219908759581,0.449877316755515,0.26561213340046635,0.5174491381164813,179682.065966887,4,0.8780291996271524,-0.35545892360229936,0
0.49737237538088436,502.33025986393415,0.3262611954670662,0.3253243592035341,0.48548669792915744,92232.84885301298,5,0.7822671512294002,0.13312629135812104,0
0.7358556715760417,8127.066516388673,0.2822041605518083,0.08601300194893395,0.3488108978712102,160194.82980972706,2,0.4200127068926753,0.06794969416270402,0
0.3647963152791019,8315.018775503562,0.5414755756336838,0.4105996539678203,0.6488565370818762,29199.930033506844,3,0.9363490528216537,0.9695581959930233,0
0.8166410686185394,7127.24276324644,0.48359269075187006,0.4129337653795283,0.6613162479638569,35316.99510122278,5,0.7568048244639839,-0.31113953167781583,0
0.9508820119069825,1227.518847992331,0.48196715962009196,0.6396089989060524,0.0771381839976677,110359.40557760795,3,0.5364209406338194,0.30739390974753,0
0.46408920091648437,6059.6117313264385,0.0881417311031153,0.457146260669258,0.5954150717742984,31102.91122669545,2,0.7963848344300544,0.37908951787221823,0
0.8159686487788674,8299.696377080269,0.8023181810271366,0.43672992433703584,0.710735128236568,22801.108489341364,2,0.8979313929495168,0.2526757018059733,0
0.9233911396813483,4201.849041027574,0.4814393153557952,0.42920556582736474,0.07588845869936289,43330.98747506804,2,0.5104401348070833,-0.041537022340444985,1
0.7637970338349127,2381.006975092414,0.8209058287018742,0.27893522480283667,0.6591306393217304,143881.26702231655,2,0.48726212788314266,0.5669517029737701,1
0.7084863039908033,6082.459323793972,0.8245946415509503,0.14531602583723358,0.8039772378214523,167667.86090895516,2,0.6979428653970101,0.5363681768192374,1
0.843900105033248,8349.91295935834,0.3171353248480432,0.16892060081005197,0.8319439895917199,66689.44481489083,4,0.6210967035365108,0.9180721250401975,0
0.43802575173064084,964.2646077171229,0.004346303807612362,0.22120081795228622,0.041647370842758935,175708.49288146856,1,0.821079245670203,0.953926388669984,0
0.8323278398416143,6171.03656302699,0.9112456774581185,0.3028400153173818,0.6974174732875442,147623.5792760802,2,0.7571374660844834,-0.5695017941876737,1
0.47006658900174514,6610.151055723748,0.7606946930862403,0.10970661592338352,0.7969765709215576,48438.31182702518,5,0.6304987456432183,0.3088881041254279,1
0.7111323327864391,6222.486873808656,0.1072519568234711,0.2339335164379191,0.3968227983874504,109639.54982778756,5,0.9487639524469145,0.7129481007246408,1
0.688741078042162,6675.320000251962,0.7017270340031013,0.2882633388426348,0.5428407642274949,176904.88048222868,2,0.7289810096708799,0.924619055914387,1
0.6618620197391714,6498.065422239468,0.0200232686688806,0.34999546932120795,0.26511557624186044,154293.5881800853,3,0.8538102435334782,-0.7145064453731891,1
0.5281253020576692,1738.836907313316,0.027759069220698485,0.2760296786986357,0.31024122177996794,71771.04407424,2,0.7855337563867225,0.89816923126538,1
0.7838827568909031,2731.899381014696,0.5258232395978425,0.32294062190495215,0.5016195492659692,62074.89897757211,4,0.8013201126151221,-0.5490734162179298,1
0.5460699319814761,6380.443050245596,0.09603742923634662,0.13543600006828438,0.15113832513954217,149273.2052023366,1,0.6611546787162201,0.14490056530706652,1
0.6558512760199869,668.0850307993223,0.9643365224849189,0.44611415182955955,0.37051681360187183,103358.08344436702,5,0.5818979315910333,0.3085765440471502,1
0.3894794302771354,6530.072927870822,0.8938312266502625,0.0641436009566092,0.30143563813052676,37785.2276062384,2,0.6993080744987149,0.7590332418566743,0
0.7779635862577513,6821.172925957804,0.6498120312478848,0.12277466835544104,0.23824960325866085,65731.53492524795,1,0.6805936559819104,0.607350334484581,1
0.7443100891262319,2772.1602186857554,0.06370897083831328,0.35817951774206064,0.48388870910602766,122508.20615353793,1,0.5491865855078294,0.8690556135851131,1
0.4545660641577125,6182.261882654827,0.3248352578070651,0.3005649993264431,0.8386772199020657,36037.01030368163,2,0.6790924929787573,0.574740563566565,0
0.5958436658743015,5573.855576875763,0.3717229979060439,0.09378173477983552,0.24226209652922748,128781.7552591476,1,0.8168496065908372,-0.32252678529047474,1
0.727016812128393,2976.569707454581,0.48087983582869964,0.3517247241624162,0.6597301399816405,130687.88944949026,5,0.7869292860410161,-0.6423025978284846,1
0.6867859662538304,4898.253112810169,0.1689028740064522,0.16207833443132777,0.25419262179232693,56026.88034342762,2,0.7702395427915478,-0.6886859310946698,1
0.9729777567436514,9141.433029415724,0.5775116427971959,0.07082793447511476,0.14208345374750697,77665.19721140334,3,0.6655826292398905,-0.824925720219102,0
0.8117715243975209,4552.726414368887,0.43577064790922326,0.13351648693182727,0.9433219051659764,169026.6129771153,2,0.8291775093641109,0.8648013165655515,1
0.8068829447724025,6483.519680355266,0.9472969633928585,0.09108764516730919,0.633235735023921,137359.8839285438,5,0.8777706287023093,-0.02760588027916877,1
0.7367234199237864,835.8327998865949,0.9361952296252191,0.037069970692537556,0.10459622748080077,143927.81144625778,2,0.9130709195783834,0.9307323674166892,1
0.7898622298013979,1239.1010765599385,0.5654739553399724,0.4068504504671168,0.6326439974215811,97765.08226130225,2,0.7154444408820606,0.549771749346377,1
0.557949726171257,1272.4266963815253,0.6443493359905352,0.11595126910994484,0.17634701567819333,46233.788244643634,2,0.4971447489177332,0.9075581888177573,1
0.41707099101246103,7893.287254451232,0.13779646777374244,0.3481473518011754,0.8877964839155672,110513.50514486404,4,0.9019410642518833,0.7371407514685675,0
0.8901695592653746,3827.4405006328006,0.22332323884017158,0.5784307301383592,0.2474708166932068,141257.72932550038,4,0.9115158163368322,0.16666193853846178,0
0.9646425968149015,2662.311039475227,0.9007154042019095,0.04439731154621365,0.8067978826526825,10660.154920456283,5,0.6058567112606473,-0.548333920310194,2
0.9253796265941956,7599.583400291365,0.699165922895735,0.33936779724045535,0.19919523372783354,29341.963055136643,1,0.8698135795192432,-0.4919043748047145,0
0.8793444041633967,2114.6205942836573,0.18943019728307753,0.2475926030932618,0.5582903282586194,90629.99967887334,2,0.7215404261457273,-0.25724398416804095,1
0.35216170401168234,2841.678988167666,0.5702103060732229,0.16737569049057158,0.9123286777358147,84323.34506535511,2,0.4673294104305137,-0.9514048393157415,0
0.8020120709330826,4593.848711065199,0.9347612504894489,0.5939920828211117,0.29600262288143553,176988.1177851476,4,0.5104258965628594,0.33367781563258125,0
0.2713199508989073,3648.661655638826,0.3451711061619036,0.4379835527113874,0.08139733357904522,25665.993101527914,3,0.7530866446941779,0.11034123407979224,0
0.7692659244454246,6061.226004848121,0.18582037551908526,0.6312462225918006,0.5525919699850018,65026.68163329292,4,0.8697142807668958,-0.7979475054452243,0
0.8735537588980797,3709.4858812110524,0.9420252769090983,0.23175635990121166,0.17233057318120537,148568.77268285112,1,0.814746913651979,0.6497666154658097,1
0.7840163483580254,4233.040540659473,0.4612653602920992,0.4085528503705029,0.7283446982572562,114112.6909181819,2,0.5622821715625383,0.6453492098635412,1
0.8501510469368619,8697.422778370117,0.41724199866276646,0.20408626749564276,0.5908211533461326,105474.45500963333,2,0.7310466345321736,-0.7628592607278595,0
0.5865901661261975,8903.048676466024,0.26756719979275023,0.2785392296998155,0.34637510904914703,136004.1765592505,5,0.5387806855816527,-0.5922208278636218,0
0.38238836518855257,8363.256312727372,0.8915852949471442,0.2822576176002018,0.705653211661208,16797.111794475055,3,0.7964037875420729,-0.4992246933520743,0
0.3547698974669101,8715.89386069401,0.8456167668895751,0.555550231320171,0.23852797528679215,171073.58872242796,5,0.6236092137650124,0.05128981998876214,0
0.7207778022750954,5912.422358721612,0.4029903994367541,0.3122060010400542,0.917036561957505,42514.87139404504,3,0.2652830847334077,0.8898337838197807,1
0.6409142456066934,6639.215540138148,0.03061327989707885,0.433266953314922,0.3468880327586794,23912.379556452066,3,0.5715758342711796,0.3305603394407086,1
0.8107881194471173,5793.145082271935,0.44665143050613954,0.053597379679796484,0.762968114960045,67622.10818731121,3,0.9432837100359561,0.3621776475997762,1
0.7971145312459019,7963.08679850274,0.1808580165800533,0.1353204843619113,0.2585193437447175,129400.5595477231,3,0.8686316275261711,-0.4172034994823337,0
0.6821365759500765,5734.50461473372,0.14273407014888118,0.276828589310725,0.7148253456902776,49352.152781927456,5,0.7824634303947202,0.24828606714073764,1
0.5288560869808547,1555.2311632324152,0.3930936118954236,0.1505511918921812,0.03152941574986745,18476.410312094682,2,0.7339178209776558,-0.5773971321196794,1
0.8108758339515398,8191.011144340169,0.09907693734462719,0.5334154263667937,0.2955178680665722,19760.183905154463,2,0.6975828364841159,0.42207648712294255,0
0.5405348232144414,7725.559121436596,0.957464506931665,0.4976242731653562,0.09289026537493394,53618.09341719252,5,0.7317016768908463,-0.5302827068508309,0
0.8620592524678601,8292.85565518494,0.0475391817812818,0.3690810840440843,0.4512205224230246,32996.55544392846,4,0.9048773552650304,-0.9720303670299895,0
0.5471152444930305,2309.0799022027377,0.40136962739872717,0.10808369282536165,0.43510799369147,73313.62878187725,1,0.7947183177374295,0.04738284912702695,0
0.8383164830118225,3080.3620007921872,0.1627027020316949,0.1673964733175523,0.3590081721486019,39422.424288407856,3,0.558653883180362,-0.40400785408357454,1
0.8409125121725114,3309.641124003535,0.6888113215287561,0.29096292945181496,0.9811677681129043,68533.4374062964,5,0.6349028396459327,0.25793334129489986,1
0.603611442410606,5326.765093763899,0.07881144921456174,0.12657952346819254,0.24409054712562372,85562.8122376145,3,0.7030915374371232,0.492130498515841,1
0.7368897061606333,1771.8322995528679,0.5468055742086343,0.14775434128498083,0.791051125970778,136231.66540260895,3,0.5960322995176096,0.6275783346689252,1
0.875813949138087,4161.12665611124,0.7731014952019376,0.32348956854215954,0.4474471412190105,48657.91956826735,3,0.8853802556560801,0.9629550679957308,1
0.8076777054484037,2230.502530250781,0.9500598350489707,0.3346499478957959,0.3348104788358296,90760.84156641731,5,0.46671096297131953,0.1111550565671875,1
0.6811996202024339,3015.2457738109965,0.6985275629694127,0.39274130728962403,0.20346670365953523,148610.38272690948,2,0.4483938840989046,-0.03504798817944632,1
0.8033123720863754,7210.682528305059,0.09949175763458351,0.618281517644081,0.6334038950282745,177684.12222305965,4,0.8474476835914719,-0.5088730327842366,0
0.5578666995898728,8620.70598501417,0.08852054971414103,0.38510211731766253,0.33367812887242754,104742.04891641067,4,0.5184747049465416,0.49371602327461117,0
0.7465326613951352,717.6057326732466,0.7315980485380659,0.17843043813615936,0.8129187596282718,83494.46243823697,5,0.8305801576459532,-0.03459034251020965,1
0.665626360693877,5876.021151872504,0.21532940500346864,0.2162984414627256,0.9684648486881767,117360.63196038082,1,0.5762952418002589,-0.34590011561808676,1
0.4771709265397085,842.5677395915377,0.4472393086332488,0.45864328062289544,0.22713156481933983,92670.26229429616,4,0.5904300215185597,-0.1358119360411172,0
0.8858966410799067,1309.8678276097278,0.9766211013513589,0.31380993462658086,0.12867038583171897,38008.62923238262,4,0.7793190912700994,-0.25901941547915297,1
0.7975791991911746,7198.2983288340365,0.8199067984038756,0.3306405550737643,0.31551780120250617,88106.02095258984,3,0.5590276606747763,0.9570092470317668,0
0.6462811941781136,7488.2770117701075,0.8465933573002006,0.213830617683503,0.4671117670554853,176447.05200639332,5,0.8843059776887723,-0.5472982898229317,0
0.8160906565759944,8232.816395141588,0.8607699047280787,0.3808401702563064,0.30096681594925045,118872.8698751854,2,0.5694725938366514,-0.17095729723135533,0
0.8732556998263574,5005.294361817897,0.6195453401215579,0.3437351968511154,0.9704668060547984,58183.4840139146,5,0.6228433744562045,-0.3854078569261965,1
0.33691166057332256,8668.171079153788,0.7439339238624784,0.1258504880455056,0.7792016396806715,171014.82108215906,5,0.6178111531974515,-0.6567293186911378,0
0.6758009195983657,2084.963770595431,0.35896091463428725,0.10297623394436635,0.9661407330422758,76058.88102472853,4,0.6714648546047566,-0.4010437035601109,1
0.9389222276004454,2872.305929532525,0.9984462265728508,0.41251686155382566,0.3732399573151225,76320.63399350166,3,0.6019086807770924,-0.02136600381777498,1
0.8736574195714175,1777.7704022187277,0.27962216965464504,0.30428991998319593,0.3046748609982892,114821.91364545155,5,0.8886678254254344,0.26322714953712434,1
0.5166194961393006,8076.603975527827,0.5900074033035195,0.19394905553051903,0.407362527688207,106725.53178720374,2,0.6168701512177451,0.23374684152149316,0
0.9099572929984439,2672.41362467288,0.28206167832119333,0.40462756707832,0.5228333933273008,59374.21714977285,3,0.7775669429698341,0.5453531274332619,1
0.7648181102418947,1977.3568062038087,0.11207105056007316,0.12987181856174648,0.7415552031175953,89403.65519253293,3,0.486099666397848,-0.8574511402466485,1
0.618749074542151,6419.551532086534,0.5675858148436767,0.07700311526120243,0.8811018750963169,66527.21435377904,2,0.5794410306013543,-0.3712825321864186,1
0.4228120275351369,1232.2792504264069,0.35334867086613975,0.0450829186233411,0.46317987537900096,135422.67661729408,2,0.9360827542854239,-0.29483296985758445,0
0.7923525885759287,926.552633591639,0.5832192675233877,0.240650270037343,0.2891787316734076,30825.487295076837,2,0.8882747569126049,0.3844224194865087,1
0.706019972480199,1513.8176612483596,0.5586784766649928,0.62063601838636,0.3188465743554615,137542.6920919647,5,0.9249206043334991,-0.5849937683143291,0
0.5393258590297646,502.28839787809216,0.5422567291435616,0.11340846026647239,0.6969482583643939,37398.394303208974,3,0.6379606916871114,-0.5713938827911929,1
0.6334798267767894,7121.406465107028,0.12330112204652943,0.31485396111623176,0.5675580339914962,62016.93853951361,3,0.7275545762289676,-0.8095937342524848,0
0.6191994563108909,5841.235556287547,0.4401807743503571,0.18322013705652956,0.48649413097725713,66666.40385313239,1,0.7474903436779997,0.06658978717725494,1
0.6911138344276463,2493.813535858377,0.8120039393987918,0.1547686708751987,0.20277407877617404,178370.06982826794,1,0.8620537203878088,0.453529550114423,1
0.31726961307798013,2713.5470057871607,0.31514349554463583,0.43295875932221856,0.8754556874989033,110269.737405208,1,0.8443567729051974,0.39530104269552013,0
0.852221578907584,8204.201685465378,0.44383150529206516,0.31070073114186,0.7810204475074061,142184.2126947836,5,0.951528679624596,0.4855944291911589,0
0.9107460096318888,5267.291100672854,0.493831590320268,0.176310385257537,0.1406386017392296,104414.25725101148,5,0.7114183168994104,-0.6608565692919319,1
0.7647122737001316,7136.019392276527,0.8627313125917447,0.027376099732191777,0.36738845460213665,177136.8547314388,2,0.801731489436381,0.17311071808835998,0
0.8511574949411467,4801.176787111698,0.6555997692260189,0.21205743212385877,0.5421320936388914,40154.82971185089,5,0.5458347988267064,-0.8133567026808994,1
0.33472973808572487,2758.3212471975266,0.100202534837314,0.08568099039517264,0.45433862277153203,112828.60198632361,3,0.5435400781783936,0.9333586681985617,0
0.5710049772913028,9718.826606487615,0.8651709858050213,0.10217116402844273,0.3977958387377384,145554.95143126338,3,0.6492412413613076,-0.7898199771120045,0
0.7803117749022341,5873.651852066276,0.8320659754820899,0.13541515953828542,0.7188318975605293,116854.5442613011,4,0.782124404339301,0.755213720780185,1
0.6937231748598294,1744.328085795168,0.7536459805991754,0.15496847388349647,0.05450350423783745,162479.15135331862,4,0.7707387847019244,-0.9232354266128151,1
0.8596526133966772,4357.855400747114,0.46605801831883764,0.5194311200360212,0.4714103391259419,112120.35683582383,5,0.8489226831459589,0.062270671762431506,0
0.6886580261853331,3628.7054134955565,0.7575453834858068,0.28919373399803056,0.2621816903896014,150494.55332602357,4,0.9563686422939003,0.7055170005017708,1
0.478579627629004,2533.8309515909527,0.4787420626427572,0.2816123408153531,0.08461838523475895,39885.51114289214,5,0.6378039652648426,0.26923668682406876,1
0.3570786187037147,9367.679897782466,0.7366235343271629,0.5693037788910849,0.46488715800296554,54550.86203955562,2,0.7608893889307818,-0.012364763348557295,0
0.9106163431276179,8868.739956867648,0.8801101649725362,0.4009863181849064,0.17136869107056873,85491.65815623093,2,0.8006110510187489,-0.7452581851962716,0
0.8699697778247424,2391.8976069411056,0.8905415851305968,0.2611490019438648,0.25822428189020863,154775.0110119003,4,0.6936279617142961,0.3184725311852541,1
0.48702893164232025,3845.404946027409,0.4545785741874546,0.4798523817801454,0.5070087295100759,82515.09665166894,5,0.5977801134694714,0.20465772543583038,0
0.7439935488175761,7741.996220872806,0.8593426793520292,0.4052590037807295,0.9737089799328215,116668.01941481087,4,0.746204051185495,-0.08268428008453221,0
0.7648529293796138,2480.807457332049,0.10145738050771314,0.4597438663614384,0.6842550068035559,77287.97232644999,3,0.9381130112019632,-0.5301268779401329,1
0.5345550062051106,6119.8661947403225,0.10181941748678103,0.27959916452631595,0.27962179815682475,146972.46614990657,5,0.6949316521871354,-0.5597759097825523,0
0.6234794407473165,7148.042450185758,0.54826694686748,0.30334232585298476,0.3824060525753765,44048.88966216227,1,0.3984975089516108,0.9400242598870394,0
0.7180468383557017,6712.73709425228,0.651844618456269,0.17740680111551976,0.40613315232097724,110940.81126679243,3,0.9151661236167874,0.9301174286584235,1
0.8897012633813872,7210.882082617255,0.1529937759784027,0.32234613230746967,0.15363762334437714,108241.33201750537,5,0.7210396881687627,0.873931163615741,0
0.9060919804550565,7213.646095773248,0.47218004480599296,0.21313770744224253,0.16065418885968075,78551.11027991782,4,0.9169777987206883,0.03198766191445035,0
0.929104169669086,9665.65623856482,0.09436266781592306,0.18487528412291632,0.1483947234873645,129871.76962332262,4,0.6025520511356032,0.9765515465892118,0
0.6994816936826525,3791.7394504430363,0.6020994855533104,0.44171109191141406,0.5216641377369169,14841.023364173441,4,0.6121114139353111,-0.40513921015244625,0
0.6417991530092269,8846.609031570475,0.8550940367528479,0.28755181629791765,0.6741860867397083,153054.99805461048,5,0.5879211303979894,-0.146228763818276,0
0.7714990816650799,707.1670938935144,0.7376389760195238,0.6667635513279757,0.5907206846108266,69154.08902728342,4,0.49923646164954083,-0.6513380750968991,0
0.9002155278479355,3237.9281515711905,0.37829155242927126,0.16322555544642983,0.9777671854533485,144813.83682772503,5,0.9219676940519217,-0.07178472829093319,1
0.9087407888982535,962.2299289917498,0.9937937966371216,0.06378515001081204,0.12587457225765186,61860.11356950987,5,0.7826509326704646,-0.629946671594307,2
0.42599726212851996,6686.4376195804825,0.6629349764661367,0.4225116632755317,0.9864744063027552,41944.09940634758,4,0.7133656005492273,-0.8675179663397838,0
0.7222182605824536,1457.5085219503858,0.8152484344424791,0.3080493134491993,0.4666739338878919,76213.21042442833,2,0.32009515636858366,-0.9800387150224776,1
0.46004757226200377,8534.21520469444,0.6696973872917327,0.2927552171114409,0.21863278777713768,145552.3820083638,2,0.8853322142775021,-0.243072037138373,0
0.8353167844015926,6642.6209960074675,0.9894162910871266,0.07783323189320125,0.9432808260057571,129598.06599853029,3,0.7448493240473467,0.795204231514717,1
0.6450272851488382,773.7463100092541,0.8213597672177729,0.019274438794080063,0.4686133101445926,78175.30431721524,5,0.7418411416839131,-0.12521539294150807,1
0.6745503656342982,7290.384971628919,0.5194232178954405,0.17496609404942096,0.3473469552105204,169437.6831498616,4,0.8722006652259338,0.2912294484004485,0
0.8410435608002595,8689.33199894113,0.3668795628375898,0.2506770277625686,0.21381010381795662,79491.95159464865,4,0.9123710316092726,0.635791492197723,0
0.36835924726959346,6780.649572790419,0.6821548291488424,0.5145641638462214,0.26787545111580213,69627.96380986812,4,0.7536207487304609,0.10590280764770021,0
0.6479258638655976,789.9800513828058,0.5902218088070089,0.07588057861411045,0.9792195102272193,34602.21486220048,2,0.858387825500557,0.12639301455174512,1
0.45983080005375127,8650.235710373861,0.6293505910275453,0.3319956375934648,0.3039734399047743,21947.369776688894,1,0.7838889789941129,0.0482545408739663,0
0.59394372662153,7458.4071728733325,0.34301176628375696,0.0947649126693398,0.9778059237596051,69483.40865475214,5,0.7855395165601584,-0.7498272769069501,0
0.8328768248650619,4095.28746859785,0.4287284205705545,0.27143436544279087,0.33021498661208715,25640.37165410658,3,0.7681197927953534,0.27130500810470015,1
0.8644334181000984,3621.987453997275,0.5580965748906498,0.6932145730744388,0.23141846558856194,88647.9428410881,3,0.31950127805785233,0.44635135646966617,0
0.9205294710027625,5058.291723370681,0.839283401921843,0.23832173581894778,0.1833641829018473,156201.6224315551,3,0.40502335977959114,-0.9994439484498896,1
0.7657331689175594,8737.466633909773,0.7629089177629031,0.09597907520973398,0.41185450527399703,90939.83095810363,5,0.8171977804846073,-0.8333034420740872,0
0.791023918676661,2894.5638427607964,0.11865587050279036,0.129939297944384,0.2368064485350272,91698.76630616958,5,0.7635762312391906,0.08336531118441881,1
0.5962053085278581,1459.1562067914106,0.2455542500193918,0.26175209281375816,0.6969379638270531,53084.90556431606,3,0.7621309652874436,0.6778900518919062,1
0.34496303558102787,8714.045543129974,0.026657724933027427,0.1407712302019667,0.23977173536397844,38270.24791122742,3,0.7224427780199021,0.06624464234299987,0
0.6826840343382092,749.753564366868,0.007960567965591414,0.45163127903841316,0.8353968449978691,47795.90594681491,4,0.5671441964046368,-0.13091945128966054,1
0.7219055028596333,9154.471711318613,0.22437546928024177,0.3605977607677034,0.8340112584881669,106558.04152369713,1,0.7315251728318487,0.8735747572398724,0
0.6783775030197067,3404.5793458633066,0.7993209480093296,0.6064566113207556,0.28552637404806613,110604.82944704681,2,0.4291455637730623,-0.8473922227904349,0
0.806758527071118,5328.115666038543,0.9047476581743871,0.19623380814877092,0.7535401304868298,47431.92475485513,5,0.7806285442036428,-0.7235966769529152,1
0.7360900364621085,1756.8074851461665,0.3917683658985981,0.39069229307604303,0.8575458759794533,77816.463619386,1,0.9218025066865212,0.37027765352938435,1
0.579742651718386,9071.42220907851,0.5631985966066786,0.1943690290544157,0.5901328439371466,106676.05634570605,3,0.7147475949246179,-0.7823514555824873,0
0.7681433300390408,7623.444122151845,0.7060526019553808,0.2548167624649031,0.3663324108640549,139278.54654669156,3,0.7164785338824943,-0.7297283290277861,0
0.8179260472018058,9279.478072776325,0.9529366992517265,0.050608773249675165,0.4409671867126791,64360.791207214184,3,0.7921384143100603,0.7438572338085951,0
0.8225157662781651,6990.6759856225435,0.9129322372974317,0.16211154717186743,0.7862288650347818,56130.676402590696,3,0.9730823241318733,-0.5796110259227076,1
0.7723119261399292,2254.590879052098,0.05719230338137993,0.48613217111811646,0.29331746399681413,134179.3898847017,4,0.6997463178227873,0.24486571216393838,0
0.8444339420049726,3428.5365283693686,0.2481658432092808,0.25318804215019025,0.334462334376194,97348.06902540517,5,0.3111749851844373,-0.20648174779269435,1
0.5339683711895111,5125.061463482997,0.04914454395517709,0.5028832676208667,0.1607843362578507,155646.92050305952,3,0.8625586723439684,-0.7265495763367802,0
0.6903876772100311,6268.952950921966,0.6165424209890513,0.5231141079804934,0.3990524030130026,45870.51346584402,3,0.5812085920142286,-0.22782308010902375,0
0.4510856683532721,9301.3646546946,0.710493316472639,0.42424264939161965,0.08651513224948593,141060.28893551248,5,0.5112535969998099,-0.1675137040515191,0
0.8188703620095574,4147.53892499682,0.30828341235651147,0.6046396827251844,0.3210344409891115,37545.696260976605,2,0.4228723721595054,0.25726947278658097,0
0.819874831976391,7179.184208117887,0.8538519081332145,0.3229339742233885,0.37347938094785704,109411.11156445253,4,0.8136283482479594,-0.6930199722279684,0
0.765598222686912,9629.584064652807,0.4528127504114977,0.22438364631017443,0.2554791324241321,58217.73041349668,4,0.7871940304282447,-0.9252947804745812,0
0.49861767511355903,1947.5536024468036,0.9983815150970126,0.2291170040256984,0.10135811913498816,27185.462791930087,1,0.673460773249805,0.2119801293076633,1
0.7730790690714615,8695.741093405708,0.00039969258932492924,0.3267572360392244,0.5216672425615551,114849.98277641425,4,0.5680349679724755,-0.869184479724409,0
0.8223536367323961,4496.707668735387,0.10948970841855665,0.4170236316243649,0.8650811697554708,96155.82318233044,1,0.635341317994836,-0.6922655771074635,1
0.8026505603200529,7458.006871328699,0.3017932429353404,0.2740982222858049,0.33564474580047043,92616.63205286117,2,0.7448784872047303,0.9629401504712256,0
0.6746023373961401,3288.614218002295,0.025507597953713157,0.2912411189944378,0.2368015714201387,110728.30266714406,5,0.9406009147807135,-0.9544682325639255,1
0.6519247366474904,3672.850073527015,0.7823394577382508,0.3468661614796838,0.2850382176905034,73314.32696735965,3,0.7749555582795377,0.28455394175656945,1
0.5630138256372108,757.7656362466282,0.052771787871287223,0.4455817614164412,0.8618871813042368,123928.48549786465,1,0.49917404497778406,-0.7223499786610175,1
0.523360883131724,9728.339455086116,0.7489796332938272,0.14502348427577583,0.5278075896077976,32243.43425954666,4,0.9545000668762114,0.642353854876452,0
0.8878969362797214,8227.799464692453,0.05256845878954941,0.09205270415874665,0.13079035127077476,131545.1522182324,3,0.7511364415756927,0.16353149976668901,0
0.929429542269826,1392.2206002990947,0.2527272646530456,0.4518128018929993,0.7092216490554625,108568.33142771867,2,0.561883978640386,-0.055054404718625216,1
0.45973553517397747,9995.333558805858,0.8412768156585296,0.13586322199180137,0.15436893323344947,92700.34880608451,5,0.8852839651831182,-0.07918588893457534,0
0.6921589256479078,6247.733673427943,0.9510952942377242,0.08230860145985736,0.06024440294223665,31700.56799454722,1,0.6973620692282451,0.34188849311428804,1
0.8289189498443457,8610.42206066164,0.41452634266051225,0.20289560685111502,0.25568487649791727,57304.96151442597,4,0.8527218660420298,0.6773651871356396,0
0.8597980164956873,1133.2772511397552,0.9699389643125513,0.21188485806200053,0.16809017951676586,60200.418365328944,3,0.30715677438867073,-0.9861398101066297,1
0.38627785179320895,4199.786195673275,0.6268809237585425,0.5512740153177157,0.6049974743746681,49748.151164688934,3,0.7413140738909754,-0.9594976379267772,0
0.7569474851175312,6861.685661884294,0.4158351224329314,0.41801409556008823,0.48456640734004186,172210.5535084684,3,0.8182095833841747,-0.4550959694425689,1
0.8389054847333977,1511.1203276471647,0.8028013439679169,0.5157635145757989,0.7240645504928672,165659.06483433736,5,0.6281905982428297,0.47652456407633914,1
0.5119492534093634,5144.576967213006,0.29532852014020117,0.2618559409911618,0.5115710502602459,102842.64635267259,1,0.9521611315855275,-0.6124371601838681,2
0.8569100524617353,4705.439808169344,0.2657962613602184,0.23290972171072258,0.41900593520938767,44964.339150837965,5,0.7048002831984457,-0.18653704810341876,1
0.7914617809461028,2552.3821324990076,0.6565476769110743,0.23477616992284497,0.526218690437743,164893.52206240816,4,0.640231785788355,0.015187853893897207,1
0.7675811447002875,3352.563440592121,0.39048736196809497,0.1405154855335635,0.43448611308777785,137399.11058554956,1,0.803765192648971,-0.2541298252548798,1
0.5905024775158025,9687.624367702332,0.13591802694497956,0.14062473893590233,0.03708689391403952,16591.21262218631,2,0.607013382680942,-0.07072787797989566,0
0.907792181454578,3242.160617094392,0.0669642352899088,0.248059345776848,0.68069911299624,93420.95869520391,2,0.4791028717812078,0.5974974570133382,1
0.8813418152427923,2527.548272699905,0.7878425762484773,0.38362382656989613,0.9621303262144554,112840.58592830227,5,0.5753962895508853,-0.5416024040643042,1
0.7309299731229327,5593.987125149168,0.6759107318023446,0.4725912680230756,0.4220335570360464,21300.471890782697,5,0.6230803023119952,-0.3465182396721238,0
0.22779611084358825,6874.10132366783,0.4117982246066033,0.4556801795851818,0.4237329837680467,18471.275296473184,5,0.8209712886233584,0.05315592823239945,0
0.5303884570769671,7388.3845551608665,0.8962276351710566,0.22631974796475055,0.045768878637246546,88799.07294248069,2,0.6409507225685537,0.7301877244101018,0
0.7234994780669654,7665.348252720703,0.41085675244259956,0.07911683032075816,0.8903790846867483,10331.791267396704,2,0.7666736156294653,-0.5895339674329287,0
0.8506435656601878,849.9086693901544,0.7102954714653835,0.5439455032071315,0.9291213874629298,17962.045099893185,1,0.5753471681929987,0.04950973488437804,1
0.5547723571823248,4240.723803605852,0.9091152752072929,0.15031942596994524,0.8131391180141432,38073.40284802977,1,0.35487968177698714,0.7515495203191567,1
0.7208619208588435,7852.6017579393565,0.8407154587084434,0.30255782744126214,0.1063454715418567,164695.0315849491,5,0.9385688372588383,-0.7749936290929946,0
0.7731808859753375,9096.09496710123,0.511104776339579,0.1283884460615275,0.9002236811539391,140268.1995921603,3,0.7632111651151549,0.44286816297634957,0
0.8730661095974762,6220.901171661441,0.6806363924467327,0.4769672198236511,0.02395566339504085,86572.42072033875,1,0.8588588173887046,-0.5525419282289497,1
0.6182077021354402,996.9151083420138,0.41366577672736904,0.24388653704238583,0.44457432323630874,91464.9634705227,2,0.9851330461058135,-0.6527851351190821,1
0.8500021017751723,4268.135155623746,0.647197172294114,0.3290911373144471,0.5006236541013945,126624.17334800896,4,0.5536662358710017,-0.527301032227967,1
0.7753793947604677,1205.157600750319,0.2575524383453959,0.302678394771717,0.8340021010263389,90645.71117521817,3,0.7175830884107387,0.0057314100286296465,1
0.7187500924226021,7611.109695503554,0.4347421137695533,0.06300901271433726,0.750859213453971,20867.268503972446,2,0.8333730066489294,0.20679041762560946,0
0.9361777039753708,1103.3019581758197,0.20954573760183903,0.014915117752912984,0.7970968964998858,135584.33376139164,3,0.8920699929117212,-0.6114989177967507,2
0.7502924906504467,2264.445133984184,0.03818495267954802,0.3776779330708864,0.8679009495573746,19817.47035953096,4,0.5795973276255999,-0.7760739564788963,1
0.49814254430946825,4461.105027665355,0.5885398505753723,0.19872190526441522,0.4760709204927257,92635.83251616494,5,0.7205263824353778,-0.0946699166640983,1
0.8557311015856933,4895.159487591284,0.8644293453507976,0.4150075233500921,0.7802523535171715,156490.27663160162,3,0.7491312335219019,-0.8852059517566353,1
0.7490187432573823,4361.576152992617,0.02557827462319151,0.21234313042048117,0.06803309440543892,29954.549004765686,4,0.9286355929364832,0.0778718086566379,1
0.7187029965728379,4902.268142757,0.1960297407292959,0.1187745071307566,0.4445464227505388,130126.74512025162,4,0.8011013388606427,0.3657412357107013,1
0.44430347493087335,7275.771944191898,0.46018505927041997,0.43985333589536874,0.030132674869641107,17875.7473436826,3,0.7007767390178928,0.8915812475752445,0
0.8000729492531345,4008.0538180776443,0.6658968168422533,0.7623436117231545,0.9153150653185941,178820.1351414953,3,0.8069748760577172,-0.7141183942695757,0
0.9377559889870386,5703.629361930882,0.17122919366988643,0.2687907277848141,0.9584137819529208,125954.68465476535,3,0.48509456565437475,-0.13337784486699178,1
0.756470632098024,3382.007946522956,0.05669482897062428,0.4178883448134815,0.08393906028816278,174728.23521074522,3,0.866024783259235,-0.48658912115956077,1
0.6050445974931449,3859.461203359585,0.5190487177268892,0.21433008379823823,0.5326266444077605,123598.07398323072,5,0.8152885598099404,-0.5641938149081929,1
0.7619672339711449,6331.090110899768,0.8187097130573088,0.37622296331911204,0.3251396063368691,51188.133842871204,2,0.7563564677224792,0.03904942911557008,1
0.9862752037390864,5159.69919055169,0.03523490931277129,0.17587556641420996,0.34253428466287805,167481.9673136324,1,0.6892780838530699,-0.7131209518371904,1
0.8376636191997193,7368.844801163171,0.3493694503590259,0.25349295880727707,0.4507000613754847,116533.9314209628,5,0.7853862268189833,-0.9691696517752035,0
0.7342879407810848,5825.116586491622,0.6635147427933352,0.20774766548720058,0.12506596525455072,107909.29860333401,3,0.5287586179749696,-0.6757288842488636,1
0.6177158289018911,8133.953811146792,0.130742006102467,0.28482763933368827,0.18077019878391265,82949.02180947768,4,0.4302446878916874,-0.32896838346809343,0
0.5915325283110432,4712.378023449807,0.23594677689275678,0.28954270577324565,0.5773686601279447,58380.96459945118,5,0.40089585271069295,-0.9780536531771955,1
0.8086526716244211,5164.819388734614,0.535492643786266,0.13043414508103957,0.018755909437488283,100111.82683998298,1,0.8136001919329495,0.7142674469603707,1
0.5981548366116777,6864.727814558926,0.953231696364218,0.311311075596222,0.5998010220142007,72229.81049790706,1,0.6655333761612957,0.16714388613596265,1
0.8974397666674383,2601.817471914464,0.28734261824375606,0.17704731682520333,0.31891718778666933,155184.14874067012,5,0.39898095787324606,-0.945685019127541,2
0.9223067242685955,4166.330600846978,0.48752742122071036,0.17007461774605176,0.8322064148040016,14895.752134518709,4,0.9062189025604052,-0.5427711677986495,1
0.8718604864418177,6435.991818111224,0.3999308630644183,0.28976682661744685,0.6000065077286838,100115.55242908979,4,0.5644657437991424,0.32865645556008505,1
0.6577627208034094,774.3245580244957,0.89739667203008,0.15486655387992168,0.7080912007121719,152216.0310573642,4,0.6727254980423297,-0.9401204339996811,1
0.8128493016717484,4651.228619522446,0.07188986403111564,0.450251104268729,0.11442518123794532,14693.083135107157,2,0.8534093028587508,-0.24606832653608413,1
0.7788900897685348,6189.07439490811,0.5661475913407643,0.02565602932774791,0.26586236468168856,57991.454965023775,4,0.9620216014029188,-0.8066705505143474,1
0.9262197004203666,9690.06755379288,0.846119699189944,0.24115375231131822,0.9966696089720366,18758.834627845976,1,0.6179480940974917,-0.21680190285449608,0
0.7661226519509405,8831.657335367876,0.9881175770625917,0.34443278564448593,0.43365224690922377,111150.64086796236,3,0.8456803624342256,0.9360430206405497,0
0.5948521437862515,3167.0485529552525,0.6987254975218073,0.4219235870882277,0.3588652053242096,63845.13264659446,3,0.22724223161366897,-0.08998412259910737,0
0.46091184759742837,5318.495988274785,0.3799354756665245,0.27776327832878517,0.8738553589772742,173154.10644570738,1,0.8733246840109704,0.22739600354721334,0
0.8606040991009459,1035.9365402708675,0.4118243525339439,0.4482446262329526,0.03307460886313485,114769.91300906448,4,0.6364835519592396,-0.18311496945843153,1
0.7321658500893663,2787.166940769168,0.3516822197427639,0.09806929242420472,0.5347733616761196,105506.34079738655,3,0.871968576583853,-0.3699575684101355,2
0.8122706007915826,7861.130746646856,0.6036130998069534,0.20927857193876662,0.21025721378592432,165930.76010874577,1,0.9045119006483181,0.2212397592087243,0
0.6623371407053142,1671.4831166157733,0.739405770718251,0.22534945614568366,0.36815279145376323,48007.81903205577,4,0.6517144303539942,0.24146330981595576,1
0.36829539764179187,2948.0599859225877,0.8194675635889309,0.24685478604104408,0.199777071870328,105581.1841188773,2,0.5939181613891485,0.23066620423414474,0
0.7804879549341479,9468.403766490175,0.41659310968317187,0.37093248724929234,0.03782275954870773,102273.04794291525,3,0.804009370982915,-0.9463645976584687,0
0.9033799409549911,8326.630104678352,0.7167085022590393,0.04059321848339741,0.4165121339685567,23959.41983285914,4,0.6322106170495044,0.39306071593834124,0
0.7122200484504416,7927.363270164665,0.9162225920297764,0.43984233309914966,0.7892030211950896,168450.16368357252,4,0.40943822926560874,0.3516714642084031,0
0.8188401856513501,8713.296157870489,0.9208247944507053,0.371157412680093,0.951954432626891,129039.90448452436,3,0.6345512299334953,-0.8597326009659823,0
0.6997920076505957,7621.254022532363,0.7040290027146425,0.08491827860981074,0.6238529746100123,160977.9944455795,4,0.7812687750931682,-0.6196668572760562,0
0.8780118719977579,1645.569053123232,0.6369021928125361,0.056258242811560145,0.38883709235272146,177031.35577327604,5,0.8779476181175376,0.04070306182514494,2
0.822838695210324,5407.332601609698,0.5315260755250067,0.6681946526685332,0.7698552735473022,91541.17359068207,5,0.57874157742203,-0.2784430898237009,0
0.8617576031921096,4720.317247622059,0.18319766818212857,0.4060768242001769,0.5052239834292209,146622.17315463646,2,0.5639221201701343,0.1520330626057036,1
0.7573264967028924,3455.939993568611,0.12362965260541847,0.13024182215325486,0.3676202798906616,108185.15504950914,1,0.8727236984363987,0.5208262106263151,1
0.6483680979399541,8423.383892336253,0.4857110067893803,0.2082075696114717,0.1790896925529747,176110.91829650186,5,0.9189414972159202,0.0961233007120259,0
0.7420925540606622,4909.32242255522,0.15944415620745933,0.11546797737268943,0.7961299843370574,52028.00929830686,5,0.6328307352518515,-0.08204281640854494,1
0.8221518317464738,1072.827212896722,0.576999925669336,0.371902862755649,0.5004257905170166,12348.919068361985,2,0.7400539154675019,-0.4727051532612323,1
0.7337148359377619,3112.1730453425484,0.6457027303012182,0.5518040818998557,0.963803741311063,41611.08711542816,5,0.5269138311359853,0.2309830147265033,1
0.5965651752835383,2671.9000512797284,0.5256155975200407,0.4338968879821272,0.8019096003487199,31763.192941488604,5,0.6868528596384431,0.6544399402716063,1
0.793804727436684,8931.049405707194,0.036426712512613646,0.20737671695678647,0.420016119142277,84281.89292585489,3,0.7128059762318683,-0.4752011119273456,0
0.6031573240854262,6650.6619560704985,0.05772795880233217,0.41757964645384416,0.7408500408674572,23159.734637396603,2,0.5865697505943951,0.5762812529081134,1
0.609041566332793,5823.574525879713,0.11334118468148546,0.3702624979006702,0.45339149285207103,47433.61531376146,4,0.7663311537123465,-0.16478486680250848,1
0.8785121698654462,5313.167795947698,0.15364580498833902,0.501785926477751,0.07986572841426465,26365.19968921889,4,0.5598816554937585,-0.776279060029166,0
0.9283311174817223,6676.073761643922,0.9898826137693332,0.31384836534531485,0.5166810515582188,92747.97230386653,1,0.8525370929029324,0.8212667922713817,1
0.5588071308543116,7671.317694382686,0.34449501686312245,0.3818825791614432,0.8657286195341496,55352.10225467128,1,0.8429269796020658,0.3632685156680726,0
0.8497595441529354,5766.654705399344,0.29197337364128617,0.33541190769810036,0.8554413185170163,90071.24069036462,5,0.21888790316766232,0.6820155756367576,1
0.6375952273324251,9413.7114439498,0.052266635664229066,0.21328029868930717,0.5749669136399747,25110.977007561036,5,0.6125715642568649,0.30981484828939987,0
0.7277660069489905,9779.924621178654,0.6353203906855965,0.3527433827345209,0.38002353641485,97868.0132225563,4,0.7272104776441922,-0.752931109700181,0
0.3754827821882571,9955.752007783818,0.6521907851312807,0.5897621372808951,0.010100602310371798,32111.764315839708,2,0.4425605059986465,0.08324214544940522,0
0.9083139604004945,6859.215545842125,0.17544868957866466,0.18382330180190767,0.3114097789395127,26888.896741461147,3,0.7226079303837992,0.2672582481539716,1
0.9465735038963,9359.894434180846,0.9192415409246131,0.47956649407320057,0.9898085773077342,62703.32361147779,1,0.7867995446348336,-0.47756710327307683,0
0.9328446187459692,4342.55710542557,0.8004935465951273,0.058226755773171796,0.7264910332929944,158650.970998641,5,0.857255527289331,0.2617996899155548,1
0.8709057230199393,8666.12771685016,0.23031931680750806,0.6106407852714216,0.7175885638250629,144048.63849765187,1,0.5670503569435286,0.13357940285337455,0
0.6071341275348259,9137.155838026969,0.4858497309165374,0.237766737124323,0.7610833903317611,173055.46639088963,4,0.7785524313448731,-0.9568264912690514,0
0.6962734158215316,9089.334487156619,0.4583908561988499,0.3304587409440741,0.6201133833419443,88233.19494547717,2,0.19616178807102405,0.7651098409363364,0
0.5997729555999886,8393.039687629625,0.34852044434232077,0.2268851796661488,0.585858657175008,63115.04191504908,4,0.7924631376390627,0.0677020844426297,0
0.8402732758437538,4362.692035591879,0.8176347128256132,0.07182206335155848,0.45361925536241454,175054.1444156214,3,0.984425087504412,0.168738949619601,1
0.777946626610779,2009.6210788169763,0.10926448562115099,0.2181187931800839,0.443933993669687,74900.5733055347,2,0.5053733728850668,-0.6973393645533024,1
0.7527830536830178,3672.5853852722357,0.4153142398277927,0.4312825937787084,0.8708484554371987,11547.579056912255,3,0.897475634521709,0.6079711926527873,1
0.7685792816213692,7789.241408331884,0.42803113054921704,0.5103947185570235,0.3934562616967805,149418.46434799733,3,0.7372126616681078,0.06294480420791371,0
0.6122247341361988,2712.412357634765,0.46872560461417967,0.517479478442783,0.8402917840677216,38765.79196431904,2,0.8348009696213348,-0.8229187092305503,0
0.6687041425374568,5043.5846158467375,0.8613499910986286,0.44420550899141514,0.837734425624937,132045.11285645165,3,0.6573885891231885,0.4018373036038114,0
0.5833226216451816,5871.295420854384,0.21816687020150127,0.5359576915954686,0.770898199341511,12570.72137690122,1,0.5704414040705945,-0.022132215789208987,1
0.7098809556784936,6236.656343159815,0.10292317351227276,0.19540842047446397,0.037642399863446196,28868.32789860925,5,0.6933563553133539,-0.3306794716418455,1
0.6688958712295703,9389.392709598587,0.617808462821108,0.46913580735166543,0.14797224440361978,92205.80406028872,2,0.6727036072920519,0.843163372273332,0
0.6105430633987523,6784.183693936017,0.17383447497804716,0.17668470408885975,0.314705142186515,21542.66450157046,4,0.6109740429456685,0.6425560663935812,1
0.8514765266445014,7969.838752734371,0.07493208585461975,0.10309637531187513,0.8475333422594817,161067.25226678766,4,0.8988087510166577,-0.9144113065856807,0
0.9088861036511815,6027.844304970517,0.4266492205710535,0.4105184998064323,0.8732593813561659,137477.7404156559,5,0.8971276117667137,0.39725628723476714,1
0.9057428920311501,8419.01302918865,0.21964643085814095,0.24448502501502536,0.04155729435549216,65791.50304342888,4,0.8916317337524549,-0.6557306106808094,0
0.7922836095832638,3004.804324162747,0.3612166188679836,0.5279150961860374,0.3247245531285988,111578.47044743958,5,0.8983803175422106,-0.9666429735225854,0
0.6403562017796626,2493.837880853498,0.25971108010245747,0.22491203492757647,0.8503842046380706,131639.5449930274,1,0.8186993607531232,-0.5627207424270033,1
0.7798989084967423,9300.040463200712,0.09263646272341575,0.3284238794658857,0.24969324903523826,138417.862066745,4,0.24978153266563796,-0.9044905075105347,0
0.5762425834290994,7088.068325395095,0.5603472029242016,0.20248380067208624,0.9760033065971319,77264.91226293927,4,0.939187856477234,0.2764697216408991,0
0.9137382469663622,6879.492982053101,0.02701841803948568,0.23192778784315105,0.48930376657602737,162796.0375251528,1,0.44740729822124703,0.5149100195634515,1
0.7126273323900936,4939.304766970274,0.9663753479943995,0.5357474585250492,0.93731268939841,170103.40410798567,4,0.7566175177315233,-0.6437078498227602,0
0.8891178024421519,4078.62396328835,0.34133052173496625,0.42779723117551843,0.42882639436526293,43271.59270842296,4,0.7311524181989546,-0.5812972167585844,1
0.8574008562244524,5779.066347547068,0.6951575104898038,0.27821288626876917,0.3237989270876299,164910.5959556486,1,0.8228695563693713,-0.731875485725332,1
0.7433417664785269,1645.3803195058374,0.8103628725474499,0.5823695477280911,0.36241017520885277,131155.68687039812,1,0.8196678004166227,0.12473457250668107,0
0.7500136890007059,4819.769330289524,0.27910479553955514,0.356189992013306,0.8843005825306731,160983.47090335496,1,0.8026856499312226,-0.021326626321715336,1
0.9108440777051737,4825.993192422069,0.7487387091100682,0.2852820993221212,0.33068938628833267,82208.22560146103,4,0.23198291756661815,-0.9876973520122121,1
0.6088756585709033,5614.1968729705195,0.8324208554247096,0.24004046346276933,0.6693462214597103,122403.58206694428,5,0.9233332399258719,-0.260735343427702,1
0.6741151201387345,6529.513336488421,0.24131723381161352,0.25879340563665465,0.4698426821245846,50014.56230288184,5,0.37401347555680103,-0.823907868521149,1
0.5782688638559257,9594.524476860941,0.9924946768960727,0.14479001068444106,0.9416711887268475,137687.2979074374,2,0.9304081882973723,0.15797184218069482,0
0.9010006323477399,6695.60670737169,0.020688682842089356,0.3486858063767978,0.159363472071141,108894.69553500549,2,0.38333066872618393,-0.05242516865426472,1
0.7372057921895545,8895.38894355741,0.21700048023554108,0.19949661293703966,0.4286568301018422,91760.66902119832,4,0.6433085093937735,-0.08221583205483585,0
0.9298575284110685,5784.8866839570555,0.7800207562769929,0.35842485018220915,0.12463381190312195,127755.87374639818,4,0.900923559480738,0.47026902379922775,1
0.9406138471130084,6455.8148849611525,0.19413102505575286,0.08387962606165597,0.5781393419601891,103898.69609151476,5,0.9018404806262538,-0.08126318400516164,1
0.6137486060558524,1163.4510545409112,0.6982598633062065,0.15835989981706172,0.4028991913380774,140110.32826942435,3,0.8122025409306376,-0.027638288550959844,1
0.577634405588477,1766.005367401948,0.8555304049829037,0.2964888671515921,0.060937232484416626,155934.13135859132,2,0.9285048025788357,0.2652645618094951,1
0.8870664024816797,6006.869134376626,0.9592142726342602,0.6701295665967368,0.8498381097667531,146103.0717573336,5,0.9258827226657794,-0.3972886950492853,0
0.7803834661715018,4259.272264601277,0.47424751540026955,0.24745133626903262,0.3755147828664389,62276.12735685677,4,0.9102185082309135,0.8748066923456548,1
0.23904770994339827,8088.699938722267,0.9711091229821174,0.420213874715731,0.4936307409504639,175940.26630581805,2,0.6999247363964288,-0.43704386304040654,0
0.7089542609150818,5660.189811304672,0.4116222966816786,0.269559101298232,0.4075133354835784,120456.01469512813,2,0.6163272927895309,0.8275513532806391,1
0.6987788042966108,8881.76487003771,0.21812803967438577,0.38514412341134807,0.4886526784499662,64989.30093425743,2,0.8144080766200439,0.6273631592125251,0
0.8413360877911978,9737.150945391768,0.5139218530847253,0.3262159685397681,0.01632519766810081,17238.748797022818,4,0.7513122831709372,0.8124927392999437,0
0.5148077943183984,1902.5342586541074,0.6498232443114926,0.472889766209252,0.8154595293079749,177976.38964948023,5,0.836114827823768,-0.633442218842635,0
0.9685456651239702,4250.863640728452,0.4579633160499438,0.23031596568556784,0.3323080119461437,111832.95688527133,3,0.8145748918846728,-0.5374721931322166,1
0.8396673996444511,6817.319739761293,0.5669724439667916,0.25339477052328696,0.7244617644261435,48681.84462616339,4,0.5829560575506815,0.6956367557554823,1
0.9807150061557497,3402.143176303322,0.4164091877271886,0.0772767223314562,0.06488679538113173,93491.04619000555,2,0.7119373746091919,0.9143446960961426,1
0.8176509867357831,3036.807208354204,0.5247619540212498,0.1012002754534621,0.5238252524980913,77581.88164776177,1,0.6842357917307262,0.5064179153135462,1
0.2711581314605605,8230.51632597395,0.9525956719465616,0.16950228692941183,0.9087919720707374,171732.09074857144,5,0.6684550982951059,0.276010342290121,0
0.7034310404718156,9813.595456058058,0.49983115253633204,0.31030829617727734,0.3982480355036875,93752.36067962796,4,0.7677569724953967,0.6188114088961567,0
0.7396410110657727,7851.131646851073,0.25317963280926026,0.381926941253203,0.19725901008403057,92393.50313340242,2,0.7142294362428118,-0.9168056339495803,0
0.43242815140987356,5474.927916639079,0.7587466215125707,0.3330977076453141,0.09908115711509724,145081.95031278837,3,0.7388281708273046,0.7086846898986208,0
0.44933172636711555,4703.85670348049,0.33758445778154933,0.23447276330937894,0.8590879634880926,76454.96599282157,2,0.5738729067243493,-0.4377448523049059,1
0.7938309963433968,5626.653345038467,0.8162071708213907,0.6046865399010743,0.23880622735961743,43408.119224047776,2,0.7029309737648702,-0.8866873917364024,0
0.4300630581474352,4896.977170783491,0.05684198898388515,0.32553055727132896,0.9750711114986512,140627.77932797477,4,0.579784346689712,0.36319601418230674,0
0.8748023642340172,5277.436539463846,0.33217797710869135,0.717883042220402,0.24782278332790775,164718.46845158614,3,0.7667803476405384,0.5055712816805735,0
0.7829163414137645,2432.803980027663,0.09435990826063945,0.06191543929244589,0.4809909957427998,17773.46230103211,1,0.8005904286207205,0.25436586124358596,1
0.8091041030708414,9085.548518438613,0.08531782424583145,0.11522603105111211,0.4579941317991669,156183.0103552266,4,0.6308504028466368,-0.2997207125200849,0
0.7265411814020388,7668.082514471047,0.6583895591724372,0.11570905141370438,0.062009619366507396,84436.74328897172,5,0.9676771365465332,-0.7655886468222268,0
0.823001020672085,6969.2855155855905,0.3853348013536074,0.2518401603649012,0.5318394198174479,59152.69123950612,3,0.5559012860979267,0.5379812271093669,1
0.544823467262799,9524.287224257494,0.8714789419851126,0.43551299116067627,0.672640979688537,16660.657318130914,1,0.9046248204496481,-0.9052864732296444,0
0.8219656624426059,3201.7461531719614,0.5164051378735292,0.5380428158034251,0.7421356632912185,44938.87087579394,1,0.7813044931761196,0.5193946414546753,0
0.9658512971276275,1271.014403489335,0.29534322117228273,0.1975031539904698,0.5225917563109291,66587.86615613822,3,0.8781724261105955,0.914898921966345,2
0.8334734462400152,8348.317273375651,0.7208888879621947,0.033238609638922854,0.8125851651213526,22016.321240628487,5,0.7918893177303222,0.9936274993312888,0
0.38965015837272204,9984.961154667923,0.6240167915856997,0.4506377870097703,0.7520975018439173,42094.31104212315,2,0.7341883601606516,-0.20738758819450132,0
0.6007651190961691,5995.108161191894,0.7995946208292034,0.27797765206949265,0.19397431208722093,135262.87520836177,4,0.8105483440328616,-0.782674294460711,1
0.8999279539000289,1058.6891851704777,0.643588276341885,0.043146801753412636,0.40160168189850687,126766.33875960088,5,0.7928440835620144,-0.8109365462419285,2
0.8360010383841312,7914.446381471941,0.16701341709892026,0.055691922456375414,0.1425818512087107,140872.61593067314,1,0.8147748920055634,-0.016935972405655253,0
0.8956834100096566,1200.6159640354947,0.670310037667066,0.5086448461794462,0.13342365377092147,38093.82265499176,5,0.6248715963896246,0.583508891871924,1
0.5949403635482106,5630.132869463171,0.3915491976158103,0.4227890508753524,0.7121273546232116,17315.128309750216,2,0.8751226957199341,-0.9042433835613546,1
0.5354601577018449,3136.5585050000072,0.4631430302575681,0.22890381029936485,0.5304591323775849,89660.27811064605,5,0.9379240005747461,-0.6633456148808698,1
0.7375227352851274,9192.754415627756,0.9215645757373447,0.22309422323586478,0.6009498084781025,68273.40496821613,5,0.5131479324052378,0.1772342331462895,0
0.6486301531740383,4787.646525965108,0.35996404629774703,0.1985645721634693,0.7321842832725891,142044.6235921434,1,0.8633181159761406,-0.8290866049711507,1
0.6722857172752148,9035.401810546256,0.6119591429908388,0.4261242838671599,0.27723493216174677,101600.54906900963,5,0.8495273678395427,0.7568229622158509,0
0.9504345484118545,3341.270309918392,0.36348173341223955,0.15798949740935542,0.40136195865265567,168300.65268375215,4,0.7087579068729564,0.006197068973901709,1
0.7510568593985969,4179.944546302837,0.09472748535779174,0.4584264041808086,0.6068030889836208,20405.086463508043,3,0.8294289120915881,-0.2263279492924306,1
0.739413780337032,9497.632288347266,0.45352534204830053,0.1977021770294385,0.09662898141836118,71824.98209983217,1,0.8539813438881634,-0.9735356627618434,0
0.9516221552633437,2412.487283850536,0.5970615044596519,0.22819024772501215,0.833054081195257,78890.90224400538,3,0.4169183421144723,-0.7740237558725647,2
0.8061039575163371,5995.760940685879,0.4075032920375987,0.32387788170771753,0.34344962418887603,31401.20379020492,5,0.5175189166285729,0.6552155587924404,1
0.7097615921204097,4190.848121321058,0.39066618467818437,0.2830548026921724,0.6587529840348395,109112.69985359751,2,0.9084824450676767,0.39792646518555363,1
0.47242830349746606,7854.58540815291,0.820378513894397,0.12517392059229515,0.9955649018568158,16834.415603944104,1,0.9031544514849702,-0.9592287961409895,0
0.714578088436055,1728.3155261278953,0.029685172289470207,0.07545183338790198,0.47536244537731553,131163.2718538352,5,0.8104033187046303,0.9479459706961446,1
0.8941947160457215,4653.5422055443505,0.29558539674011997,0.1236829013984622,0.21504844928909883,16365.337330138875,5,0.5250860764251676,-0.29349160418794873,1
0.6733777319891076,7139.85995503,0.8117572653772116,0.327641332623926,0.21643339878184786,158490.24951039627,2,0.778828110229976,0.21278169372526046,0
0.5296222107518823,4366.654232558518,0.9205301486111638,0.05612484217707835,0.060376216185980436,21054.585168370708,5,0.8493532856346544,0.4452034176974369,1
0.6251824920859961,1056.0515231160784,0.41229958584082826,0.1609642268504511,0.7670823009964601,87579.40052365945,4,0.9174406050324319,0.9130363219403039,1
0.8523377640086502,7198.5664826857665,0.8887942431960764,0.24498346379435793,0.2934313400920273,36415.517799716006,2,0.5640708749828048,0.7808663778437046,2
0.7845270658565997,5280.384113007339,0.1989301221250327,0.3336452160650832,0.1727257625360824,32630.78167557273,1,0.7773520369820612,0.19482842163643044,1
0.7839782468239529,607.4325234609552,0.22142706786017263,0.06515719399988917,0.7136960338155216,132606.66716365458,1,0.680009430171642,-0.7212986370013634,1
0.7782377573975857,6320.231004669544,0.8461913765848035,0.05057113778135079,0.3091366414141341,141622.67713022657,3,0.6897530473143904,0.6900430722832533,1
0.8586372264374201,9238.86971402347,0.9032577413406182,0.06590031857114369,0.600468947664389,135663.84480444132,4,0.7419486773991956,0.6335054437341716,0
0.6300126604425819,1554.7465080110453,0.2228057679626675,0.15737556379810877,0.4178262138353389,78678.61471501311,4,0.6912212227969128,0.27828341699062165,1
0.9065672791905546,6111.376732587105,0.05932418996861111,0.09185873702852264,0.33415272967977006,178433.62631191476,1,0.5064599902714968,0.9784618993587488,1
0.827808853803518,7422.354376744988,0.09032413705528775,0.2516033456244194,0.4894295955389597,67794.71598970596,5,0.8998202877155134,0.05659413446583628,0
0.7368760938748345,1172.3498663329017,0.26138083537636325,0.3678002330366959,0.31379323937219716,51697.52539469487,4,0.7280984283408481,-0.5725335444794595,1
0.6676299418767939,714.8468525597699,0.7614490771467949,0.29531948523537044,0.8705649191425171,179405.92167986458,4,0.8232385892476578,-0.49246367572870864,1
0.48899584442594296,4909.860733127,0.5099918277962828,0.07731692636350165,0.0730403044251241,176137.05689762265,5,0.8280651117563178,-0.18678130297029893,1
0.9140004482480457,8016.273528726456,0.45558884224276963,0.5563392804950686,0.030153624946904545,110612.11566240546,2,0.6446771263334038,-0.1545921396076262,0
0.5690655224643641,2026.834395943619,0.5841399311660009,0.12437836374194011,0.40639302738351946,45536.66030870581,5,0.8445748683633171,0.6623125973722259,1
0.713728030903663,8448.054086041768,0.8902231134621862,0.17909419271564123,0.17284363498898236,50544.80431634994,3,0.7478857554154754,0.7738918409078008,0
0.7465367964535721,6737.4839265241635,0.09043037956565758,0.4098867817687337,0.743726455022875,98550.52566577202,3,0.8213095806957996,-0.23452085074785245,1
0.6587021780191997,3655.646233990614,0.6947241276365813,0.21172188896849387,0.3534339107231458,141937.54472522618,1,0.9632066930367619,0.8906022700712595,1
0.7931816096562745,5400.34508567827,0.9267908456554051,0.5234748451347856,0.2614377121620939,23167.204548516216,2,0.8787610232570712,0.8561700913868051,1
0.9159452600355369,9672.962307404016,0.2133500417584,0.4808261991674795,0.3593814632028295,126903.96809135079,4,0.4538111812618063,-0.1788508617471274,2
0.9788305878839324,2556.1512210072187,0.8377723159618344,0.4213671897738724,0.21948393131002608,27528.844385167547,1,0.9622393661942974,0.7361399701702427,0
0.9776553686138018,5245.586278568382,0.6980247107595022,0.49078961537700305,0.29965247899984526,153498.82654967133,1,0.5960348899085892,-0.774360281937504,1
0.6743618014939295,6432.622283022397,0.014468536073144689,0.28838580376455597,0.5679852853703765,100460.0977818734,4,0.7713682344525749,0.022467741484784032,1
0.6989331422363896,1811.1387520188293,0.2316116803621282,0.4675166947697393,0.864032545958421,178247.99537978802,4,0.7689745186982901,0.42534887912738517,1
0.9979526202104881,913.4598419214416,0.6058447608958808,0.15567912549588023,0.37086935891678063,138006.97947878897,5,0.6072085628186886,-0.30886308773470494,2
0.46433034222003894,627.8695528489773,0.5024003394912117,0.27175320863158475,0.3206717772441303,94528.87175477592,3,0.6793986877544954,-0.9538168283715593,0
0.7276365904763236,3584.5821377001544,0.5279362525268659,0.17188882391167512,0.7817898786449066,34000.1154050207,4,0.8822929398570731,-0.889071650405036,1
0.5838704259123886,1202.499297606221,0.23193042460682267,0.5715982769868456,0.02242638355795612,102207.26096511036,5,0.5058420296250812,0.7891226343479709,0
0.3640748858869838,8135.8145491405885,0.6750034707086267,0.6153780773555343,0.3020763254118234,29455.605139079846,3,0.6802700463829081,0.036984374891610106,0
0.8254191308107082,9974.535508036586,0.2664183709367769,0.14009560230911017,0.4521708185442338,163877.60797995524,2,0.5513545401032148,-0.6954078753728838,0
0.6804820251974698,1082.3863064774082,0.3894349664784539,0.4389914143342176,0.6006616768491085,49111.517379408666,2,0.8101071274241275,0.8042337515187508,2
0.9488544189110618,4610.899621367676,0.3689159158800762,0.117026941271544,0.1560615297786937,157112.33563129962,2,0.5038913652779178,0.8843668022385516,1
0.6759523662421074,744.4551683344603,0.6720250221198986,0.2744695006191806,0.43285439805529125,61663.434633442084,4,0.8314138095194832,-0.34786037703958206,1
0.5936023967759329,1772.9134621940007,0.09025276168321739,0.6587018775959428,0.5663004668819045,47722.75643471492,3,0.632751051527607,0.17197212829434183,0
0.8643472507145281,3567.7643286514035,0.20554190104018522,0.11297754451423356,0.5102504584736023,61720.14358381725,3,0.8699433232440642,-0.348406130202215,1
0.851828626147492,4240.133024047674,0.20049707068506784,0.1589570572613714,0.5745510780465695,130284.20673080465,2,0.8355615053345128,0.450524500958126,1
0.5188671265142657,9427.937991072082,0.1084246741157101,0.41534914553491514,0.662398267461522,99286.64672900348,1,0.5452147760961525,0.8958608203144289,0
0.8174058392316109,4260.449683190511,0.20759497883645905,0.5071986265732591,0.3793726691315218,28270.322855128717,3,0.9187611312169564,-0.9442857690386117,1
0.8983266729630988,5214.637761045321,0.6070602679233543,0.6333174343369458,0.06363574177599263,33300.03293408887,3,0.4116934723452887,-0.05825828222281415,0
0.8231784550540998,2833.041998601731,0.7321681708741882,0.12956235731115234,0.055556282306253424,74350.04434820518,5,0.5489608269969611,0.5981486646273695,2
0.5731387025421472,501.1888181874672,0.6603034469691227,0.6248258014210485,0.8587146470198228,67552.39811332618,2,0.8789106876045024,0.3783447380753402,0
0.863372839479618,9043.677338964784,0.47518813798088233,0.40943031906458716,0.6774192168285452,154795.01993902234,1,0.933112001081167,-0.6355294772635585,0
0.8237982555994496,1276.2901918448956,0.05243457109606364,0.17404565363244387,0.7641846825172538,107283.04238326996,5,0.5210881702288553,-0.21561257267772116,1
0.6953215576109878,9660.363989844176,0.9590070106867751,0.1410411350849837,0.9288046199302021,41741.54763499049,1,0.4880984192965279,-0.06343393833576827,0
0.6776300597938612,1743.0189889524725,0.16807646083749195,0.26730962247444007,0.7505444033056378,14818.309855646545,1,0.45908642085402296,0.48994394165723265,1
0.9136025747517934,6246.345567129182,0.6684213704056708,0.25770897147313726,0.6923012684145627,27401.727948547825,1,0.5768401898071225,-0.08179853040286478,1
0.74695880182424,9994.400584638051,0.912890615482111,0.23196591717940485,0.6557585389064013,129069.9861796934,4,0.8705198351284038,-0.37203011971519473,1
0.4134611663994844,1815.4136626619209,0.6977770959809886,0.18187949030563724,0.2585733846758108,154006.53539472105,3,0.9075796903209733,-0.16999431916074315,0
0.5642077335619667,4527.459306928331,0.21804964018895023,0.12399990265312015,0.9572940717475575,143031.46049384415,3,0.5646541099573689,0.9337796543876036,0
0.8302786278563832,7914.024855229027,0.31579629876402304,0.13093723277751926,0.5420443080659695,144278.83084776546,5,0.8871087626453495,-0.9064618084208758,0
0.7653567346179954,805.8064235746986,0.030205867011095178,0.21213841832100155,0.22207389461860716,54363.360833781546,1,0.5427974742389634,-0.3324125646484142,1
0.30300527022918045,7052.936135830423,0.6127582408421135,0.27330882794228895,0.20982621107280308,178144.62541421107,1,0.4428567238975001,-0.604046686024817,0
0.7250014192116255,1263.546709962595,0.6129929808815666,0.32542736871155087,0.8152659114940399,24689.451257799286,3,0.8217336464864888,-0.19899302295259158,1
0.6186583405449677,2746.9413515956508,0.7255005813763793,0.23321265693526674,0.25020860145627977,149586.20726651704,1,0.7296121347893068,0.1715070118297879,1
0.45334078393313204,2020.7235436869241,0.010996289275621351,0.15994599150652913,0.04142639787584179,26458.936571135782,1,0.7048832921834103,-0.6114356107167815,0
0.7627247859962827,9119.696100645893,0.8178412888244666,0.19908773482847342,0.428412272834647,55480.321798331635,1,0.8034463635779332,-0.14701024704320753,0
0.9110307996537199,2214.338809425968,0.7387109574003081,0.07310845738975127,0.8173504547328779,94220.38478837378,2,0.6483910239894094,0.6557034543112197,2
0.7739593038396818,884.1239073939934,0.14088660952408882,0.2984439331989605,0.4144396411860094,19067.9310298794,2,0.37810026237133926,0.28424746545763924,1
0.5713297784767817,6082.443945253741,0.3476266092689786,0.14178789615528836,0.8035475776019342,77009.12872534823,2,0.8849278020918365,0.3584860545151518,0
0.7272378734583715,3788.7187913921694,0.6385248929042168,0.08714210839906289,0.8272109757617002,69519.44497312752,5,0.7399328886807016,0.8807284910947575,1
0.5021773467843172,4354.209096092981,0.49579687494032787,0.46773973627627746,0.8577071627894074,120019.25389977625,1,0.846951182796759,-0.18207852524390034,1
0.7938397011927876,1631.0960761941963,0.11509426390126243,0.31151606073010096,0.5888998407660206,132062.28313733227,2,0.8165563921394244,0.9960199013280282,1
0.9549112782144149,7608.227668615348,0.08734537513658991,0.34958835114392584,0.6994707701724258,25384.20107323164,2,0.4732268432867257,-0.2359110697322635,0
0.6653874894218038,6214.759671613421,0.7814562991080916,0.32653341973070354,0.26185906083657584,16471.64140182073,4,0.645338273506366,-0.6346318167796423,1
0.8050337951321771,3960.06192510866,0.15596711801780982,0.612438654100859,0.09969794301639301,141901.52480206368,5,0.45324420349775807,0.6149794736537928,0
0.8065839832110305,2129.9619657497915,0.17209267393044358,0.2823455352651974,0.5327805241800846,99758.53580686975,2,0.7125502544141183,0.019941859330379508,1
0.9229591671912667,6137.791522120324,0.8309231253567576,0.07396451621962215,0.010581892597994247,100888.24810062163,2,0.645790602343206,-0.3101017794867065,1
0.7796694300310593,7896.6741553200845,0.6121396345632171,0.32318369602032665,0.46573785095236675,176721.83410542563,2,0.8005540478850978,-0.5073517952586428,0
0.8967521702864011,3467.7741967383517,0.6047156081539724,0.05065766425060044,0.10209362006957579,84416.0603974324,4,0.8554155294947888,0.6429839745446695,1
0.4630766884703983,745.6736436166724,0.47934577136334,0.31254823219198763,0.10842029980506451,43352.728650236706,4,0.9461847512014792,0.12799603132887372,0
0.8283626619769442,2536.267855153348,0.5689950144022909,0.1623375592777343,0.8707834158854489,125708.9936989585,5,0.6599551551620564,0.24882567104730913,1
0.841628655194793,6982.779279481878,0.601769690371811,0.18846070178283336,0.6405181923060355,148665.27044023233,1,0.8763322653247198,-0.0754656659698909,1
0.6432697734880332,9896.415585840765,0.9678262348435803,0.21798612996607603,0.6452342986480478,95401.33228931385,1,0.5918374211663938,-0.5710619056352875,0
0.6678232111070794,627.074274383377,0.22297330746757926,0.4214816954680127,0.40447667548916044,127608.48029452612,5,0.7938147394236142,-0.3248345591028232,1
0.88903726295217,3408.458840254957,0.21456241970045908,0.16484222233575033,0.41325432393751327,97368.33887642898,1,0.6444485574844682,-0.7425887574056549,1
0.8926628756890154,1089.1982692639692,0.05721848770531568,0.11155480103644423,0.30310769280931094,79249.88393227146,3,0.49761980141565887,-0.317621234431146,1
0.6513270269997977,3505.3182337488056,0.6581987988093223,0.52097861785174,0.43435853329207996,15827.247069288042,1,0.7834757561612105,0.8253995937863772,0
0.47128825288960746,4356.186259710502,0.5490421808222619,0.3072343302768025,0.5871250614068569,39536.23894035113,4,0.8853854966648325,0.14972624104744603,1
0.7975215664289871,9248.189873489422,0.11123920384663977,0.23148779965667723,0.1865890577064796,91560.47314285368,4,0.9553993258249087,-0.9075958484318138,0
0.5538315991925307,1265.327594347298,0.36453893511818725,0.29942651500649886,0.26168344691792234,77409.85753897476,2,0.6775801996283548,0.5283001315048592,1
0.8112086152183491,7882.773504124815,0.17866320533120383,0.21312120686506777,0.4947539361782014,153290.2405878914,4,0.7494275340226773,0.5353209775831307,0
0.8992933185172078,4257.576762598152,0.33148174040086154,0.11189449244738614,0.38478030202551927,28435.807402127524,3,0.6007099970340714,0.5189847540069401,1
0.7902550324105989,8206.997071835813,0.9512641693946101,0.2931586941222243,0.8194865134900534,18521.680880777312,3,0.8067802242622564,0.23306769792670434,0
0.7082971344260142,5377.320760593402,0.6833188388805289,0.1812669264938008,0.8216870270768133,24813.33552031849,3,0.9123776790990543,-0.9369767024317879,1
0.8291893730830703,873.1793690123958,0.0075691007951419476,0.4382676095875366,0.3359920408309799,125275.75384150853,2,0.6730977843020213,-0.2347197352811976,1
0.4693540084809861,9488.955904790968,0.25250807378412365,0.1676199913547247,0.4507952800131594,111060.49120437152,1,0.7361701615983579,-0.3494475107243964,0
0.8545844235230897,1285.9736026279575,0.010361547077779032,0.15343145621727605,0.9765874980571837,117477.45577347596,2,0.9350480631197687,-0.95772739763664,1
0.865434628118233,6177.993274070684,0.7148684987686807,0.09105928360781707,0.8274760832860639,36676.648049807154,4,0.7939897754985101,-0.8286696558656679,1
0.7535382708726206,8837.843747868399,0.46942180205547834,0.706718530211536,0.21566041647357082,97779.97055914238,3,0.8098707811736424,-0.15915041482099168,0
0.678348354950099,1257.8130786268418,0.9940186918143893,0.27262097476541514,0.28022897722073115,140503.90527441807,2,0.5916496366495205,0.7615268579534897,1
0.9447748734332074,5761.987189952122,0.7335832610226583,0.17249526108083277,0.08348033824163659,126258.98162788019,2,0.7785061903999877,0.9234818457512037,1
0.6298048392890592,8330.753817482295,0.5179129427078819,0.15512346890390916,0.6778231426173299,84576.92682534363,3,0.9235624931920734,0.48685133615192244,0
0.4962490215259078,9870.08473213506,0.8047054282081352,0.03029164492398166,0.316895300034324,27595.087268587075,5,0.9463917889133542,-0.5487407213455766,0
0.8340923728125517,7381.110307733202,0.7048036512340761,0.44775473075543576,0.5365951871199167,158010.5363674161,3,0.735460482277531,0.8434426901264735,0
0.8314661400252613,3144.17656690129,0.24377617763598713,0.5541044104996667,0.7681422819183806,99454.73811347732,5,0.9338170573233728,0.9559606308188549,0
0.7688277532102075,7145.91813353139,0.5302582748275165,0.44741970325841457,0.8360350673796889,161242.3291652123,3,0.3442733533912207,-0.13950659565338652,0
0.6699549527204314,7204.784308422574,0.5559987248340709,0.10041603279613145,0.3253643440735856,84579.01892576196,1,0.7979282224235504,0.043794402723530856,0
0.703225741942541,7149.677114993865,0.45123169860780343,0.16149199751003762,0.2372469370744137,50292.214239392924,5,0.9469288738528252,-0.30799267380493256,0
0.8308799177144968,8615.474152384504,0.17919262285536197,0.13127346349421518,0.8485363726118604,62260.21174099733,5,0.5627234462765016,0.7040944446426374,0
0.9256713767017891,1330.1105939351637,0.223369051657887,0.3039479707392197,0.38127081159293785,81085.38565790633,2,0.43002215434159424,-0.4046336192205009,1
0.613536729591028,1529.9885314466171,0.2810474009559616,0.19962967869302525,0.8219981403791956,114417.93264230165,5,0.8754350814883695,-0.7825841662513304,1
0.6875731213689583,6585.862680142802,0.010255149378163742,0.3078892505041539,0.14976315064146806,140714.86800351742,4,0.6178461697781771,-0.08799752399620075,1
0.48519267890181905,9561.870412932785,0.9169438921695093,0.16414817283585537,0.9119094103760249,51248.907414890455,2,0.8039201258115009,-0.660936016986869,0
0.9509318506801013,4925.4670697328365,0.6860959915834789,0.3075627705655505,0.4831256571279342,41912.72651257338,2,0.8623313603211832,-0.1380927228181219,1
0.7187790008064491,9625.345665443914,0.6896173157844708,0.29639575793203626,0.17013339000181993,44451.992431303246,1,0.44408245587677847,0.17085780375226278,0
0.6311158400959545,9411.809965403463,0.5723306138091213,0.1609875221465818,0.5350681502624544,168864.96243195792,2,0.8095586008414565,0.6052043005523966,0
0.6639747628995795,9077.642513226036,0.6893108081610592,0.060537348457727305,0.8700159819292618,37871.30513003457,2,0.7275314610794698,0.38397245585425854,0
0.545872163993289,9143.58426120881,0.9818625498736364,0.5551974972368723,0.3893250687590909,68776.35429175994,4,0.7328932671720161,0.47711134434328417,0
0.9096235934540279,9034.028536615868,0.3851603376344933,0.5174712516405544,0.17806150696456624,92597.4954480217,2,0.8920796806741472,0.18103500563394737,0
0.7219960034163521,8288.94914362223,0.7125255868765638,0.2259289656639101,0.5765561651617974,104554.59255559782,5,0.7556984097711517,-0.837266542642785,0
0.6132436851213993,7102.300106750638,0.3595290043775282,0.22228222167580375,0.834467111582599,155874.47437870098,1,0.8170209124419917,0.7600575946262715,0
0.8760856712256287,731.8776966297783,0.854288798746826,0.16286068040337115,0.12135377603565167,29190.253384655938,4,0.8162245240035586,0.3962926122421111,2
0.6279398644073946,1756.4091254824987,0.858028606890035,0.3707805658398883,0.0414083076526115,28362.276837744437,3,0.6912647141946399,0.5797792537646425,1
0.8429143173526397,1775.2045180489379,0.902266425423485,0.24298746024668022,0.05629349358184366,63789.6404802981,3,0.76785524766897,0.8818573839656694,0
0.5538300976046959,723.6327006561038,0.005463324241878342,0.377315368647867,0.23048871970045592,80244.24777900011,3,0.7259187375541274,0.9362677639566721,1
0.7267859756129916,1608.6668000245484,0.29819144499609485,0.11541167923632636,0.007302001273524317,73541.86253418305,4,0.6304057144873395,0.9269794250122394,1
0.7107921423060616,9237.591118887509,0.13392435120159607,0.0955084053864775,0.42867276940128785,76623.30701466712,3,0.789323978182476,-0.46082510460432613,0
0.71922458620939,6806.140725652466,0.4539861978901568,0.20823023216334421,0.6977494539209169,154747.3501831776,5,0.6605684905334934,0.7032448768362198,1
0.6871914052513746,3464.6936738065133,0.4954496426792978,0.34908276992668286,0.710458189271282,152233.61434831438,3,0.7101914334885197,0.9173278300847867,1
0.876824264200957,8036.92011624846,0.2559040428296555,0.595023197363819,0.6367115232411065,146935.22195926053,3,0.7387630324317395,0.41263870255573254,0
0.7386870000104706,5139.5101260710835,0.7234464920450704,0.41106059266612344,0.2962001345950068,138397.71352346498,1,0.4483181029660577,0.4318448547553422,1
0.6746424320175123,1850.2068507008275,0.26976971718896936,0.37696607312027913,0.7359377057084177,16866.175033388452,3,0.981105113323804,0.7683979839268127,1
0.6317409718278464,8902.76977165168,0.8538913752833586,0.3281900204994932,0.5764875676249399,35395.90946340507,3,0.534643691244951,-0.42490329082586764,0
0.9360709451810889,3717.2884892464886,0.17765936814178684,0.21621727744619226,0.8611791967673655,134472.7493846236,2,0.3547839178758362,-0.6162690767792061,1
0.8473687409835453,7139.162690033994,0.3672352947652836,0.19075900214080332,0.4780055155192783,111123.46696592598,5,0.6584963726467256,-0.12607846533659628,0
0.5636698326556887,3260.6445247462702,0.6222377584243051,0.21752295008068584,0.18014730991556305,124570.57824184897,4,0.4281405457322951,0.8997575463161889,1
0.7904201773674957,5250.6768814011,0.6053350704632533,0.12295079954024671,0.6346528330341737,131878.33560625574,1,0.6239064277353626,-0.8790639905529722,1
0.6244519161317488,8254.400759538947,0.07802911200514351,0.3995460288401007,0.15078422935405744,164932.0006519496,4,0.8687601335976591,-0.1149773457243699,0
0.9379406209302126,1989.384791031493,0.8462586121909482,0.3487696167239302,0.9631448446082193,117974.30070026578,3,0.7536095736759746,0.3815973078942343,1
0.7423146989988673,9783.888254773145,0.5980649334297752,0.08755602839483287,0.7032851897673639,56846.46287484527,2,0.8720670720409658,0.3025449580084181,0
0.8447804853313047,1167.0512671768988,0.8698595487071684,0.08225334452780829,0.7563218874224475,24112.709293655607,3,0.8620170040395275,0.6198002623575432,1
0.7045311866973883,5573.084642534789,0.8676355782278685,0.2917356535326866,0.679268442467408,83454.40394492238,3,0.7123342957931443,-0.46078810934040226,1
0.41466439687559,9202.242433843507,0.545918690375031,0.12699876330538667,0.09755956992356729,130674.42612566474,1,0.833400985561152,-0.5320936407290953,0
0.7319766036892477,9484.09190638399,0.9107814573114379,0.1633235526137408,0.4652998194550749,57923.23812515603,1,0.9754965351979036,0.6548889911171674,0
0.8450688876937502,2705.035147357872,0.848407798813456,0.2275973550026398,0.6514152429123855,30413.48367320262,4,0.5906490379940994,0.6514266774470332,1
0.8390465348162455,1867.857321540682,0.958122944561771,0.16916231401891207,0.22935587308495942,179786.20977955632,3,0.5234791782259415,-0.5023441104848825,1
0.8947964175271828,7381.828503019964,0.8504983985594063,0.05656353129419292,0.6795021069094571,81208.64209437818,4,0.43026322074693824,-0.11945931771732754,0
0.544620065312997,898.7488986242524,0.8212038510011495,0.2576775788598538,0.8198854752386784,46773.514550841406,3,0.5652747330813562,-0.09665379884007774,1
0.7041611024160652,5109.770205787986,0.4693604806769115,0.4867987753693984,0.2749299794182951,37974.50959433011,1,0.8803115485072572,0.026540541089916436,1
0.9891155958721223,8065.374654535229,0.21203106037792774,0.3173423583278577,0.1996033002657578,156673.004582917,2,0.8941031623799878,0.6728383315876378,0
0.6542228634125528,5822.419882909922,0.9107087330754859,0.2846401444253653,0.8831599779348891,149332.65930450833,4,0.895558318540844,0.2067735699464115,1
0.7963445019562121,2286.1260248530475,0.7225491864460757,0.2995783370040067,0.005194492764567182,114264.50014066776,4,0.8721736853133568,0.03642260175529888,1
0.9248699265657997,5126.92084496465,0.28174786419852027,0.5267442419912692,0.2557470484099287,103021.53688344169,5,0.8804953701122411,-0.4210301562721457,0
0.8654889701713397,9252.109806264483,0.3409957227556425,0.17775827772552852,0.40673039814591616,171744.63081401805,5,0.9373963734033611,-0.9191873153770163,0
0.6796729095491991,6363.523291420629,0.6860785118572206,0.5031578043850065,0.6722597187868979,48805.49597081502,2,0.8103866615960522,0.836223627043676,0
0.5954913745100449,7354.160961905688,0.47781730835367087,0.4707133444075494,0.9970634944596719,80616.91131408086,5,0.5903508158920807,0.43241446986872045,0
0.7841125305256198,3694.5068567938915,0.08148256184636826,0.14801804570333138,0.37081839490267576,14193.050309638958,2,0.5964786309210305,-0.8511914516702594,1
0.7242376786727495,2290.595864092368,0.141447945745657,0.1760329724006675,0.9488087260395193,81160.26041826997,3,0.6785278133625892,-0.4049089791274034,1
0.6219179397444883,2928.6011840462343,0.7456486835123112,0.2312428573852534,0.36677428215822583,75316.80843921768,5,0.3323896134884446,0.2940802093262118,1
0.4682791365787644,5565.187140722802,0.32856952848183085,0.47875076816510354,0.695529256684021,171413.85069631838,5,0.6952617753665801,-0.5817588912776597,0
0.7847041411738748,3162.0914593016855,0.5076494284020392,0.3611413025704908,0.16536701732446069,70899.51404126966,4,0.5874605900007279,-0.7898269937862228,1
0.8363923092359502,5648.66548054796,0.7666214782535258,0.22359595825640668,0.46040785858475486,151914.1740890031,2,0.8789761194233179,0.10064094941065238,1
0.5475992345775285,7224.0233100736805,0.7511755937060525,0.28892898795068733,0.8712735186392602,140320.92211750144,4,0.6974473479020189,-0.34191495014899753,0
0.8628973573045772,7476.760823617864,0.16701502688727388,0.22327902313423367,0.3199943800738092,35036.24849710771,5,0.6866568302847598,0.6554798686766261,0
0.8444983396050865,2064.5069267803874,0.0983938643990353,0.47832304517677243,0.1052025986807329,173661.92789390034,3,0.9110960417583776,0.9014290000231038,1
0.8824773961094537,7629.0930639216995,0.59115229296509,0.3801580715723269,0.5227133358625299,117264.17752933278,1,0.8438854680850746,0.17532358724661745,0
0.6151724241778622,6890.537326127411,0.7416328739312396,0.27999704554672733,0.4395346862840107,111413.58964066062,2,0.9106161130665975,0.4257916445535963,1
0.659824194088964,614.0487670027135,0.14903992199541038,0.1517265762405899,0.2295396301195164,11989.925495741962,2,0.4674570493980765,0.9668575821743599,1
0.8285600496185026,1059.285663352633,0.3719552873272748,0.5364238899759138,0.905615226147165,128865.83491939963,3,0.7381428360752287,-0.5480940240824628,0
0.9562675532068892,6639.370267673613,0.8702779959676407,0.35970698162258835,0.6016867381802531,19456.906953424652,3,0.39574183421316356,0.8097252708140186,1
0.6832149881870747,4145.187045855242,0.944223141560321,0.28758136109453236,0.3471736218332727,41514.7380145264,2,0.6510990392466918,0.1186823142782576,1
0.8237678613129152,1887.987995968826,0.4540697609496843,0.22565735263244077,0.9961312390539405,26765.567039831658,2,0.9909936351643126,-0.6247197400716507,1
0.9312300700171735,921.7673121115159,0.07951593403083301,0.2851438403308012,0.13756620327569347,74295.00691822972,3,0.5460829974479204,-0.4216627332365912,1
0.8990909884182327,2014.2842363880932,0.25769645620237736,0.3939335269445863,0.8479515125836945,145270.95536258759,3,0.7780171805917312,0.3761630389602346,1
0.40324929113553737,9596.382661055359,0.23296992031553299,0.2804889136236054,0.23062493578382504,130254.86282450265,3,0.9571153075498794,0.8439482077067926,0
0.5621838563039555,7411.873594924212,0.23896372054105697,0.1489942815979033,0.23950685790296178,28138.17436232567,5,0.581702463779204,-0.7620585505662474,0
0.5634503632153546,5513.201498875792,0.49388170537925,0.055728847862344257,0.4981621982405471,145738.40277325976,2,0.4748563283690078,0.27850963487720004,0
0.2677285498815507,9444.634750518622,0.5832256516915711,0.20156266685370589,0.661941969817519,88344.01388612215,2,0.9255983693405222,-0.2462243531923869,0
0.7550183523201778,6381.549157975237,0.12250958867993533,0.5813069347943811,0.6904630975119893,15547.232240968184,3,0.8579146663722411,-0.35660738604966746,0
0.5922183790323937,7393.629288666339,0.8893560065283344,0.20405765483854366,0.022127636102699078,48050.49824475068,4,0.7211735418246226,-0.639914204674912,0
0.8547774160985631,3185.1922758057844,0.6199738232811148,0.03739124885429869,0.2868579531975072,143481.53975452617,1,0.48371358223934197,0.7763188556225937,1
0.7639543630880336,6095.32751409736,0.5972517302680054,0.42081105231139704,0.6606040752735673,134660.95561693073,2,0.7462131739368024,-0.27148920550886646,1
0.4269361161278025,1863.0338208294825,0.9872789983842841,0.4576167897658524,0.8897347936877923,42019.690934801765,5,0.6699516778882681,-0.1134268352047001,0
0.9615872687922762,4342.589879378866,0.6281439774931253,0.15895136594115228,0.6698908884063026,16459.841029213152,1,0.6498473972190016,-0.5852421912152668,1
0.7967464657856421,815.7830873727961,0.928959149301185,0.36351378083202107,0.26588131475356913,60184.330477601594,4,0.5213980180719002,0.21568695457473863,1
0.37032577557319296,2557.9668320354644,0.28625697235979175,0.35384383969497857,0.5077727489877176,145137.57252334847,5,0.57917365732931,-0.11960243095091516,1
0.8590725256429912,1211.2519795154096,0.24012949034649755,0.11759616210988992,0.6475764187454032,169526.38194404298,3,0.6647665932647372,-0.6139958675769923,1
0.952918425153168,4183.898785318698,0.5165186868244531,0.14144725912473471,0.13533935089702465,107390.5579378545,4,0.9345567378062976,-0.3790363338511631,1
0.7418085332260951,8508.834064065657,0.5086089476366661,0.41502955037642847,0.5449069032673095,25487.655344812738,3,0.5329904730745116,-0.21766596052077292,0
0.5263169406388368,4090.3740102780043,0.22648364948389688,0.2316558334777693,0.47166622805266134,95354.6463807886,5,0.7378100775571962,-0.846040877414669,1
0.9297582673168584,8400.576446949111,0.6996556568999477,0.4986927598056901,0.3366480347413471,179794.5332721731,5,0.23365784405355625,-0.8962778338765294,0
0.5386353470631746,6736.73396949943,0.029633819236693282,0.2602159286820244,0.6235376682587858,169573.73212350297,3,0.7630285755218656,0.9849725320621912,1
0.7577671603111051,5340.529742992864,0.6906304725494526,0.500587097793118,0.6362162930304626,178845.87066326442,1,0.7918065078463112,0.8554259530332873,1
0.6120199485012993,2750.47108598264,0.4571778861233001,0.2516611068314777,0.9714699060403114,128900.5008220962,2,0.5909646082680794,0.18631146469186688,1
0.6055060506935382,9260.482882019447,0.689007510845079,0.42609192410013536,0.42830519741289597,82435.05598054481,2,0.9269127728732429,-0.5104522185154272,1
0.8151816968182503,1014.9076839993161,0.47708063064151895,0.2600244669526105,0.5312671554836946,161832.02521605423,5,0.6132371551138349,-0.5351744164619636,1
0.9258920706073367,7044.673668138746,0.977333782884695,0.35393589927460006,0.15750258097065895,162180.67871759812,4,0.5846474578491051,-0.11895043496822466,0
0.9325714753002999,6401.7789816890045,0.3346849511031178,0.09510833478417012,0.5483623388757913,34542.02161613544,3,0.7505440556338461,-0.22768876258925497,1
0.7630883170228223,4689.894461437005,0.9825729370023882,0.19672171201601693,0.036085949174874954,141815.59565797658,4,0.6997504415435531,0.46605933643483666,1
0.7334670980942029,2783.0490752797505,0.06497394247897537,0.2396294428301413,0.14987757445686611,166282.61830705593,3,0.541839277758132,-0.1857813506487085,1
0.8392495326784146,4591.611400030035,0.6837607747575566,0.19209746831594135,0.17124680349508048,162748.34506939474,4,0.9025644746245014,0.9107479563168268,1
0.687637905351537,8791.340892757496,0.4542192067849121,0.2608121139458617,0.6326391175044026,130161.71496227314,3,0.9662088241729563,-0.49417996854410284,0
0.7345504775269267,8449.278047422064,0.8221376255297003,0.4698519863798365,0.5672946407340433,101350.9170170644,5,0.7576782227360204,-0.9467116812803493,0
0.5494657588037137,9443.121874781778,0.789616069716998,0.01635209674576503,0.7980369569444418,142047.37493459295,1,0.5598842751541644,0.20661140807657996,0
0.8249591513691958,3424.035462939856,0.8002101828759374,0.09332777828279575,0.4643994318717968,97746.49303693183,2,0.7034942452587456,0.9758670586603311,1
0.8746063364819545,4177.489504504292,0.09473859930251971,0.3923042267032962,0.47485623686661127,64609.791800805004,4,0.9311712381169377,0.702829056689374,1
0.8134020783227988,677.8984502687016,0.8223656998612947,0.15704333546814586,0.16155603212455139,54019.54393124417,2,0.37101098210164474,-0.9895731850879936,2
0.5855789325958153,9458.024949840077,0.21404015744376093,0.5754026294906393,0.7427014297298196,101911.72819242514,4,0.5431043072988211,0.150410091040317,0
0.5214451399608963,3629.205872264054,0.02568026385903477,0.36511470359843745,0.0036529256519354236,87512.32968737566,5,0.5663857381537363,-0.09241545201085888,1
0.8591093426508065,4339.556304563435,0.21773871968441139,0.031231878810483796,0.42489087314634966,99164.19556575156,5,0.8523019987891635,0.5367320249871284,0
0.6117117872760236,9124.143808750248,0.47928510469983276,0.09003391050869321,0.188325091136336,54318.47445132894,4,0.5879639244630718,-0.49455828257020706,0
0.8412853041316073,5502.6850865847255,0.7421113599114321,0.2955859118848326,0.7710099245419837,110399.13065103281,4,0.9125872073449228,-0.5125122608114647,1
0.8308404573838714,5878.658146677041,0.2186324808328537,0.47894717509944695,0.673391360687125,122552.6513585583,4,0.8884794095632146,-0.36658454952380537,1
0.6597585803055712,2174.21196243371,0.11300754809027136,0.1885441958941398,0.7067687098370855,147164.31192602045,5,0.8993637539867193,-0.5076747840144971,1
0.8492846277332905,5237.270197777218,0.6459672550239423,0.1694367964872321,0.14857788569647046,110297.86185269865,1,0.8242316674781586,-0.9561244253839594,1
0.9404371388588685,9222.981708633355,0.9838980363600176,0.12543996599464613,0.6688140736603108,138532.03640239142,1,0.8373314726833039,0.25638180893560025,0
0.8396293072793656,5807.821837025297,0.6008703020856181,0.6152587279825971,0.6908937098203936,38795.50541434462,4,0.8194852938711485,0.22550555054511467,0
0.8780285183247641,2923.6054640777015,0.6910573641234218,0.38068395920433473,0.0026370847033859723,30580.65810962781,3,0.9125768452384729,0.7035681101557265,1
0.7759153515320787,796.218209280247,0.56116744374642,0.26874876422806443,0.3176008591114934,40538.985368561094,1,0.7240094552996259,0.39549376345356824,1
0.8226509217255361,3694.8668478136456,0.7823484442285039,0.08434449499109208,0.08728818124243176,153865.07070899906,5,0.9642145109808834,0.2817366230721343,1
0.9422605454092208,5939.6136836123505,0.9758044202094448,0.06131666732084539,0.6813942324114902,104545.48060932811,5,0.9047226932730027,-0.5358129550165587,0
0.6678768406410323,904.8262395228861,0.5441292294041848,0.1848186428846542,0.21210866980743492,87403.5893600437,5,0.8292714642446375,0.480261172148732,1
0.8103003754979649,6293.029484265984,0.41679051174272586,0.2505022427869549,0.26465931522932173,139567.10204262094,2,0.8260722788928917,0.7107566403829844,1
0.7695650128228003,5472.431357622071,0.8603430611601265,0.14940231237866214,0.07832907547015056,31093.24563961878,2,0.8328121322249461,-0.11218550806300853,1
0.6465538463306828,7942.636957082424,0.9697283437599901,0.21594605852412302,0.4838066652719982,11055.353834079822,5,0.8149794865900855,0.0810101447407725,0
0.5135661350409904,774.4376365836374,0.12918164086956796,0.26787588278282937,0.03303280949238174,62864.01767849018,1,0.8160873017383666,0.5686732467620481,0
0.5700278126084074,7918.049775778006,0.5781709654738779,0.1415870035548609,0.8455922128750106,52312.03678851554,2,0.7485772707941595,-0.06875748201259535,0
0.6885377637375679,5448.331934702015,0.7924599925459974,0.09219838252173132,0.026366040016279957,62246.241060594795,3,0.8002840880430422,0.333028123623736,1
0.8977156725415086,4020.028661407259,0.5333394051563908,0.221430652382067,0.061639694181784166,175506.78901150572,4,0.7314915512438307,-0.5703511842320015,1
0.5963129565689839,9671.138275408828,0.4091969681929487,0.4118415407402414,0.6404066332174871,106516.77627533594,2,0.4173606102340939,0.1685055521593224,0
0.6274486491907577,2021.1356987425038,0.6552298211354206,0.08082861634825618,0.9169335230254371,110149.02379276806,2,0.5710350352175702,-0.9256445461349057,1
0.644253647843025,5642.588631365512,0.2701280945133483,0.1802395439296081,0.8921211346441967,121463.7789253642,1,0.9161201137674008,-0.5820564724558237,1
0.8090839790624643,3549.323999128545,0.3491337429383694,0.20426305556051796,0.08363051101386232,77613.32913486869,1,0.7431785716403182,0.8417459164520245,1
0.937591062910753,5511.12059855569,0.9922766588813446,0.32942487406964777,0.28844672163905627,176425.90579136665,3,0.8965726177123826,0.1904353720680958,1
0.36888646502564715,5746.616799513915,0.6364653343744954,0.22479604492294844,0.5210368568622786,175454.44162879325,3,0.8894463461443821,-0.08898334318078716,0
0.901448580828118,1349.758360036035,0.8729272983110746,0.18846203899902508,0.026623738696466503,140771.70317688104,3,0.5897234417875881,0.04394473070272298,1
0.7710312946814222,6780.783895724322,0.8077685130371435,0.13027451912900423,0.5286426155484825,45987.66855390547,3,0.6747261284292876,-0.9999413000641548,1
0.8394583167794465,6527.5742112306125,0.6522725543940241,0.24826979154326526,0.44776564084395687,159633.46096895804,2,0.639392134743911,-0.0808011306897436,1
0.8537961451347907,7809.9391090274075,0.8407290824587732,0.4508125809289998,0.5884109955595209,27156.38020661975,3,0.7410601865034332,-0.7120350316008506,0
0.8464927838368164,1361.2556897621246,0.28715849543357097,0.37717874594235634,0.9203148835436031,117082.12033837633,3,0.8523592469046243,0.7162660276690154,1
0.37491196852524433,3323.956195585034,0.6371164488122983,0.13513546079179065,0.2746193057114631,87726.57406534196,5,0.8945151200083176,-0.17295155611308788,0
0.662932193840524,6676.050697416962,0.5906034895239809,0.06410249931322218,0.6390965435185888,16666.66442025686,2,0.6926247480865365,-0.5359822355346395,1
0.7177143610753741,1798.9428461982804,0.6224196007933448,0.40439299290516245,0.4298323359730952,163664.19173991258,2,0.3746897774861801,0.023698628258557397,1
0.37225073323254393,6937.183002490202,0.16863192714677522,0.06774660518228551,0.435128724321577,173385.78356868232,2,0.4788237197670948,-0.2685641176385756,0
0.3245879331524124,1060.7537527940185,0.27724303999806843,0.31007959892305537,0.6472714022593479,164257.07097815798,4,0.6896163128300249,-0.07991123909942299,0
0.8317848583685008,3681.8497531164635,0.2866583187925391,0.03247456170368665,0.9513363951802348,42719.35572054723,3,0.691096252866093,0.45150200235192917,1
0.5499010606353568,8543.755662158932,0.6019461625727632,0.5745870352058541,0.863031505665838,66606.92321645966,3,0.9404057405961044,0.018457964250928827,0
0.7096147113052437,7855.767258621022,0.9725468804397861,0.04366884508491915,0.6395224454791683,172474.6004655787,3,0.898930748158209,0.8299078957941015,0
0.7302042029410365,6625.226794657335,0.9540675511821481,0.36464546099127826,0.461538088945903,28092.070494804713,1,0.41406677802478886,-0.48634848863787283,1
0.7781810016484701,8769.354957938462,0.22718955298969656,0.4186184066335584,0.42399210091182715,109161.80639863739,1,0.8526585362557594,-0.3478707997956514,0
0.9645597561576866,7238.060669635905,0.3048452430667725,0.10695828497715071,0.7871329109605402,92538.82255426137,1,0.8798727639849641,0.5550915530491116,0
0.6502063605834428,5434.0634995026285,0.03606189227916712,0.16830111666608655,0.21822068374341153,35822.76716853697,4,0.840856127932546,0.5667760325645499,1
0.8447068938134425,9807.316253664972,0.39881558985939414,0.3288437131219118,0.5876665441624591,160718.17377250924,3,0.7497120439353161,0.9531860717385723,0
0.9056529422487953,7101.132757998535,0.8346741216803636,0.3621634353437175,0.5049537682364711,32806.25305743074,2,0.8902465490352978,0.25678545802004527,1
0.6407982656580237,6212.988179723529,0.91575173898614,0.10351392954092123,0.6493535607005073,110760.1833393255,2,0.4689061333641938,0.1476673172227818,1
0.9175847744654407,4384.270329058864,0.23649647956794362,0.1385641821185845,0.18742102784980164,64090.74999831693,5,0.8181694892983762,0.17769577844826467,1
0.7646947575065356,9072.918736500978,0.2657944734888392,0.521784219531419,0.6957572238045302,81056.79383008089,1,0.9542538353806654,-0.27735404373164707,0
0.5930915538266885,3309.236408247432,0.22084981650875368,0.12932645213924063,0.6269997942038847,45931.13441893848,4,0.8446743962863006,-0.23008244016239798,1
0.8985588974353955,587.5861450035754,0.3501035675745787,0.1625778605433062,0.1801461214696266,116193.74111779818,5,0.8790305865904285,-0.440292816581104,2
0.5360935520399887,2369.0349631074196,0.8047593985905447,0.23989248722948917,0.44962168929102897,178075.17243736202,4,0.66017095856026,0.19376324175460402,1
0.4759462984314643,1540.416173452412,0.6468574698844601,0.11226253868103266,0.6786193548433423,151702.32660462122,2,0.7275889717143382,0.6804828612110025,0
0.5373954111589904,3530.4408546441846,0.7859409178637,0.12812635144906268,0.9016042694423964,126144.99561802186,3,0.7173485041103683,0.2669702642202032,0
0.8033027064272671,8345.847435855321,0.5830311063353062,0.33235308941446273,0.12209962821129039,138584.81770866434,2,0.5398444261650505,-0.05483638819032288,0
0.8058579609562168,6689.53201096757,0.2577330780591468,0.12206552978778347,0.008739418248606023,152678.7353032702,2,0.5322614143411023,-0.8727420603238811,1
0.668642375203223,2105.3155977202687,0.22799418021254414,0.2194602193972156,0.16515415807516776,90333.00616049882,1,0.7405052053318479,-0.5046838449674762,0
0.8425480202339696,7993.8063503772155,0.009000705863749792,0.2725352504755689,0.9892737345188167,106397.51498194701,2,0.36808733645155656,0.6900308682362981,0
0.50214904718994,5290.088727944326,0.7809821368740725,0.3375024514275242,0.7683702576118145,162232.06840421635,4,0.8575354639936397,-0.20757871822496932,1
0.800236323721515,5370.788929123821,0.8471212261647177,0.054453872119168016,0.6143690188443527,128311.04679707783,3,0.936318656248598,0.7711311330753399,1
0.623955531897741,3940.065719318296,0.7682825996284163,0.4101125820844584,0.13301306714937589,33123.94491593445,1,0.6457882065778617,-0.5145884401359111,1
0.6695783984756024,8713.855465809222,0.07440205772849073,0.46095298688524033,0.4160458492614759,142521.07928979688,5,0.4958163146552493,0.15144291884729966,0
0.6301061633551286,3524.1093866300303,0.762221627169866,0.3333172756206021,0.7152388681467186,13860.073870767423,2,0.5497613806450367,0.9274763818869958,1
0.7270969953370017,1394.327726362042,0.04576745315026931,0.5666947817757553,0.8958841622363782,154079.58885964847,1,0.8774760279124879,0.11369936711908801,0
0.8010048828828837,3375.925442733478,0.10559306570639115,0.18900037840207182,0.3818232547592416,144010.88478834403,1,0.7001861566388098,-0.5821572848544394,1
0.14931379997677227,7295.858689544914,0.44047537293266725,0.08206333580864096,0.9996898773860396,151226.81753600042,1,0.6546027778225983,-0.5409053288531571,0
0.7869222642086965,6747.027924631624,0.4761470089248401,0.4108292525569037,0.13973641232889045,14010.732825094101,4,0.9749098856345801,-0.684626492541095,1
0.8870829942769735,2286.1629587589896,0.8161186366186963,0.09831961077711593,0.38693592101789487,175316.30180079772,5,0.8624251393199871,-0.9575408100596181,2
0.850772968485821,1561.9508414969494,0.6795268920409105,0.0859832504086749,0.8753974588663038,114402.44471463744,1,0.7595749352831891,0.3848538453211039,2
0.7279210792838609,6778.22470481659,0.15332017863121628,0.23960024819667064,0.6499156094483276,146008.22684122954,4,0.8517943368861854,0.5661685937056853,1
0.6879518088625616,6925.579938721667,0.22614678322880133,0.052514739950718294,0.8109194930073628,106315.04757307692,5,0.4931878013270143,0.6405146763656495,1
0.9338388895083226,3978.421553500422,0.28567518825868676,0.19880172710440835,0.9077991387728838,67757.38374971137,3,0.8883623349315835,-0.8525530968803665,1
0.7348136786122662,8506.613143526258,0.12367263745485835,0.2342196260523338,0.5073163955066892,60345.22245350027,4,0.30341892998696995,0.8845308582964897,0
0.7744482077029048,9792.94943609921,0.2876448863592307,0.3440906989455592,0.23474715088704323,21888.77277768094,1,0.6386500866762655,0.23693353762083058,0
0.546083430516226,2453.6296227692565,0.7285981555397331,0.5033980889995375,0.6937069050624437,102227.54035593643,2,0.7303593768288642,-0.8233038520847331,0
0.8733794385176413,5982.15279920727,0.24140147010728297,0.4354994165164014,0.5634796847093573,34410.15638564195,4,0.8255167794982943,-0.8302241192438096,1
0.7611863158141116,550.7901255374221,0.8353596470603865,0.11773913190232656,0.7726492047567128,106477.95538361247,3,0.7129640504146068,0.019601662262326514,1
0.46542332788866025,7274.01676224973,0.46951699512520784,0.1320811308458356,0.5117137545627662,116235.757731374,5,0.98534802206244,-0.5114119037823674,0
0.8965125396268457,4435.680078851519,0.32293576124438883,0.22177041332235395,0.811111368211255,85153.71865470914,3,0.6915057282858789,-0.5218120685126013,1
0.9060364401136314,2336.0576555800662,0.41241810454887307,0.19949491075451867,0.9020174759625975,36575.22285342771,5,0.7356076416783197,-0.9764653349106251,2
0.7582218209382444,7646.108256761574,0.7094967405934914,0.31698316276122723,0.7495830266523974,83560.25403891024,4,0.3735475364150409,-0.03531276953481988,0
0.5339256675134247,8201.163576782767,0.5167927032459902,0.15867099844643912,0.7436551538926042,159374.23562198307,5,0.732568754780893,-0.8268140659182921,0
0.8879810396799304,1556.0817611714042,0.007278663975058053,0.3897400069905484,0.5871893412409877,87868.12476076209,1,0.8819338180084082,-0.8464744570335572,1
0.8604989767558151,889.4597374613229,0.922323846585075,0.23767641743196263,0.4716420121160376,68264.00788443352,4,0.5910315649818413,-0.6827066427400277,1
0.3725788304042924,3673.745195856614,0.06599600300185171,0.3283446308142146,0.9725876568098888,117059.87290730857,2,0.9237747366138029,-0.9786836704035324,0
0.7667078241710329,6446.909424729838,0.9386213488143857,0.4287581333489519,0.6451125321172891,115206.58518771979,3,0.9264416958443318,-0.7929994450031317,2
0.554411094855405,8037.485508292014,0.028152823620054668,0.2821401653570484,0.8403565022253621,25404.80467868036,3,0.5655487936065404,0.1886849052433559,0
0.9169757012599014,5687.593717989348,0.7709793349574484,0.29455582622201965,0.5054090285435765,50203.39663088894,4,0.8440031524003367,-0.4865974543939091,1
0.6268080552346381,6017.113374916316,0.5346747081832882,0.4632122424095992,0.5548578579442208,94048.79854310009,2,0.7988196535984274,-0.8623563407378301,1
0.6464585807464202,8098.653106652466,0.505726180604106,0.506336648801711,0.6628890236121588,72276.28237456363,4,0.3882995493222753,-0.7290329661555552,0
0.35534397049880156,5524.012055078214,0.07277850254400453,0.14525202802546305,0.7285523686503388,64392.67496525763,1,0.7006685071952736,-0.9137149733523457,0
0.7296838137567361,6305.967657149855,0.23874501033791629,0.35112092114029453,0.44835574153663094,85771.33008321075,1,0.874193553058467,0.5539159778699188,1
0.8436811766478244,5404.064729777313,0.777547317065192,0.3606232071766551,0.35631492833336575,59353.39554216469,2,0.7755365007625953,0.12297523366038132,1
0.8378900806868712,8864.353216993188,0.8912598299224941,0.34174903588252215,0.2394199224633483,69070.18970673745,4,0.7258289913273938,-0.05173249378889544,0
0.5021677904194324,2737.4078765583445,0.5291186810529795,0.7882099379653823,0.4236454228552198,141517.06481001995,2,0.6683108132486426,0.746538650444627,0
0.4605326612078826,3007.939053134839,0.3533433963625954,0.17835059031979578,0.21123791055727636,96739.26831376468,2,0.711372290549782,-0.840692653084314,0
0.724728696754458,1715.6338852173446,0.05994320806421083,0.3307828706037242,0.4167616457785178,158385.5020449961,1,0.7156870572744529,-0.9256626462439084,1
0.8673428631771237,8284.934139197007,0.6821785260663404,0.07674991455569444,0.8746594728255118,171255.2437099833,1,0.9076293431731098,-0.1518158331742152,0
0.7967339735053641,4411.884260342395,0.2784466106862826,0.23705882245787246,0.9770701815888136,166753.14119090044,2,0.6176105213432463,-0.4719615742947987,1
0.6451672865045953,3804.992438371816,0.0550137149921468,0.19071118074342383,0.5771019706415461,53130.8857499334,2,0.5268500403353897,-0.04836381438065418,1
0.8332887348078633,9822.812812327984,0.6658517290986221,0.07937771300822531,0.14600538027880539,90390.60806886434,5,0.309741404174299,0.8068594575661288,0
0.6909265134035827,9304.631981177961,0.4857197935337584,0.0758957236480934,0.4275555810641559,100958.87109557218,1,0.6817374644798706,-0.10748272840826867,0
0.8191188651937823,9733.882980185233,0.011962149701723934,0.5501785401349928,0.6020765106375667,154872.42829970788,2,0.48140548378947473,-0.6576025325445263,0
0.35043696856924994,1851.840469207582,0.11092403910634707,0.375737750528425,0.37077175493803927,105033.51368758956,5,0.9055939531835006,0.5956652874441761,0
0.9238447113791296,8966.89222490758,0.6992019292459442,0.07188342829523796,0.2051561737274875,52961.63339721323,2,0.6937489286907481,-0.2224158345570213,0
0.6856849837021844,3622.741194180789,0.06367133306578854,0.14161561125293676,0.22682427064715838,103081.64934934405,5,0.649223115112019,0.5100914959436991,1
0.8585510282939357,620.2393170126938,0.8659630648429902,0.2701280503471899,0.4739288890145288,17528.364021392754,2,0.8293584717390659,-0.7172166058905105,2
0.8354249595604051,4217.3341918391525,0.3113262774199327,0.15830604142480503,0.2164286958732723,151803.3529812226,4,0.9689015346615163,-0.32568679552827584,2
0.625263746197769,5337.365354811567,0.08866647043642462,0.3041648894755836,0.24952269184183729,106219.89366010512,1,0.9187520701657003,-0.9547905548560609,1
0.76241623265637,1528.0940238903509,0.7597573781680654,0.2761974516126488,0.8730841830021864,120791.92561762908,2,0.6047981235090143,-0.5291341696290697,1
0.9641330901774342,5607.937360305435,0.5244272344530237,0.13656326523009737,0.7790603185665496,44159.65209121557,3,0.5432982905946605,0.29402900838429136,1
0.7302245969374033,8284.90404967895,0.3066400323792976,0.1695356019147143,0.055312982938919175,104882.86106346197,3,0.8269331798819289,-0.4137104636416473,0
0.7205695759189176,4087.6840329723427,0.40609834166926795,0.07279026111098674,0.32017673005786307,100208.27135857106,5,0.8945730350422154,-0.7215820639279495,1
0.9100009446054702,3850.125662075871,0.021412395604825885,0.41151549046607183,0.5319331521089473,115337.2610336046,1,0.8864530894764443,-0.8875209324056261,1
0.7951469998282857,3718.6989921914355,0.662698537539429,0.503808226294249,0.06060863952195539,154061.40871553583,5,0.7838220692545522,0.20551024144319108,0
0.7322376601781833,9269.397235895074,0.36577368896344453,0.0650030090157918,0.6831712629262854,139971.53829776117,1,0.572599303783104,-0.8458178775894021,0
0.6490610018483675,963.2019385068915,0.7140375697281297,0.07378253477597639,0.3844451480432639,102968.64954127946,3,0.7291138643109488,0.5975996562066366,1
0.8240501102040354,4728.223348933076,0.6281711459525472,0.3144661165430185,0.3971784808104989,161878.52484758032,3,0.6116376164765811,-0.2856361018225022,1
0.6554428447104633,3013.69481442231,0.6512541859097379,0.5990756506911853,0.2653273666066541,70931.11919566359,5,0.8092096905081336,-0.3901113976153059,0
0.931176038629163,8991.166741181196,0.7928927110044324,0.2227246423666195,0.3339289938012805,93733.63941252862,4,0.512909822403117,0.24959240852758735,0
0.6949755553863963,1412.4965040461373,0.631158078376251,0.10828470371249056,0.8616898971813266,120403.78062075133,3,0.6683396845593775,0.11323751500787504,1
0.6130499685218207,4408.706283463903,0.41872592924189245,0.33875741833304485,0.7886029753914975,84930.33724357431,1,0.6998305787510287,0.9751763886623221,0
0.854365040287528,4364.753444295314,0.3899275617346356,0.6755724762181035,0.9357718962016985,71441.0963317982,2,0.7555894097674597,-0.8975253036189856,0
0.8786650499829445,8939.746966696715,0.11958210676485581,0.40588659546647365,0.6989973812352522,29107.022788328442,2,0.5778257467152434,0.7027398349019762,0
0.8562989037194385,2547.18772788921,0.7794434131562418,0.23130930707982658,0.5778717626742365,118102.91121890425,2,0.6501548507174556,0.1989442795800238,1
0.3687220286027963,6626.506397865306,0.7611084417546218,0.32198812730323867,0.2592562866125554,42743.08210256959,3,0.7124623477128736,0.7652391208625169,0
0.4275194544176845,1776.8582054339963,0.24629836708552344,0.11351377112374102,0.6668553204824734,33503.345968471884,4,0.6296950459754977,0.38782468295172845,0
0.9282483616632695,9562.769283765156,0.8626819126981446,0.3322885574564519,0.9061580883777018,40965.991704531596,3,0.9078880693840168,0.524699406544233,0
0.8308090954463228,6133.642113086716,0.5890032577906282,0.2552907038670161,0.06916559756443375,127041.68447392475,1,0.9276523776001018,0.5733989193931854,1
0.6484040480079164,6449.438938046368,0.47868684239456727,0.38045786923256175,0.44307023138792023,33521.06968083173,3,0.59194733764716,-0.9696903717508194,1
0.9085064864363763,4620.847315774486,0.01749630162549587,0.38120594118613965,0.14936071295560271,175960.1220078938,3,0.7184304180508047,0.6765800737276675,1
0.5501948273055554,3751.6857703300616,0.38274118586431627,0.39146650046323384,0.8106164810003058,138952.03398768016,3,0.5084698060894105,0.3587466863704418,1
0.6630322183566459,2520.426080201325,0.640670768235663,0.331755918943507,0.6140982426652944,76764.90033967917,3,0.91724060252447,0.8947667300053785,1
0.8860599065982202,6237.883661406459,0.08974783768838346,0.5519300505438463,0.8796493170190192,110858.06785308741,1,0.9378439058196709,-0.7336155622862621,1
0.7164935603302023,9568.336580808262,0.45956730888754826,0.525256742414183,0.06310012251665764,11296.529327895476,3,0.57167649965565,0.8431504391491071,0
0.8072515857401887,3918.014063877829,0.9934359513615961,0.18687961466972938,0.905730679114099,153570.42915892595,4,0.9284425710144534,0.7089546051336615,1
0.8613136785150682,8889.990442289514,0.7165386372090675,0.12696542958713508,0.06719661851978043,56105.96673507801,5,0.8218728549933434,-0.5473346329620072,0
0.49755671238299537,1913.374972048872,0.5468708875016044,0.31500196909244416,0.28760580084445564,22220.229825906805,1,0.6548524457582873,-0.7518597722294535,1
0.8926917774525294,9393.197198377107,0.5330328849390766,0.28952243382920706,0.15616574713000375,138880.21308819542,4,0.8425427177058924,0.2572225758483715,0
0.6963215790700307,3829.6196970317274,0.04376508225819442,0.5651124847229994,0.14538566408763187,66028.88264959835,2,0.7883681524930299,0.3519132593692147,1
0.6066306025184262,4107.408510136784,0.9573144374079361,0.3484371831360974,0.17166989797900467,106481.99689454293,2,0.8725941407242181,0.4218359516333605,1
0.7468348999160732,4897.001441826118,0.928177660285043,0.3920727920443551,0.480217871770544,153485.36338132393,1,0.5753093405908476,0.6911114285833666,1
0.7224734867736148,7323.320564502677,0.6824047106754465,0.3776034805297753,0.7843622877984587,141908.33131210564,5,0.7396734746004939,0.11341409491182897,0
0.7243949459280227,7336.707620045835,0.09901164968154996,0.5860085041550233,0.8982772750471963,67262.25470236111,3,0.8559794603118162,-0.432082175822067,0
0.7986970244293551,5056.09155483682,0.2078338967494382,0.016701283141615234,0.5668773584480813,157678.41971002184,1,0.897443793128955,0.7141311175676552,1
0.6986513835913538,5469.952543482392,0.18390953587558523,0.04025612491372547,0.15775155727412182,76104.4854638452,3,0.7472774116020999,-0.13321605426917205,1
0.6265221861434167,785.0996338543412,0.5195784851012188,0.289223442907842,0.0791906725341851,95004.04972115811,3,0.716146985214978,-0.13077771068811384,1
0.6110497178901741,3390.8186648040937,0.20780387450198556,0.037957745731077734,0.49412961957826596,114117.97392531317,2,0.6656331287937446,-0.015033929642352728,1
0.8943521647249918,3787.16220519079,0.6958005615441982,0.38674764228848385,0.7653802348170146,22066.7395590171,5,0.8786363157496199,0.671109765708858,1
0.6492728124057064,5807.9090528947145,0.545229885969389,0.19190516645249034,0.6201610523539564,111517.8521687826,3,0.6443318442061865,0.9415565573324096,1
0.28566053710776146,5803.847790027393,0.017658177042655487,0.12160312225408215,0.5827815837180015,108160.93094048528,1,0.6502209061726042,-0.6578013536651444,0
0.6816824084558772,7244.048078414795,0.7440572370356515,0.1407969285027577,0.048155214250335976,158494.06073632772,2,0.8719321553091924,-0.7557113453268638,0
0.5166303183317109,7311.759314071769,0.1888287366539485,0.5158771723948261,0.411545388430821,70122.85840775809,3,0.4184885333473103,-0.4243743755900611,0
0.9194469548235797,2734.5018800147886,0.8248851196806769,0.2016664801730707,0.5503838691373927,51172.0752613253,2,0.3657819049758022,0.8084909924859909,1
0.8605264026712472,7816.777935495835,0.355045437122979,0.2592949446342663,0.5982915586821161,91007.46946637802,2,0.8385280961478991,0.056246215518261033,0
0.7017333597017472,686.2338964396795,0.33861967998163645,0.1342018806750014,0.004808062187060869,126846.38042107727,1,0.6682371905943266,-0.9886827802415084,1
0.5456686255884445,7303.537903763845,0.011817335778210536,0.2334916994007002,0.19955497647066212,105522.02034262638,1,0.7808770373041279,0.16383885163816658,0
0.9353380513734562,1469.5804834345195,0.9877289829230171,0.2568499303001424,0.9497860109387608,33495.134237110484,4,0.8722777062763649,0.09791688536737997,1
0.6028460560020705,7431.657980001581,0.6120043391718638,0.18666947187288693,0.5086438382788068,69141.57706240576,3,0.6908849620371899,-0.8403392583759579,0
0.8950957987212258,5507.621860399841,0.4227301661859907,0.08377618636282173,0.7036422019511382,20843.5797834954,2,0.4715442644286434,-0.702072257417456,1
0.8836023971864151,4653.917756489375,0.09662140446133904,0.33466487088079533,0.3081867321963474,135685.47329613252,4,0.7497385361085848,-0.8139348482538293,1
0.5430877452288524,7061.330702733576,0.6991480641510168,0.049535384447905506,0.585371993018531,160101.21488133704,1,0.5942787615065471,0.04231001781920929,0
0.7882397263157714,845.5229205987107,0.28273046999193885,0.6027894541580251,0.35646727658885025,17764.410829759283,5,0.6377665954842155,0.061963197619509414,0
0.760205310376874,2622.9680939179943,0.988280818375529,0.2410881329374939,0.2969588787869586,99322.67347893378,2,0.8237242473164572,-0.07972041158594068,1
0.7752314372231491,6356.181353442713,0.9505473591493231,0.1614763196013248,0.41139798057373467,106216.60567378078,5,0.7777327247278037,-0.09804685352244591,1
0.7716490648409904,8548.54636299277,0.7352966788027886,0.1254446676812439,0.4598279291596723,84600.73977024638,5,0.6884166959558463,0.16089670746379947,0
0.8447100472802842,4120.5225509786105,0.971071930282969,0.5244216308322236,0.33114788717249677,95464.73508052569,2,0.8145372395438154,0.3243116942742179,0
0.860102106917793,2958.233990018792,0.10563386245376283,0.5492842119372774,0.25798961046940816,130760.64469424105,4,0.7207437070312126,0.9275642039571641,0
0.5746380593708539,5427.996139995446,0.2799153605365452,0.3973297396180584,0.6238203767851158,92233.35885462556,4,0.7495878771516439,0.09026643555697511,1
0.65343829870013,6411.994897674993,0.2532432887911791,0.29509718425860276,0.38073247658451614,166340.86277176553,2,0.880970801655314,-0.4686227409152064,1
0.9344151705149691,4490.978798354591,0.07201265845930249,0.10720291404355105,0.20182603058049087,101948.5456057716,3,0.8428904583089613,0.9492013145269405,1
0.9135407360800112,8828.751485267672,0.9722265979714558,0.2748904217098736,0.7583677080585346,22205.43212645079,5,0.7998414638498414,-0.788474329711363,0
0.9183377357353478,5472.667734170128,0.059974086646893854,0.18780393451936025,0.7237415809956866,172065.1923073012,4,0.5759373117299718,-0.37467570413053375,1
0.3406907271384349,840.3240819205575,0.8566889039943296,0.0974654266237916,0.886815828185292,34957.819287535924,2,0.8846439509325328,0.8048491839801779,0
0.8269851940861319,2619.0125697088088,0.7681614245768392,0.4017777059119224,0.555019019118954,143358.1830026313,1,0.7653482452771854,0.8877317400738249,1
0.9177645997606844,4781.146793719238,0.37586708747145947,0.08983044393530139,0.27943700741176025,99573.96670020632,1,0.7257441904491287,0.2900125157036022,1
0.7131984799387561,7128.392430660867,0.018807362629798985,0.17771207471246067,0.8637076790532806,135951.71722575906,2,0.5757643685002805,-0.9707571667752148,0
0.9169769911717821,2587.646316029594,0.0060959049818695155,0.14547546588986954,0.2803011205826992,97283.08031083187,3,0.8840592127871871,-0.1148573783866198,2
0.7578691366865564,9774.4456773155,0.20399384069392323,0.1765838058945918,0.6556006032152558,20024.93405654331,1,0.850952329273238,0.8655093454708704,0
0.5235445645411765,3526.303452786793,0.4938765800337931,0.2827310551578755,0.1903930360227245,73737.408047223,3,0.8577305913923091,0.7793997093328893,1
0.6934213358334232,5558.56196517559,0.45790997818515133,0.26983283322227297,0.6291747152852124,115516.61694688942,2,0.48004074807597513,0.787550755580537,1
0.5239301101341394,680.1806549448911,0.5852925765649275,0.27430278634122496,0.8408571893573552,116909.97715055519,2,0.8358140728275756,-0.41229573907949657,0
0.5758615131734675,8906.461853592642,0.7719593096607621,0.5291714126578061,0.539944100334915,175417.5551712445,5,0.8795291847802398,0.6496305129942019,0
0.5480808535788915,7993.929208489243,0.3773546148602057,0.26469686136475223,0.47088751131181394,113075.19872350399,2,0.6985331233083558,0.34462449900533976,1
0.8862627802519544,2356.85104080813,0.1603636955093174,0.2812806837537237,0.9934729244548751,58694.652337314525,3,0.9612538611704724,0.7874100212407766,1
0.36222754041581084,9365.748566778508,0.8000489168284239,0.2881779929529549,0.02245209122630043,17382.333313910392,4,0.37332868798605096,0.27582825176635395,0
0.7908629538981584,3500.477756075344,0.3326906813312108,0.13950230888557896,0.3317315806247243,144030.58418935703,1,0.6192347665597415,-0.24969584160552438,1
0.9243009907624251,7075.7697396111125,0.2868818977933507,0.4810288851103462,0.9185983577955078,161179.37759896892,1,0.6923762976204281,0.2688033546602453,0
0.8043820424933662,8280.275021157699,0.7643120384292353,0.21481424143191846,0.6426426851861329,114318.46686325475,5,0.6056227757417297,-0.284320207075071,0
0.8994291946549781,7538.687381753218,0.9341394380831445,0.37029147353755154,0.5420972754098969,92004.0791235045,4,0.4513723055454576,-0.9950076647799986,0
0.9110700488820205,9217.03644828349,0.9149612820107569,0.16403535855964843,0.6376917086513855,156367.7080122597,3,0.6490051437972142,0.6335378030959957,0
0.9005690354506337,8710.61022323673,0.13744242585717859,0.4191802571649272,0.32194115026671055,50860.53343618457,3,0.8325981191003945,0.698734710536119,0
0.9690944222269677,9948.809383870295,0.5031581534692996,0.14456267692906122,0.07116813792401622,77784.45421616122,5,0.7780258586015201,0.49615559811772036,1
0.46542174424492033,2234.808419473383,0.09287028372817341,0.45323577458039854,0.27514783516831287,96301.61421741545,2,0.7946756245684219,-0.545008065978376,0
0.6393736028764908,3395.2371116536506,0.9609759589063998,0.061166411570123945,0.33649609965284677,18393.344869750603,4,0.6115774296914436,-0.7282155448482281,1
0.8658794384352441,6544.145740600485,0.2152278858768394,0.12718467010182555,0.4798651301614548,127058.42917604948,1,0.6843929301156046,-0.6601280210957607,2
0.6621710461862326,7463.948265970045,0.19742957476577472,0.7232477337061639,0.39389651431046635,42055.17725072628,4,0.537164173789393,0.0019683143884392518,0
0.7216869318177292,5578.748018279237,0.8888856730064795,0.4269089021028131,0.5210022239029171,66636.04144782702,5,0.528983158247119,-0.47148161153698576,1
0.8866384221076058,1202.3194664228417,0.9678505551219649,0.1987017783886397,0.19608138323383995,80463.77836349941,2,0.43155518797546677,0.756632796198115,1
0.9258825160410967,8495.15465460363,0.6976322592952566,0.2477084668325913,0.1840484620175814,118546.75603445608,4,0.9807191768233327,0.08874138286206956,0
0.6949295662693393,9628.306382202085,0.12100503369922488,0.3904951113673096,0.35171247764387914,21132.286444270925,2,0.6585797574706154,-0.09967389143276506,0
0.893306500213649,4352.41001635075,0.48585561054067383,0.2745412342498812,0.4737151415774721,67946.49524811651,4,0.8567235295675644,0.743181419756511,1
0.8850045324506762,2635.7185761390374,0.8166050940616038,0.520137544076899,0.34172859259866084,56641.49520031269,1,0.79359195851519,-0.8378526198361766,0
0.7440976834374702,683.4806721398315,0.5724771837082452,0.1543508617993992,0.5765622323861214,10258.301758867052,3,0.7685086096535809,0.7419624388144477,1
0.9315082336340903,2754.3408428890602,0.13259485472833465,0.28046931016771287,0.310006113589645,127581.08500713093,4,0.7122626416619482,0.604262707617915,1
0.6069250243028521,7149.228360965011,0.17188774950322783,0.32892579123906573,0.17716899443854495,50108.93910013147,3,0.9120363843041566,0.37417006495307437,0
0.6066539558650055,9160.09918289094,0.8641416758348051,0.30886827463357885,0.8628281100085107,38294.52169962289,3,0.6436434300361837,-0.7780052077955482,0
0.6509208330956986,1388.3741311017752,0.5270291636874834,0.21639985847439214,0.2006020985760636,145654.0946648619,3,0.8641538383883602,-0.8952133406126328,1
0.7718994406081554,5755.962278038334,0.7058367737667124,0.2404722906539134,0.9666413898085887,16663.712196748405,5,0.8531935101477303,-0.6677783265034325,1
0.7925384222472219,7107.546860862407,0.3730625262330648,0.2799225766426594,0.9874040742511211,163040.791110105,1,0.8235862933266724,-0.4594026121567658,0
0.7328509055276853,3125.6178005095517,0.5324855829188415,0.5621698961100245,0.6968037955199113,126773.28259165693,3,0.7009615841510768,0.2324682243048366,0
0.7940681440702166,5914.021872117869,0.9771031403876917,0.19296499193305922,0.5020009941378373,39196.87906160947,1,0.7549473918051706,-0.839325686260038,1
0.955869493042215,7294.860047054843,0.3297030369681381,0.4997881963838031,0.7954188312706285,69517.51452096291,4,0.5523609606012769,-0.6339185456814753,0
0.6928843851789356,8458.33280978608,0.6747885275082744,0.4925608075402104,0.8732027157281557,171497.13243696585,1,0.7939607235004105,-0.5991659135410887,0
0.7875061706618216,4798.748582789818,0.17250555719522975,0.45084896832933696,0.7095917972001607,115203.57897807474,2,0.7412585767062044,0.341405021141963,1
0.7371856902189653,7604.643579730126,0.1217398852603333,0.1468931596873894,0.1020447554366517,113481.99827102292,3,0.6684495677832429,-0.30765625377796435,0
0.970631414961061,3366.938231528572,0.7836401112590298,0.2192331032074606,0.002987869424675438,121022.0856591508,4,0.7182510245684878,-0.449488446971094,1
0.5986807951752263,2523.9440943355066,0.8441082099871656,0.35024145532998807,0.19190132241055158,88665.41843979292,3,0.8961623739729572,-0.9418185470988989,1
0.9005430478388077,2279.4805878613406,0.6683116953494155,0.42278498531303177,0.18853189560521577,38441.5802420933,3,0.7612150131877767,-0.8112949362211892,1
0.6456556573311218,3909.290952344399,0.15819583754447508,0.36442182034725634,0.18251749663995287,35651.48897797478,4,0.8108473455319005,0.09945641383687986,1
0.6679077881256804,840.8569769940659,0.2405879656425386,0.398309053399287,0.5097723187297301,126842.80954440664,4,0.8880035622492223,0.26669374409340674,1
0.5336673621025187,3188.4224578198723,0.9111757080951116,0.11793550142819158,0.5200844636456625,160270.02414418934,5,0.627907545878574,0.48450702793264533,1
0.9026979697365397,6696.116832210668,0.2887040487997563,0.13715114005631437,0.7230220467086721,61035.85073076873,5,0.8751359041429309,-0.005027003911355354,1
0.7891958035785501,6655.230948021299,0.8188605161971175,0.14206103891728586,0.201467812970211,95578.60687892722,5,0.2637559316436105,-0.4619539215409738,1
0.7592266209141457,1198.7611616691668,0.2859372889104016,0.25379168636079835,0.09265995824500473,178680.4334067965,1,0.6771606002760422,-0.41510985672292966,1
0.8857362149182731,3230.4483622658913,0.9394625693234345,0.3350946413366052,0.6660913177090527,53717.40337887703,2,0.7177561014016974,0.30165689144296315,1
0.7427167991301463,5910.797814440256,0.914452912837003,0.16416337106757808,0.4839970229358965,76336.3678544016,2,0.9305707702785276,-0.14720734740868235,1
0.8439747227793797,3526.245306279477,0.043263173628787954,0.49565740134367475,0.6663206500436704,71798.67132994835,1,0.8035945841985134,-0.6832444455228799,0
0.9179184767611598,4470.886229794298,0.7704139868674086,0.4449127282712446,0.38074024474648294,15539.592147130694,5,0.6669189898653103,-0.9922290130192861,0
0.6706946261546372,7271.702192599758,0.16946176023440707,0.5097385958337793,0.750795534448621,96617.88557729656,2,0.7546262309830972,-0.4800084145750745,0
0.6013270164394557,588.0348798379854,0.2152716259063815,0.6832054964441711,0.6826007776023695,45475.24070528203,5,0.9285930328044478,0.5111192538236566,0
0.7575640173822308,3125.73866884009,0.4598452123314758,0.16387403802378284,0.6503418553132153,31861.591499120448,4,0.7098798291109136,0.3294613598662324,1
0.912950464714108,1852.5363159576584,0.5763181497494501,0.331552589030303,0.0275692833212845,130770.71989494945,1,0.49266021699366463,-0.8048319831360711,1
0.8124408638755022,1712.2872362626715,0.325799718970492,0.1924086174958233,0.8581241587046226,140179.27544745925,5,0.8038536820041392,-0.11166278503516258,1
0.7772419145345487,9610.882056248847,0.5753833655542092,0.040005862412821586,0.3766070234487151,161111.56095177488,1,0.7684693059232305,-0.7107783366979561,2
0.7276749130654975,4077.3231498429686,0.1706583713411366,0.22211906789312857,0.13561554226918893,168802.50678683253,3,0.6969207359041938,-0.054127014067191226,1
0.9168567347161366,5507.341556641579,0.022337654381037075,0.7226977433906672,0.7555885221385743,157741.2132225707,1,0.8350665200969006,-0.7786358111053113,0
0.8305001417271195,7471.30792716151,0.5712243883617631,0.6252901121248038,0.48647492145182014,30824.094017658692,1,0.7877337320903326,0.3588898638863032,0
0.7528754409815253,950.7510111704768,0.5174152599623189,0.19310513494381643,0.0320053816872381,48016.90178782235,5,0.6768468948851553,0.1679337629489719,1
0.7968797065435352,2789.7150662981344,0.6896539640759249,0.22932777823045578,0.7818714697490404,30820.800100856777,1,0.7950907259130727,-0.48196898302078317,1
0.7631463740451816,8405.40397976527,0.6498220619678245,0.19568498626847694,0.43503746305214896,70099.17026058096,3,0.5724460437075418,0.9848464911793644,0
0.46315487871369954,8688.910825189869,0.8974863802339554,0.18123396124397198,0.7549259362478632,31092.213755123397,4,0.5163326679413323,0.1772802729874312,0
0.7773582317565669,4043.0337460876194,0.4594686201615459,0.3013413976324044,0.7555910194228117,121057.14042444654,2,0.5744493831869498,-0.4625213272278952,1
0.8028487952580855,4061.1851966917984,0.008369474692942025,0.39800184291527463,0.09993621042976752,131841.6337030644,4,0.6429176093367922,-0.284510221216548,1
0.9184968337531136,7690.520332534378,0.6306526815968541,0.3190050050325891,0.6132258231678035,37130.92779265223,1,0.5212427688163177,0.8323284068674348,0
0.8346342289929312,3303.167154123757,0.6751324296032184,0.02349987483073401,0.36013706443202054,115667.92856476824,3,0.8042758186268982,-0.5936119044294623,1
0.734184691187828,1612.3937708299818,0.5214949893959697,0.09211050837027833,0.5464018940056633,13908.199123046974,3,0.8256321674565273,-0.5924637758535509,1
0.5764338562934179,2946.5867772855427,0.6893048702412157,0.22624185288674992,0.0885469790718435,83842.94580831115,4,0.9231570364325313,0.14112785827228191,1
0.7473888146706533,4179.7749505398615,0.3235838132361527,0.08595202364780857,0.5881835591567188,58507.63919405862,5,0.6790760482394931,-0.3357240363797651,1
0.37884347450744643,995.9447411534335,0.14880830319107918,0.13408483189786252,0.7775400229737779,179744.12908452319,2,0.755556191888851,-0.3916270109246509,0
0.5925673823200698,5047.462414901661,0.6645536639564066,0.2382184820641005,0.98681380404516,166873.38522712587,1,0.654769634534865,-0.17938000013033095,1
0.42963580285770664,7530.071371341395,0.2451864292155287,0.14434567697834522,0.32027954983569873,35086.12753976532,1,0.8726997626853639,0.6622352660672879,0
0.7810243253448685,5380.578872564385,0.45631590928420485,0.027478962980968056,0.1551247508591812,165953.0345377798,4,0.8403829578042813,0.6820233821214134,1
0.7583110653648842,1183.0057348878163,0.49162273061164863,0.318074222887623,0.36590120282521355,81194.27235686909,3,0.6082178614524636,0.3317352977045185,1
0.8580240335890912,4681.421497786606,0.47719955046838847,0.07350592345080861,0.019302484473865955,108030.1816888988,3,0.8241901644501146,0.15459311826439492,1
0.5390486709790039,7234.593776406911,0.5984491436799558,0.05823926146816226,0.40877332213174544,100739.95243016635,5,0.9592273630758253,-0.9687406259400235,0
0.7185105643248899,1051.9182129068045,0.029453708925858857,0.21342532745368378,0.9145894849220404,133446.6137984792,2,0.8717143863883464,0.13021080856764167,1
0.6723436668395303,1068.548302405441,0.9896824949300881,0.21516014075910872,0.1943510941244937,66942.65492857303,1,0.8171982210856334,0.9081778772822788,1
0.865215103829689,4020.713330219335,0.7163104739385713,0.36504720914610117,0.47771964842292824,21846.03965865156,4,0.7438973459479705,0.6746542687746162,1
0.6787379169010325,2352.1576591752364,0.4253877817987627,0.25916859168553996,0.5726170535778663,80996.57976526846,5,0.763125455776221,-0.7111642383758086,1
0.6015020840283655,9380.417517429994,0.1913300302902443,0.3613610555037929,0.17990711988523556,102565.9435903126,2,0.7447592656673551,0.9479503030007501,1
0.8830599050363979,6022.76423552756,0.08017732244335629,0.2357525595968193,0.3301055237006568,104335.37283974043,1,0.798046158202558,-0.5667305579968573,1
0.906147138177512,3229.591294356014,0.6721904206261219,0.19052559327580582,0.9113575574919982,144741.59719207778,2,0.9601361883784875,-0.7523695639479486,1
0.7533947503816052,7195.378926592033,0.3169556149585583,0.3711468254004094,0.2957287383454231,17518.39440339916,1,0.7595302034549511,-0.4221242383168049,0
0.49398953877038315,4061.825987913624,0.229478458249868,0.09954594504938613,0.6353630189829578,177976.0415381385,2,0.7215187981048073,-0.7177126426681661,0
0.81085761640206,1755.0986216005952,0.3799543871123334,0.016098470826342526,0.13695191871664825,178396.05049160207,2,0.7943831513321495,-0.5506418941004319,2
0.6651779664076668,2753.706183514014,0.5929230878077101,0.0920843161619394,0.6698667793426039,26832.85975799213,4,0.7019511031933975,-0.3823936942571311,1
0.5012724650779417,6606.099202364069,0.6717052166840012,0.32663766147004647,0.27914440996246004,68482.97251192687,5,0.9568386525767036,0.18156092344994534,0
0.5557444194402467,992.8230069714208,0.6451700693545301,0.3050965731019898,0.2312627817324362,110352.81486781861,3,0.7376944145193085,0.2275687833211799,1
0.8819565187660795,3090.545880456605,0.8632655834919736,0.2617120376750376,0.12416518171819724,73465.39103879151,2,0.888808707825803,0.06887403458322883,1
0.6407660622449687,2478.959037600659,0.21875743107011525,0.03906193591229556,0.04682438505117148,92896.19692694944,4,0.4695940060784231,-0.4036572917439365,1
0.7980576533322284,2410.783551427054,0.6367461631971355,0.16452585919330173,0.9678597114295627,65407.82064279304,3,0.6107463634135637,0.9068105121159351,1
0.43147890751251133,6986.242913771725,0.10111437618609409,0.30895976882117093,0.4139047161022582,131062.6650157998,5,0.6500479342942842,-0.4064018481658185,1
0.7486139433668152,8345.260709166463,0.5479346898991778,0.2465263360733882,0.7776155022927769,71882.93156852317,5,0.6976991904559645,-0.1979388285381598,0
0.7671478926511196,7300.732776610458,0.5839584024896712,0.13839091755619143,0.9200892998522318,83080.69113040876,2,0.5100600857137647,-0.15546584184629775,0
0.621693882958806,6634.4142501048655,0.21623729893417365,0.3875716212695627,0.20402043627779665,107904.31511353697,1,0.6167064763231337,-0.9551018885768219,1
0.659356440504588,9206.291832269708,0.39169312999123684,0.18535052434942215,0.8698485961111482,174764.21466457436,5,0.853443595241534,-0.14243240046978412,0
0.7354125928722174,1054.72761403082,0.8271928895838024,0.15863218771266083,0.7080245478783155,119106.75962691235,4,0.4163072791466501,-0.323304379270587,2
0.661622290456648,2091.089316774287,0.14840905375296343,0.2890516075589135,0.5779770559756994,26476.595394692606,2,0.6152239920624649,-0.8585925162439769,1
0.7248004681946644,4436.865128870055,0.4345061976158402,0.18838282167234857,0.8090778083550787,64213.10552831569,5,0.6558331496198851,0.6222847119881665,1
0.56407460033641,4038.2906132867433,0.9327330712114519,0.6064220060781707,0.11066457951418396,81351.47252498705,2,0.47177477642273236,0.42343512674862227,0
0.37614100112067167,4471.490228148714,0.5041089276996009,0.2859880930457657,0.2636003362634296,135829.54943204258,1,0.9697366073497771,-0.4330983477726307,0
0.861460757058801,2461.321597905707,0.725133711833287,0.3062326290379357,0.13105087367704893,85968.84380154542,5,0.4248894674115747,-0.47878862324710547,1
0.7516752842025614,1920.281498012169,0.8268660395555509,0.2720544146797295,0.8959705701940517,122047.7173847116,2,0.5588392895713311,0.80945079382666,1
0.742066186385115,5337.335850850316,0.20377437484549243,0.027233428039677765,0.09879765975980603,152714.10857691566,4,0.7549570395969656,-0.6217298373120255,1
0.7783713632653609,9316.49897865354,0.21821723553293237,0.33050165159615164,0.9799504215215038,27737.389231874953,5,0.9376291396013994,0.7473834244021405,0
0.6780230648367244,4223.709892324212,0.7585914560983835,0.2590026272283734,0.1098912146981944,140175.72859043104,1,0.8328030771299052,-0.844379701966854,1
0.6730606144573527,911.8555341355168,0.7533067381764009,0.05960557094266348,0.6618196786501732,136748.56563195016,3,0.7069003673533225,0.6790982028558792,1
0.4638896538997113,7208.589757450483,0.060183320639619065,0.04092057647379124,0.6604940486351103,149351.10449754575,3,0.7430064577388814,0.08329604116391653,0
0.7301517336720493,3265.496602508162,0.32249824069496436,0.39314265706988716,0.9312461776377069,172531.29984382502,2,0.7743394924798025,0.551714281284402,1
0.3423748718400316,2828.402569396475,0.398532491908438,0.22379360337954818,0.32313250969953444,62631.65582006432,5,0.8020747183439424,-0.8141306291881418,0
0.6209568584855536,3580.4510066306398,0.8290404034711537,0.2782859219367496,0.33201190994292273,82933.48376128425,5,0.767958626314512,-0.15993035495672414,1
0.538573223744122,7376.247477124824,0.42186225542973743,0.6393600250524278,0.8462933063317604,54655.9398429358,1,0.9220917613540465,-0.09932357863198771,0
0.6673176058243016,8278.784175267889,0.9259288904032438,0.27002722153500136,0.9785755527377966,65607.95659426323,3,0.9129750512412177,0.0306270480029307,0
0.4981201130147678,6086.532639720154,0.9966077771406401,0.060634611092202924,0.030138778730953386,66070.41303141299,4,0.9683877566172491,0.255600571730241,0
0.6663804061549842,3563.5481603357402,0.7807261656943496,0.363820889941162,0.635316920763971,157861.75320209857,3,0.7277824942704479,-0.22121931174386877,1
0.6260294385717854,3449.543214614143,0.6663866895672574,0.5187510740940069,0.24363965038617896,20692.71400585498,5,0.45897946289527247,-0.10512489111097545,1
0.6588544455530392,1680.9293241018986,0.39189716598712276,0.19873966701639859,0.7279622880951043,44458.76299872031,4,0.8605619836404012,-0.2594660106252875,1
0.6861707697369156,9366.359958234349,0.06703944605203338,0.2972316708826796,0.7727190092049641,113794.89643191155,4,0.7498735767140271,0.3973101171094946,0
0.653580740967212,6562.3242902037855,0.5731387563961305,0.3179340902181294,0.7625255569408174,140083.1129519986,1,0.7844148464260301,0.8168248894341041,1
0.7574031835075693,756.2588886307083,0.36170490554399093,0.1305245836855045,0.4355111763221794,128554.09917721005,2,0.8581948819867434,-0.7713651049596877,1
0.6748435081284498,6792.487404273466,0.35089807583234356,0.5506816910217143,0.15780138640834052,17917.864865918607,2,0.6676263525264436,-0.42498159990529016,0
0.8369708636980144,4747.957529838325,0.6877092527094356,0.4299475336219319,0.5847646309510581,87145.04481970232,1,0.8114143479092272,-0.5605033446495842,0
0.7450721235901336,9739.300648945735,0.46363935859663574,0.12605250002830626,0.7890380730717113,41360.50998679005,5,0.827679562989089,0.8787286218427286,0
0.502408786919547,8281.153835660865,0.75209384477145,0.4614143941206327,0.9121949991163449,177984.1751245773,5,0.8614489656045725,0.1889319113938328,0
0.786986858839741,2127.4996614115826,0.39817322268537914,0.15310172509704942,0.45264432377927954,179811.63374371946,2,0.6609014556132313,-0.7142139556111813,1
0.5880626340041728,7341.055629311231,0.15086338548656264,0.26166950833255453,0.24567539712741826,18652.75229599194,3,0.7501710457371573,-0.20414894878034096,0
0.7293785448197488,5112.877036435002,0.46134752619024655,0.4414627959015329,0.11882247312119953,123513.10183415523,1,0.8632926910091726,-0.05261676255284686,0
0.6759584258205731,2276.9290548643175,0.9510125143253633,0.3502427497472669,0.7976011077694186,148221.03988067113,3,0.9414200248746338,0.24595895540151513,1
0.7341532888556443,7138.029119634516,0.8015246291165583,0.41149585382911974,0.5352973671337607,65212.57772334399,1,0.9947546017277078,-0.5694171771871186,0
0.6300302489234557,5700.181997595331,0.20574925507336672,0.08871195295286802,0.674184092480215,127918.19416171916,1,0.8921128601914323,0.004064584928386461,1
0.7305272917783056,788.5518483299197,0.3913005016449427,0.4526080653739968,0.1592404006478998,41903.65091863528,2,0.8336030315870004,0.6030251481590294,0
0.8971819709387865,6642.585530023846,0.9277920952205377,0.2810161512019732,0.0065788172055102345,31753.056056379537,2,0.7672823552985772,0.3199712392671854,2
0.8222993300449285,6532.377353693187,0.1236990587265665,0.07358928536573717,0.9675816068824116,167301.3088534309,3,0.42712815138458937,-0.7915907047150121,2
0.8016634532737901,1868.809029988895,0.253950241864936,0.35497463932391915,0.8108881919770854,119231.07316197241,5,0.40439919771106636,0.8245830642248699,1
0.6034529601301901,3815.3834064685825,0.26222264587189636,0.2665805232731763,0.4000264094891748,148881.0308378211,4,0.970762777060027,-0.3228846623759163,1
0.4389858083158324,6066.0402221348795,0.5709328756619835,0.08281381008554717,0.45714778494629904,100561.23949388953,3,0.7821115395213787,-0.15091087467358322,0
0.5542736887531983,1818.438634013934,0.41073331971132276,0.13159403488387922,0.9290653599939576,36303.31066790072,1,0.8077059261620978,0.3847540326133063,1
0.5675597009072528,8600.872089430188,0.07987067399629988,0.2543020973119645,0.207650283749502,74031.38144485457,4,0.7924825460762432,-0.07746892896460533,0
0.8466372642832272,761.1174397331861,0.6291814545770856,0.3715678713017876,0.8028286854760425,159881.68200143395,4,0.5716578097431978,0.1759896361308606,1
0.8526324511194343,1476.955442208872,0.09907786452015022,0.2554445989332779,0.017929528071708223,12653.118191573009,4,0.9237674179937255,-0.04451341037028933,1
0.8976437256236581,1603.015738621399,0.6064149319790781,0.5022119957121918,0.8757127863942624,45220.19744766969,4,0.858698101719792,-0.38439625990354,0
0.40030727958898055,5517.017696763024,0.5070083802260258,0.22470385562969553,0.5892840063930289,53058.72167260286,4,0.7541922859647617,-0.11811904444217669,0
0.7752685037841156,6391.08311560194,0.49366866072531257,0.13790361167276335,0.4775779593943378,54709.281817678784,3,0.5304344264071691,-0.37683003478355825,1
0.8293063635040978,4335.537566764122,0.06749624529922982,0.3826785678495973,0.7064577021764153,26759.738130106525,2,0.333769836735466,-0.10271727839354905,1
0.8491706356723971,3242.3348628475787,0.6392204468835359,0.7174716043376356,0.06765113128060973,154197.34788998752,2,0.7194807866189471,-0.5949689457365432,0
0.8956501406794383,8188.515068442795,0.43132025858933076,0.07073568105416728,0.19554395688268567,37117.36640073247,1,0.6613858813778111,-0.8786359603055194,0
0.6319353817165059,1148.7168454009914,0.41110612228568655,0.1194220427643239,0.4069850821379716,151044.6455875052,5,0.5337740857946648,0.39754843063305323,1
0.2657756434365273,3162.7726807615213,0.5964513964185367,0.19663523540856395,0.6178661767301317,70360.50220310185,3,0.6195186065329555,-0.7481342042873129,0
0.5537751951721982,871.5979986377222,0.6062480599465474,0.4279597334121864,0.14454829022325255,87744.07558009142,4,0.7936989279676473,0.6445758391137564,1
0.6864164208339919,631.9562821795461,0.01503329576198853,0.2918576796056145,0.3794923011184901,88684.6427328435,2,0.42520167935413256,-0.27214862725529554,1
0.5513248877497952,3857.108925855912,0.12522590120320665,0.30009671866715887,0.2608928246456622,131235.29977745048,1,0.7505262486745561,-0.502156190428606,1
0.408412101762264,2350.824793226854,0.23651822084472063,0.37867208942674246,0.6455693672182431,134320.97179515078,4,0.516319338125422,-0.18044248205225744,0
0.9313696997742744,3049.4756209633397,0.6779773333459791,0.17082551067171997,0.9192784495620481,118916.96476629455,1,0.8290874021042931,-0.7007666443237377,1
0.828598417012885,8298.997995822197,0.5767411270296074,0.25233110207474474,0.16597913331940783,141540.64220369855,4,0.720382582482555,0.6980224528467072,0
0.6971410736957123,2048.310914367603,0.7576291323847537,0.10791251065495473,0.18926114392769533,11411.540435338356,4,0.7212523022598012,-0.6665048061826293,1
0.64772006096829,7912.216987942109,0.740607805543857,0.2950096151173225,0.6005284797113769,95817.77330384748,2,0.8641951471913341,-0.012353925846106506,0
0.7542955002247842,6912.980919890454,0.8531828692061507,0.4852660364531345,0.45356250877468884,99084.30848333477,2,0.4988650799676032,-0.6760040135615499,0
0.7894062470722866,3601.2324888379108,0.3768148612724139,0.2782395568049808,0.7181046055669684,50687.772951444334,4,0.945643667450669,-0.9085952825861596,1
0.8517024644164494,5692.283379174734,0.34506386618330276,0.4394673436895575,0.2878853271732196,104583.0543767801,2,0.8335088673587153,0.595460202373645,0
0.6722160512377798,4722.138292858119,0.8310154030534632,0.3810945190705965,0.5448196162071215,89416.7528513588,3,0.6612998163996355,0.11480493160451255,1
0.6478144064699712,1719.755497227821,0.23760153386718452,0.10190569464781948,0.386828149576827,90259.09247892395,4,0.7559188346244451,-0.8437798656082816,1
0.9069837148497888,9118.260556474668,0.461172373673607,0.20062422503694638,0.2812641521555279,30136.59027418768,2,0.6402479947106102,0.7858116495293654,0
0.7685365951125036,5911.370692064721,0.19432565202224972,0.5418598010121377,0.7292964115097963,83994.63151109782,1,0.9422300773278235,-0.21485818532815815,0
0.8007714070512313,8862.280435056822,0.9138407421392136,0.5295004193932341,0.7958937485925746,140293.2238538147,1,0.6954394862418387,-0.14780066569094896,0
0.7364026748804678,8326.351862226256,0.40780301309662537,0.25439045830445806,0.3289514548195386,79698.29850740751,1,0.7975748882765867,-0.010237524678543553,0
0.7887043871873756,1257.8712904395206,0.21248689823082834,0.05834180840001739,0.6229718377266941,92874.73200296077,5,0.576917857125463,-0.5507372969878663,1
0.7093637393297467,2469.0713271752984,0.692013390568912,0.2666808737971081,0.17859138987930445,174478.46998986966,1,0.6555077024600955,0.10154844096283888,1
0.7019269237441247,1879.9805865608926,0.24464467821047864,0.20825862339735068,0.7909678827901601,158203.3283223867,1,0.8217862143260667,-0.5000673611903954,1
0.7437966999615843,8392.405561475727,0.9435036031702234,0.2164492440764615,0.281250755107759,167879.0267497906,3,0.4387030887506288,0.6720344359252666,0
0.41227308686078973,8693.242951324422,0.36761701480941145,0.2566764316801962,0.17095474562262936,23205.013622993472,3,0.7840013125683354,0.6523176640393933,0
0.905065028541218,5515.729343179476,0.6646407121018371,0.0753651199704575,0.9399613956663467,115158.71502690134,5,0.593161502513807,-0.04583549551995225,1
0.3930816264974122,1489.6916888260657,0.3452449311574134,0.06834068507396086,0.4224842809496965,47980.0186821049,3,0.6537507227721622,0.06360793133588882,0
0.856979663609263,1788.3578761586539,0.8072455829934737,0.2842317081015388,0.6434999133494334,78721.421001362,2,0.6492383018071841,0.9857429907985888,1
0.7238999787532081,8228.71371816354,0.8969227410227758,0.03347248730214024,0.8092133595761616,125557.52927784751,1,0.5773256939596426,0.5907234398361136,0
0.8387315529029444,9327.306297028637,0.7879183594147862,0.1820268958600474,0.6861423172034329,108415.532805694,2,0.7936490909764693,-0.8742090773023174,0
0.40049573294732277,2395.0190085512386,0.84849901872752,0.3379608997116859,0.5646600540220723,95974.4935017146,5,0.5733018045751437,-0.654795842866839,0
0.8587936569718314,605.8069764856441,0.10188082793763598,0.34721061255321667,0.3716134590984259,148456.2342001204,2,0.8395495877009282,0.19219722084754354,1
0.6182799194419425,3644.05259893239,0.9240646770330664,0.7233675895720455,0.9185230365058683,126041.76699626188,2,0.7641362357695858,-0.2566497354690491,0
0.7582315773951613,789.7442016548728,0.6243007288752803,0.33800603406371654,0.1335420078709192,149577.66808870883,2,0.9043515295431429,0.6078962995443347,0
0.6071640536370337,8365.761702741362,0.8692175321661997,0.44626352995249524,0.88391972087281,168428.48191946925,3,0.7403152101934167,0.2821089785995792,0
0.6514139586185159,5169.36644364939,0.6844367641854154,0.3985340349370327,0.70984883025679,131035.03633277571,1,0.8056336494489262,0.9813718062784287,1
0.7328471504754306,6597.677398248688,0.2018476685437104,0.06609913916574964,0.5714106762744539,77217.22046221251,2,0.4672782575003926,-0.9742322477338359,1
0.7681333187043453,4409.10632329715,0.6095551016456765,0.2895988071747168,0.32474776148480566,46172.31940536619,4,0.5531020723979474,-0.12323678001874216,1
0.8772476100117633,3782.321696618578,0.09094623972314098,0.3915096864770538,0.14604415574762586,56055.60455536285,1,0.9186359229567742,-0.18498108899503896,1
0.6705962630431049,2610.903924222806,0.6957230302181586,0.11624046091084057,0.4431605554534057,77427.11275828065,1,0.7380431516336272,-0.13154966156194892,1
0.7235785794386571,7820.059196862384,0.4090011410805727,0.1891346101401438,0.7837595205905457,135815.48764095863,4,0.49950959894775954,0.7704203495108284,0
0.5197357104749752,7107.702051947529,0.15173317310020895,0.3411266817784828,0.7453097250815051,16826.29441073581,5,0.47689238076816787,-0.1880080554851613,0
0.6441651284485501,3926.9253527128185,0.9792298158684141,0.2724580802225346,0.6454422026762544,148427.85076321918,5,0.7964905438024346,0.592636158229848,1
0.8810946721918286,3550.603275842238,0.9010844242106811,0.15388132654443035,0.9924996719843636,138882.93836874358,1,0.8608322296084504,0.26528490607723665,1
0.40740645927569025,511.8073471624505,0.8935437134032538,0.4307544570223315,0.9726347706564041,94900.831023965,3,0.6610945560547504,-0.024557514072772957,0
0.45543399392832834,1103.7452354319882,0.7888203063522529,0.2927895873903099,0.4000048744227902,77943.36054992775,5,0.7491135276437524,0.3856721976212403,0
0.6670652592860566,6420.927486480031,0.6919811251435176,0.28310431174609946,0.19253434266461233,29158.49886579572,5,0.8585980144189662,-0.5418298300216586,1
0.5394662931800995,5388.769447236886,0.6550794802922452,0.5601917113038843,0.4638382698215352,59249.26790557865,2,0.6456531711839923,-0.7154154441719753,0
0.5511927277784896,4630.630442607714,0.10609383770385528,0.1903618362857897,0.8445766095126429,28636.77247047659,2,0.8163546959572509,0.934357567353733,0
0.726795666494813,8361.271287615757,0.9005662353184541,0.1855089508665498,0.45856308770073084,149210.3675954899,5,0.8985760755179464,-0.21694660163297597,0
0.47287828392560155,5287.032941827043,0.8811283963046104,0.2014568564202595,0.3359819650532061,96587.43671988184,3,0.9062975669876013,-0.39259219256670286,1
0.6325073840323759,4152.689023369539,0.7478526265248534,0.23730357619020975,0.7412315006063612,51953.75258782023,2,0.6167040136943697,-0.46932578056356733,1
0.7961247787032456,2031.9353014873573,0.9273149590751225,0.1613688980741767,0.6501374118018846,13075.1892485642,3,0.6666705652461716,0.24462155472611036,1
0.545925676450035,8296.536078038882,0.553083451397992,0.31314361651688255,0.9686976700757763,99066.56467436613,1,0.6468031718634066,0.9928672588473375,0
0.8356908630478013,5974.358376151284,0.4476423347175553,0.25466217040952877,0.5492599813339645,137854.80635028222,3,0.8010622819313761,0.789772427528397,1
0.8609883182125285,1378.3696762661943,0.9679474021662787,0.38400919178085086,0.9674721910666791,140303.94355647132,2,0.7881346619613205,-0.19908164948085783,1
0.6709668535646992,6664.534780972221,0.46413118779765605,0.4568571847322703,0.2909363113241984,46452.45471404587,4,0.6061593827067451,0.7905951037067127,1
0.8080471831947118,4538.172082139894,0.6413244410671577,0.2908069587398614,0.8648241603271857,179160.54198983262,3,0.7306650776355307,-0.08580391906597162,1
0.5069360693953603,8208.16912408596,0.37306214685843897,0.4301295392588716,0.3509251505574409,106692.58576370524,5,0.8827731664278646,-0.7813907984927915,1
0.4505860407843703,9229.688671461963,0.6363262260197279,0.5013055598756179,0.8096757423916385,66441.1962402692,3,0.8410406970330686,-0.6242725815037589,1
0.9314883946654648,6204.425225174337,0.7200989956256877,0.2768830453556432,0.9259861844886909,76777.31700215174,3,0.5960478649193892,-0.5140294001357073,1
0.44148387544030115,7450.321783476981,0.6246555252885504,0.6317589825837926,0.6231910845463716,31154.264370440906,3,0.9233904375610679,0.8354497359729443,0
0.6102924208064346,1037.6130522205742,0.5145629412161977,0.35830828958242095,0.7285490877116588,93870.4942188891,5,0.753852815027772,0.9579678005288104,1
0.6140802013868503,5822.426822510994,0.30011079762523285,0.39977392727037225,0.9586396981639342,138060.22442723942,3,0.30485645342446005,-0.5457829921303234,1
0.8271660187738502,7675.729794377004,0.6438456761362233,0.010421273656649375,0.37515646272811154,79599.71657345766,4,0.7457543509703878,-0.19389501023874,0
0.7855551559674471,5219.240420041985,0.9084288952613628,0.1644852440337249,0.5115837255892338,157364.95177789562,5,0.9325624043163608,0.9630970494853244,1
0.8844416732698944,6138.725850291204,0.006912591169667359,0.38509297928663816,0.8982919207651855,91047.90426341616,4,0.8880853630772262,0.6943921292700357,1
0.8954594407639155,9040.007763019921,0.13392902742969037,0.6599723310838557,0.6728158970090862,163103.67014795134,4,0.7387755208124931,-0.11432542127405743,0
0.6895401926747023,2381.9459342963946,0.1197731584998557,0.06664071298809308,0.8735911047033308,129544.64004905455,4,0.6636110441467109,-0.09474941249138369,1
0.6558115385225279,1433.3418217431629,0.9232053028928541,0.3022451688441871,0.6182545059293629,19351.64927019122,5,0.8435174300035692,0.7572183832690431,1
0.5644345702075065,7061.114324825259,0.6627476889626147,0.29232382323754275,0.7397320822214933,21392.969000187433,2,0.8328884106933998,-0.9413118825128939,0
0.6278324382722378,8317.064602463219,0.9517881064701506,0.4419977962652662,0.013062433104143234,146018.08812747928,5,0.47007413963168904,0.8613576801387779,0
0.8780284317751795,8579.656791534355,0.5828132732124283,0.507663491604355,0.33967312981226205,70660.03111767312,3,0.6927540422187426,-0.821269473627344,0
0.8029602000385648,6595.622722366593,0.4617328971592537,0.3069136577392861,0.7704207370283034,42171.66254103428,4,0.7050876991317587,0.802864319297814,1
0.9330400138122638,8415.527472622633,0.7923429118143624,0.28396936544755014,0.40400795036802095,157104.4817689668,3,0.7094389350954019,-0.8718688923338487,0
0.5075647415218101,7156.309954371257,0.16094226747522455,0.47067516374587315,0.3628467265559554,177162.13325866568,4,0.7579934553587955,0.9382113797384191,0
0.4245414891933034,1330.080701114512,0.3813381163173214,0.0633363971548886,0.9515522357833007,147487.1999910146,4,0.7683399580147368,-0.9828979712398314,0
0.5393320785624209,7739.413324907387,0.4662742405342237,0.5790726371555162,0.552548491861153,133272.01733728134,3,0.9756239285640184,0.9298510918658063,0
0.6565380088781995,2203.9170507281315,0.2984583945121182,0.2948315042925647,0.19249208503638648,10162.955162015427,1,0.8032068708684207,-0.8757472312099892,1
0.7567556250544657,2747.7887546142415,0.37128561240847846,0.35126348259904183,0.4722266888705705,28015.567459554106,4,0.795378145753197,-0.7496880117509443,1
0.8505298560506733,4249.180956487316,0.07810518692441826,0.2336200886261419,0.5186712770549231,124060.44461507873,1,0.4971097749992978,0.9258513847598426,1
0.9743680761737704,3488.3871301002005,0.19798358944955796,0.1866222752607221,0.9887316340576321,79625.96571361547,5,0.8401526725298253,0.5835342397866474,1
0.6386077836898274,3555.6915138776644,0.33549672033092837,0.13354841589205943,0.7182195389832122,13310.805134337847,4,0.8347125875862729,0.6796224628167027,1
0.5173572584451712,2107.965479938435,0.7958904332331344,0.6481336574271016,0.519402130577629,135947.84331044913,4,0.6295073989606688,-0.13702612452553264,0
0.6533486148110704,3291.7749475406713,0.1824973548428639,0.2315997788194697,0.431990761007215,81190.0629133346,5,0.833212765257243,-0.8396169739115775,1
0.911749676293109,686.7946047708768,0.34664037398422465,0.6643396322750054,0.9154949553979441,122000.25485110098,3,0.8846817243429296,-0.7021976432941686,0
0.7726130033584493,4992.653993539097,0.06492028819693518,0.19895549770502266,0.6459410762768686,89617.07667840259,3,0.767340183284241,0.8474044770562459,1
0.6640919075460585,7801.614108313164,0.557104344826606,0.20799052851038938,0.356086788541889,14504.611446831663,1,0.45705533161705214,-0.23113254137824013,0
0.554774339843688,8691.350007635978,0.6112508881409278,0.43097947732899267,0.4646303618121411,118107.17657112019,5,0.7922031123624895,0.5113539883359479,0
0.7659711778424735,8294.071310114665,0.8655164634621669,0.1722464470639354,0.2781247833611069,143974.61725917543,4,0.8313470685735618,0.38030579941875775,0
0.8061431052198558,4456.348330453575,0.819115998501964,0.40449112040078644,0.9604286814628025,36516.05410725421,1,0.8130839644137209,-0.052406459939676964,1
0.741868890236446,7439.051571056634,0.2853779546838805,0.025769126412352086,0.7019450850187077,161483.9666760702,3,0.6573556208690178,0.7211864437097337,0
0.7635241612814613,3234.9623539045183,0.13695368918985973,0.2775183605671002,0.392298262259949,40865.49972996127,4,0.2693370670500315,0.30900832166607484,1
0.7625724012687178,1027.8434908173704,0.15608318221040374,0.15903261912457778,0.18321320246577122,81882.22793191101,3,0.7862228818226983,0.4796159148053012,1
0.4810484924580414,6921.729491217033,0.9689639430404445,0.07088601317513553,0.17701908489824758,99621.79397953475,1,0.6801924458867914,0.6737771499518268,1
0.7021161545657886,6663.563564995857,0.6732258140073574,0.22134766545039866,0.47774221902143243,63357.178841337096,3,0.6519262502910402,-0.554712427414489,1
0.4819104412006508,8115.479256897318,0.04257078780323931,0.559034097322748,0.4675670499769544,95077.72382224422,3,0.7404195468812983,-0.4134462723859478,0
0.5501231626800834,6353.008963677358,0.13677925504509458,0.08403590392247787,0.417788638767448,132120.58617869177,5,0.5913726493037291,0.5110333838853438,0
0.6814738171339417,1990.4704372522058,0.48580006510095575,0.2838263911340215,0.8518060286557922,131457.38410664946,1,0.9756147972783877,0.6584098185642895,1
0.8970367575711727,8605.042724476883,0.20782880429311978,0.15638599613076723,0.9791831168803773,166788.06360720415,4,0.779653572891325,0.195254482435808,0
0.9560366807503845,6458.901486177658,0.8036589850000189,0.18434916359543146,0.3548231729731326,156555.45826259916,3,0.6935013943822218,0.9865847575435363,1
0.6177029378614922,8172.292140832538,0.5732171175693649,0.17605659641706778,0.29461063415154,177467.94889137123,3,0.434660948940787,0.7560369100490472,0
0.6933968333839348,7854.017643572388,0.6126322077892984,0.2411469766635389,0.7701107821018762,111214.55973114526,2,0.4368090322020524,0.601059351674015,0
0.9055128166906061,3329.71262863834,0.46282554804921183,0.11712904176251591,0.44979294459057706,78087.4929329782,1,0.7538828620588904,-0.5092957225585895,1
0.9183103482541174,1208.2532610944975,0.2560627754263155,0.20113414165616128,0.21756859284123764,50816.67944471237,1,0.26577947556271875,-0.3339522936156891,2
0.7614380619986557,2176.7918863510563,0.5894036132025465,0.04813355653662025,0.18093926238833913,51474.7929643211,4,0.7796193810071278,-0.27852905554891194,2
0.9187352620161631,1382.192175975882,0.7169700461607318,0.4199616473038858,0.280567758391174,35657.079771275705,5,0.7211373515793877,-0.8143065252927422,1
0.41547542039458535,2812.418104761296,0.3709480776301669,0.10926398623460352,0.0013236286719449097,133533.38558858837,4,0.8914540625217173,0.46288089373981056,0
0.6539079879480567,4865.556593746934,0.5049436306178353,0.20878915273728715,0.9414299385814593,121221.19053336735,1,0.7740377190696403,-0.17561343367604287,1
0.45654322674296316,9114.700747322187,0.8396839704720332,0.345201931294388,0.4302488765543562,59690.013338113946,3,0.7996001937196168,0.24200564466657548,0
0.8499752288500732,8784.178181246029,0.1486817618224603,0.7838548440174712,0.08284717201742364,161663.37224124002,5,0.8539690375255761,0.418907625364654,2
0.8965200988058276,7326.698243409416,0.5452244192741004,0.07230612913672978,0.16495712834425802,103888.67870217242,5,0.8913911872482567,-0.9832818541314394,0
0.8930840118398768,729.0674157043468,0.34841266182922814,0.09844664614582833,0.3233378094082998,21733.234973408587,1,0.7729515538314791,-0.9043589811599841,2
0.6126968076324346,3743.1974125452584,0.7027947582172305,0.7719792259579752,0.5516939431307192,20446.657238564963,1,0.5090278720497954,-0.3297905873176741,0
0.8897134338497035,6982.310051602938,0.018810243162394658,0.1834612527049502,0.7037160793550481,34341.78151378254,4,0.9068068374894941,0.3110964410625585,1
0.6003183866924741,1725.7745199711496,0.6704732998031887,0.04924337462313206,0.3078511888748412,45914.772570704234,2,0.3403281160201026,-0.043494703378377464,1
0.6916867161608561,8110.334575151132,0.1028977340161874,0.3052670547968804,0.9576164822197224,160864.34804280475,1,0.8321701394768025,0.8777772967137467,2
0.7887130639465978,9188.44995988214,0.064767752993658,0.24334228292771998,0.7603119028323408,142336.2244612179,1,0.6966767535128582,-0.48622736899717034,0
0.7378582522270049,3863.992243059342,0.7246233009586129,0.26513781643414147,0.8257987698901348,44293.10363292488,4,0.5539784863599344,-0.7922548046851781,1
0.4781798819074818,7205.509087706418,0.6403421529040735,0.22962152873390396,0.32364568883501643,52243.69988261181,1,0.7277899152113941,-0.7712855211508705,0
0.5982994269446119,1907.9392603527767,0.8949359308926588,0.23958282929622562,0.3809612058877542,118253.96389509056,4,0.7945819694356998,-0.5499213733158184,1
0.5190681007451975,7062.756266573756,0.5196549558006451,0.5950363513865863,0.5380617843492541,158158.92239601034,1,0.7474642877931764,-0.5275514394551328,0
0.6581558742754124,703.8264167269112,0.5300244255271671,0.20067807908760218,0.45169696174557905,63843.95100744533,3,0.728172501871518,-0.24211852494416575,1
0.7653959646968667,1932.3293147054592,0.7070178355765505,0.06763898100433187,0.2598917909751227,99334.41749868992,1,0.9001672427882564,0.12817065671878258,1
0.3808265157032818,7243.873742782365,0.32339757635325117,0.43052843326978135,0.9972709175592801,161364.18329059437,2,0.9409319576072468,-0.5016260674493165,0
0.5788362160699735,7262.577117324909,0.036912455421932555,0.07548418372549051,0.8483575784068564,141007.400425112,5,0.8136492858209816,0.030727879636963218,0
0.6696673862329235,6591.045705529183,0.23004582571905785,0.1811454549279157,0.23798734445792025,161556.60790892816,4,0.7660433412407163,-0.044373863265003255,1
0.6187794529751472,5034.958231649931,0.2380134118963666,0.4020462701532033,0.89239854468441,57272.55460998418,2,0.6267605123863642,-0.3818296950437945,1
0.6698756664680662,6911.626866133478,0.33565885027819387,0.33072514584291596,0.5868859663414088,127458.80515687288,4,0.8465307175843003,-0.1318874702808892,1
0.8794924179884702,7851.107583743488,0.9434627330404629,0.09293478670824788,0.01256204886269252,29382.140956122854,2,0.7965368403027634,-0.23329931520880742,0
0.7895834978433459,9681.575760849066,0.8048427986631479,0.11211526702684022,0.3461513809664476,114755.33585494394,4,0.6822453598300099,0.9000935472253466,0
0.7197770298138687,8942.089799711746,0.935956245205192,0.25581381724991265,0.025732759414658024,61684.34120779881,4,0.6787509836482546,-0.8622534589586881,0
0.8814833808589316,8048.074924378184,0.9986095901130004,0.40438330706671133,0.08777053122200884,129251.65345522323,5,0.9454106160165298,0.5339314775356718,0
0.42784587155709547,7100.196408786543,0.4337790040870445,0.5458598666333503,0.17897730646453314,34118.67740695848,1,0.7249841657129926,-0.3811762319438241,0
0.7729390477179948,5954.477681607489,0.22707331668030462,0.23600470298268217,0.48439864366620355,123148.64573885287,4,0.49131256034679166,-0.6292066726232668,1
0.6229357416131298,1645.7838218432044,0.5600041612552491,0.46554074454697586,0.3812887073752237,130448.25299495112,4,0.5518256728781854,0.7414003594547587,1
0.6326981160714898,2072.789999934733,0.8811344139481188,0.4957927117892987,0.14899617191358006,155716.573633689,5,0.8660531121774114,-0.06092304548025207,0
0.8726573497042558,8292.655826373546,0.4657318610145782,0.3832359270312909,0.39455542517935727,126803.02047544034,4,0.5174438203389613,0.020276792890235873,0
0.876373647153412,8131.472665968596,0.5053993025722535,0.07261999221838503,0.30433949113572223,98886.92790176393,4,0.672781320263593,-0.16839664600523352,0
0.6386833517691142,6337.359796746948,0.1344391059278267,0.1768937022708536,0.4101559389080358,143307.14090040376,3,0.582247521348856,-0.19095518311454596,1
0.7862703031924959,4668.981260803457,0.42045549256776105,0.19733327306053758,0.172310886267098,58353.6400767999,3,0.5742953378827038,0.3857066890093719,1
0.40054452647046107,747.3101733242536,0.38699480980857814,0.47652664224653324,0.6097110384843856,125169.30252694745,3,0.7145869695327374,0.5188154981818645,0
0.5957928288753146,3608.180954021167,0.3516885028654496,0.2633306913256602,0.04453122566528489,133169.71349712886,5,0.69127202000344,0.5781099990056522,1
0.8214361933161666,4496.07674687052,0.8872986699241998,0.5613127888356165,0.3878772118135977,76732.0041845238,4,0.5588626983814532,0.050404797072887364,0
0.5607284578691755,5115.254718647495,0.059301433212332944,0.4693767123801486,0.8948856735832014,178124.30801806203,5,0.5885844731993493,0.4039912373520933,0
0.6804953248637676,9328.583686331487,0.9721471828973469,0.44017271089893,0.41967027570277016,70535.25148139792,5,0.9348238790541061,0.5552031572139169,0
0.7422143148625325,1532.7392981013568,0.008246825273136027,0.29682166436703544,0.4410799365920245,24363.49879713377,2,0.7466332094380607,0.36665655898850646,1
0.706191662548825,5429.2357379078185,0.945594013949809,0.19585726584917643,0.0680086543949523,61590.644519081514,1,0.4772995876674375,-0.6127035060372423,1
0.5079280752235735,3995.2618211036574,0.5480475028385435,0.26518047529137817,0.6053642948895798,26904.313478684257,2,0.8886729921113714,0.4235516920235112,0
0.522133267093838,9905.93213255249,0.7024452444001158,0.4528599444992345,0.936402799571454,67681.70677252507,1,0.7859627039973686,0.29630099365624996,0
0.6140666574299221,8687.7081546876,0.18713284969512323,0.3680477980002096,0.29161039654384346,31738.390152658107,2,0.6272524675555664,-0.8075637383486165,0
0.8717732085051921,4668.465615269749,0.654211539016607,0.1606749068344658,0.3932516485987325,84720.92685606556,4,0.69214130081682,0.2924086497219549,1
0.5336741186329342,9997.108288870224,0.8819576685277326,0.05898309719283012,0.5881581020272876,142255.82998987357,5,0.7115990912555952,0.7501773032945038,0
0.6627519322508504,5383.600841479216,0.1394801398336516,0.27931089633587364,0.0932111601641622,21465.319027085417,2,0.7226179074464628,-0.17351148778302306,2
0.8368788289752955,2087.619067618307,0.12708161227328996,0.2809139961800045,0.9502834489504337,105728.34732970681,2,0.3082128866054638,-0.7328845053494677,1
0.5834833363600661,5780.809572353788,0.30397790914947276,0.34511477348535186,0.46759667376681746,17450.689263410633,4,0.7335332547367309,0.2212725052528508,1
0.5534706173808625,2648.9547751346427,0.16172589247539815,0.3129208357776132,0.11509630438611262,160383.55876715612,5,0.5150352497063659,-0.5220331493828674,1
0.7501269049546634,6544.971980724394,0.1106458480933471,0.3259202172294435,0.33522725734632175,166635.04983390387,1,0.7606152485563874,0.09009898933962646,1
0.45145939979677696,9405.681661397293,0.6783190359852918,0.49366544244827737,0.37383091822202685,93700.83341183221,2,0.5015043249462291,0.3385241714653866,0
0.8143112259318126,7968.886479932768,0.2138266139124908,0.47312024104055134,0.3453775325748709,140769.29780867312,1,0.4130896449485684,0.020567052008739983,0
0.8195300100509109,3095.0550589810246,0.6670148994019862,0.3159285021412697,0.6932236496364459,110794.8589965936,3,0.4564358235440867,-0.38282120549725507,1
0.6573602888377399,3320.1569371770674,0.8619292271158163,0.4161904020801463,0.3455207293166789,67912.68925857755,2,0.8888477560520514,0.714081625779782,1
0.5309388724936953,1158.2379293579643,0.6520247914130005,0.2229260010774774,0.32385396654742327,51673.93560221934,5,0.7770008159647463,-0.7281554772725858,0
0.8544333535062444,3215.744438639635,0.11936706991540091,0.32235410386427954,0.3220885235997274,138961.28879561854,3,0.7908517871840217,-0.9143987369858597,1
0.7492308219271874,1379.9355969392636,0.573577574047445,0.45530740773488876,0.7778485158913592,83096.63700066347,3,0.768973776114095,0.6574827849550413,0
0.7092895887347989,5244.762833593607,0.39362868421155084,0.3446448121979411,0.30838152168900723,166440.53789122184,2,0.5802542175196032,-0.9316603297292347,1
0.9368124347584528,7229.297255233447,0.34337093672249475,0.026024171257694035,0.013998092843828358,175867.6309013728,2,0.7227823754858377,-0.025618423330282747,0
0.5921839842506037,7636.221034242006,0.31853146862983217,0.25268285439791555,0.36553513718407493,45766.754005828945,3,0.9607193678110894,0.07565341254085167,0
0.6972961059371741,1065.5277063577014,0.9294322238196455,0.7427961619280425,0.278237179692039,105380.76185936286,2,0.3758366652921164,-0.3232636611455333,0
0.6937543410457333,3729.5810332629194,0.7425074566777278,0.05022651920777097,0.9090172504296683,101278.82097740717,5,0.679855354404994,-0.44828288980618636,1
0.5278149663666358,3237.6317822006204,0.133848789580295,0.34324009225021146,0.4779061757236185,157576.80648649952,5,0.463027267244335,0.4805234754642729,1
0.8818934995738288,1490.8530683796787,0.47600547973246377,0.2980653173648455,0.23457533413428433,127467.44317137015,3,0.8838889709607775,-0.2673055696606861,1
0.8209403863995113,3943.477453854054,0.3182230752539196,0.39364691738738683,0.9815833445964025,113254.1761024348,2,0.5465774819729109,-0.7525449452585613,1
0.8759841807283959,3343.541036822743,0.9779383125459582,0.5147539666016855,0.24674423040558835,125434.22822481957,3,0.9246877557933741,-0.07363372389097278,0
0.9028324066443483,6527.742678723129,0.9780289729531695,0.1444387829099446,0.7630241450791959,76207.77833301852,5,0.8451739646238328,0.4527445473309124,1
0.7142183119543534,8891.375305470272,0.31953447433303495,0.38268112841728935,0.6495506193303473,173249.55398917574,2,0.8327102218857588,-0.3837657575980433,0
0.9109200783661581,4820.996348295551,0.3521131161454547,0.11933063250354088,0.4622280927744553,19796.358732502496,5,0.7911419569056309,-0.7357961122539811,1
0.7592830843250661,7593.319141284776,0.5994142071365456,0.3553474978250578,0.40583510251564703,14951.927584564895,2,0.8172599443043673,-0.3177826839271152,0
0.636263150602015,1887.0984875514057,0.4793070143275001,0.21350219751176536,0.8723824793071897,80650.2551644099,4,0.6690950918236233,0.09093737788963874,1
0.6227496567437298,9002.180597116714,0.21310087215844142,0.06613365179679115,0.47508238860906193,36277.91105438977,5,0.5739772043301392,-0.7965403913653122,0
0.9336469832361561,1949.6500130433767,0.6604121669886114,0.32098274360969337,0.37535713922992575,102616.05486446663,1,0.8755697558238021,-0.5309174323534438,1
0.6808655621723311,2324.9612156941985,0.33412864387523844,0.39480583964035176,0.354250204894491,11531.68365117676,2,0.9643804345847053,0.9416582531493904,1
0.9447658618671364,1511.4061340829267,0.6537164983321676,0.3082433185201218,0.2758680048025671,88146.1057102259,4,0.5056084248936685,-0.5916771511287695,1
0.6763304863943005,3441.9552644450964,0.38368152232779973,0.08303523562537754,0.4089659516045373,60137.175776064316,4,0.7631765420846197,-0.8729797268538138,1
0.8435080993516723,5747.899243797498,0.7002098938562716,0.1500725650884731,0.11991798771184914,44401.25891782993,4,0.5259715698049354,-0.13568167165519407,1
0.8118287566431117,9885.944058360104,0.6677994708896505,0.615506250883709,0.06512303273862041,85590.4214281804,5,0.9221819332840582,-0.8523412243754727,0
0.923811258023565,8036.996329246667,0.5088127559210007,0.17323394857074836,0.5414675299921723,155273.32350873546,1,0.5429875193710734,-0.9728956512723859,0
0.7806935739194587,4114.140127473829,0.7047399907108308,0.07794907717181894,0.4542615288098979,121417.09631990718,4,0.8761128892303253,-0.9690180984252219,1
0.7849170603774027,5970.537550083919,0.46096567623201523,0.19979878216873811,0.17339227990689976,37190.08047611007,3,0.4425771867972379,-0.40710499442031733,1
0.7523936182830104,6421.426293922474,0.1161382996501229,0.24688086162209044,0.10679920921705444,94808.41996952251,2,0.9044858588874486,-0.852412444631919,1
0.6779230557081783,8315.908601849798,0.18210625333735464,0.34224182428576244,0.14326723506826744,168384.09019875308,2,0.5426436256627376,-0.6142051283406291,0
0.6716621464129054,7496.291961488105,0.24599313416561286,0.4136115773865768,0.3152444993688712,84668.21984873775,1,0.7663407002401529,0.2965108114052004,0
0.8743671810683032,5908.265706225833,0.06322892822569659,0.18921015054813356,0.4514846675007572,89992.85941700348,1,0.5520078038897955,-0.4232847629879293,1
0.942656948990519,6857.238756876739,0.7113812206306701,0.24080062984726838,0.19335010930641183,170030.8021605984,5,0.9350253481212194,0.15098014722201847,1
0.8976624579394056,7586.217304147547,0.36739022683161837,0.32236065057637536,0.75562498411737,33087.39110726766,3,0.4032507451746852,-0.1773804962426686,0
0.8419835442860445,1764.8685617673411,0.0935232963269973,0.38479483497179495,0.19332437910127231,134957.0525218565,2,0.4771656219122059,0.769455499438733,1
0.9055702492854343,2404.3268824011093,0.8199581207255803,0.35415495797169816,0.12412644995408484,60857.43801202065,4,0.9340351668514019,0.39283971309294685,1
0.7861721952221673,7041.55074462141,0.6836542844635749,0.2852863941914684,0.994554869230668,157201.58199482103,4,0.729137754203476,0.7050193329391037,0
0.9053682104282876,8579.042838882506,0.4522242371277009,0.4513462025664575,0.44771156322738914,19241.622463387946,2,0.5305191589085431,0.03778177585057407,0
0.6806206912215059,4387.991685647794,0.24742533509273423,0.3277625943839145,0.17000701716038158,178368.26658662836,3,0.558576872700996,0.5623935606805046,1
0.8192391663118868,9808.958063476457,0.15174589379284675,0.3821935194391281,0.8945569480236599,140663.49938619946,3,0.5809908902134048,0.2311553387157097,0
0.7327308505847956,2552.6814603970424,0.458374191755062,0.1337509110873262,0.23109162459116617,58336.60703170137,4,0.9172817801095928,0.4878545482214256,1
0.8339366526391359,4458.643179412669,0.8852457430105624,0.17055671533578257,0.9255799553590407,139345.50192613012,2,0.8974959205179835,0.3692090115155535,1
0.6245661016446451,4095.9689129009053,0.18839532327196995,0.5316109295147793,0.11896085364608966,166904.86002336562,4,0.9930402131857166,-0.3989786103641093,0
0.8207359753258939,9337.811436901076,0.5686592289914879,0.3543000112326104,0.8418146959384326,29195.956499727105,5,0.9712267143161707,-0.7491681249316615,0
0.8387284115255349,3211.0959169391253,0.961685995222256,0.6254505611713261,0.18426710862259865,165308.32240489963,2,0.5226788026997332,0.612858034855772,0
0.5363852274652279,4972.512391401048,0.6371165747646129,0.24699184780248093,0.9383376485752539,71229.65193968313,3,0.7913088927180002,-0.845327578273348,0
0.799346672090036,2278.72147634563,0.43996473015586834,0.12013854363847727,0.5742436427147685,11098.081926703922,4,0.8280125537806159,0.21033498124856176,2
0.7419995049663719,5452.0292663432165,0.7163729729389084,0.6722335771784855,0.18991369574765882,29111.564980168478,1,0.5906897272994192,0.9775600967114906,0
0.9356241894575869,8645.339609904117,0.8245779190187065,0.39762669073624324,0.8448200542887242,160414.96803007385,1,0.7228920157731027,-0.6346042584489302,0
0.659296601907236,3388.37488796036,0.5905162978868421,0.48578113884729907,0.39057599217086736,177053.29958670336,5,0.5401631996808637,0.4869724168516141,1
0.654412615651521,8202.524685546869,0.8718323589929926,0.15121124186496193,0.7328134212621582,162213.24229376245,1,0.751767157925343,0.906316346869694,0
0.8078704290403187,9157.460030668448,0.5145917593757376,0.4947959809605508,0.6434407215563033,85061.22741285706,5,0.9769338475394316,-0.009035569615807537,0
0.8925098042507932,1193.0999522883544,0.8300290022062566,0.2128555052315451,0.714294522436856,173439.71760495176,5,0.8936284140427437,0.14601760208770242,2
0.7974514799376992,7686.033095032884,0.9520192404056952,0.5339454590224773,0.34371489447557835,79164.53726202693,3,0.6759737812348161,-0.2646729146043183,0
0.3941948387011274,2925.7626434296626,0.5012434670235171,0.09038566154988333,0.9388254872114677,29328.33177473788,3,0.8190191966126305,-0.11647095615530034,0
0.7618931109145121,2165.612794097977,0.6050017155853252,0.22188796915801212,0.5598131463257411,67960.05438464513,2,0.8823842759915183,0.26020526729000304,1
0.871585271057209,6210.662724237843,0.609467542949835,0.5034806078899233,0.07756060999318282,179731.59781017437,4,0.627481936852404,0.7429088483984396,0
0.9090140855987967,7203.224854172647,0.7814348635982906,0.38896172420090463,0.06673400736009938,116410.7517919708,1,0.7464829113197664,0.9046649936445494,0
0.8911974259771716,4250.22936448453,0.8229658401774228,0.04224349402256593,0.7382296278505336,67799.78080629562,4,0.8254333267851681,0.08645329643884336,1
0.8458640733510318,872.1502172808106,0.027229316206060727,0.2226364579324812,0.849974436149998,116110.44651883774,4,0.6174833171224109,0.5645183335746049,1
0.8686302182275951,9132.692979869535,0.7333595640903878,0.38570086632006784,0.695279635091173,82953.0910234915,5,0.7443899094484624,0.47295126373099894,2
0.7359988977115733,7442.095710051203,0.7838152446302377,0.45591758323682213,0.2774973114757574,18423.260647099087,1,0.6528639121569481,-0.505956944655884,0
0.7056084335596832,3080.8346634886393,0.7004294394582369,0.14807781504896095,0.22590396149575198,44191.6971531365,3,0.7424260104638111,-0.07627543858301356,1
0.7380824728789152,5220.206629575029,0.7136956593230961,0.08728819850680539,0.5654365895089609,13270.0074683066,4,0.6764168432851325,0.36702602998731626,1
0.6410893491895376,764.0315046872411,0.04140285918426945,0.1226157424959542,0.19677949803556194,53314.67788114647,5,0.5957682805486771,-0.7422142965605547,1
0.2228873774644901,3723.1864271564477,0.44203866194890606,0.09094607085837791,0.37909975647029803,135726.05555040724,3,0.6298754086487276,0.7679412261942125,0
0.6088230648672921,5464.084738058624,0.8181796497217406,0.5240282131308963,0.6286912311451023,42864.16104721051,5,0.9157487354245597,-0.1949141888113075,0
0.30805917536817407,5413.624343604376,0.9340071412951036,0.1971517247654124,0.2849113365751281,99769.58441827234,4,0.8356838312208322,-0.09300815803768914,0
0.7172111773332392,2477.756341081141,0.22946792057193477,0.32936292427872393,0.37543892170823145,129272.63219547895,4,0.7901980241292461,0.7394858303875884,1
0.7844712417421318,7879.099978746962,0.5791949403527951,0.2625488157616852,0.36051789487838437,103276.01095782594,4,0.9187036443552712,-0.6554751479571941,0
0.7479305560865754,3339.1905060031127,0.8043302395505837,0.17880260926654157,0.4605235148599116,12612.99150032289,1,0.3724571188199942,-0.9289408682842604,1
0.6980925722254051,6013.8952201907405,0.7524076428591857,0.15673312954993834,0.6743598239704715,71768.13505142552,1,0.5510831663816319,-0.4279317767282582,1
0.7187302632018393,3079.4611426107604,0.6188901169800791,0.4748567725589657,0.7823491689270832,85077.1851444358,4,0.8486726152553397,-0.6995405152208549,1
0.8440353302086141,4539.094793374316,0.018691188262000225,0.18998301877627852,0.665082479480506,68268.0696170392,1,0.8498085900643408,0.9711743222274396,1
0.4972537544335343,2471.388939877187,0.7238858401115659,0.3108587532987489,0.026167830497481726,102864.84184329142,5,0.6717403200322958,0.13233814438715186,0
0.6335967567256917,6513.574029054364,0.7732425032788149,0.20940454947732368,0.8968396951480391,97236.12581651995,5,0.7744440506738351,0.12904873429816255,1
0.9060326080484137,4543.051421342832,0.722849506625635,0.3054517939410515,0.5811887855525105,41866.54096581726,2,0.6123106312147234,0.5882227504929338,1
0.8036825819383155,653.1143926337606,0.7658091614899567,0.5193500884902787,0.9202464938565369,137835.58570019063,3,0.8087871639703684,-0.48296828755923005,0
0.7761337902856655,767.5674431592779,0.4309148926788603,0.2040413462238959,0.9638722914208933,37397.831406748155,5,0.9326937246624142,0.04535609669263696,1
0.770100442549506,4975.776025478511,0.993752145925391,0.14714951935248505,0.46784678258612267,88024.11294058124,3,0.8732888681283226,-0.715706336106297,1
0.4745083663689159,2240.6457356008664,0.7707869158726589,0.23194054842577608,0.9163656024362575,138571.37408844367,2,0.6895486868443054,-0.8130140649009965,2
0.8171169989015946,6057.899457375052,0.5786800052799855,0.23985910560037915,0.3653856391309779,128534.58869267187,2,0.7031156748521246,-0.12059617033922398,1
0.6166494906723768,4377.821926834202,0.9341912697466239,0.26653845673647786,0.26037825478214627,83471.60040109846,3,0.6706242290643364,0.8257898421660537,1
0.7658813653335969,6716.988437627366,0.9081983394580183,0.021317807556303775,0.07363027265371036,144116.46958845534,4,0.7683791088942445,-0.1178643820392078,1
0.6352534455358174,9547.75415360754,0.8145670653342649,0.041626491816943265,0.4518304542651217,131338.84228829865,3,0.37715591315745406,-0.09653864208888252,0
0.9477027495788715,5522.99328055491,0.5636949189837663,0.22000433705036107,0.6886872817370464,75371.10593730237,5,0.74440770312493,0.7302019356432012,1
0.47750048903687947,7980.096734105946,0.5271010191467135,0.188972298900499,0.976835668276168,162237.2745610944,3,0.8390151197388935,-0.4279175944738247,0
0.6303941056003549,7653.889465001403,0.32870793197452075,0.46710794037669684,0.5213092778715739,34133.118672000026,5,0.6650527096300832,-0.020254232964708185,0
0.8747103740190302,9257.01549107672,0.2508779791039484,0.3466192135578022,0.7344748318100984,70941.96065962578,5,0.7058500004873401,-0.6711839463256228,0
0.7028473048914671,2533.169738761059,0.5123595169750865,0.19387696575388041,0.8961471525631678,128627.64411099273,5,0.8340525652017865,0.6923525638955097,1
0.690719512287947,8359.60622245694,0.5777817617119738,0.28035275131964776,0.5431853013731911,158406.1666529686,4,0.7793006411920851,-0.925612884054037,0
0.8383674556727008,9102.443595794524,0.24452643145884556,0.44213874530263264,0.1667652830361136,64838.55403381011,4,0.6987664729412544,-0.173775495312545,0
0.6743810902682186,4231.248319001988,0.9226012436534787,0.23163024914205796,0.8482084152000011,105411.20792145489,2,0.8774302257395058,-0.4468385403377555,1
0.6303250069288919,3481.253848690197,0.5572739967343185,0.6984189725700369,0.5741737062434408,12012.757471246125,1,0.4335160436142212,-0.48546829274062064,0
0.6431282970809271,9544.341141943734,0.5265053253821466,0.39632403870744976,0.758511249498849,73043.275279816,4,0.7988964854700449,-0.5116300038824244,0
0.5223163266849188,6462.511810319245,0.4356383883661402,0.485944172944133,0.6584779276796349,66258.95113455667,4,0.7668026096052546,-0.26094624432070956,1
0.8642448441932452,4116.426609793949,0.05807129571686054,0.3431155696751747,0.06103750618718984,153220.0540903767,2,0.5127275911812195,0.8029863367404106,1
0.8617447384742727,8022.3633488504875,0.8824013344598493,0.08506220355056794,0.16911496362986755,22576.037396835454,2,0.709420731839567,0.4175323507328186,0
0.7273823539916202,3392.5020653492934,0.31699422644302977,0.1492497068497238,0.28624975245077644,20559.477258802697,2,0.6475503914153578,0.778862356236133,0
0.5913996205554807,2175.8720676636894,0.6424603344682944,0.32747621514755454,0.28470781997659145,85259.34649302473,3,0.8088547388790005,-0.6071107092143961,1
0.8963362276471464,5667.711540078202,0.6074335589700354,0.07624388849258446,0.8391977051130464,79256.13069727556,5,0.6515872389940578,0.6982514843065941,1
0.7820862889194636,5879.014426650732,0.5844868253845268,0.15232349127688485,0.5982393611750388,37465.18819236736,4,0.470327809254679,-0.1402844460854491,1
0.9031634428720263,8344.591581539711,0.5257122020115841,0.25395829309003587,0.0833753359774605,54768.51315155461,5,0.838841874028927,0.9621318089049049,0
0.654042593943232,4841.759872694085,0.18143983343132808,0.18359927228781578,0.387198573698351,175613.06272633252,1,0.9301321112633695,0.18730518816808917,1
0.770797909671284,8238.572125300745,0.28060574104796554,0.19680995796701584,0.5563306854349888,97241.03594070488,2,0.9745104439006013,-0.02525878224725453,2
0.8550617989656667,3457.5654538092153,0.5241880712703001,0.6250568898117977,0.25150282996727014,24935.0231957819,1,0.6361249070404044,0.8504231729436862,0
0.9426100223673585,5965.997920689024,0.789342451596926,0.16116559785446222,0.0398338961246365,18456.959808263357,2,0.6103266577288874,-0.23735323803068842,1
0.49474508626847874,2480.4913995568004,0.43198897065041864,0.4101913002462684,0.3802637392771824,17129.43785247678,2,0.6809024531474054,0.4974898441799651,0
0.9823768452679559,4161.736533707666,0.20392255304613083,0.4811997639037213,0.4611889005769668,76133.23693508716,1,0.9231019855838112,-0.05325678332599426,1
0.947388464774278,8646.627129412085,0.08794442480542597,0.23037786290245663,0.9047649419153337,157154.9534173432,5,0.9496657965839288,0.4672236169608146,0
0.7779339570613873,2551.887837639673,0.6630110034940242,0.3835258911979065,0.9083661657335721,151595.82086732154,1,0.7251044112358765,-0.4486291103244022,1
0.7839724221211687,8197.274897543044,0.4233399706211646,0.16159767796865504,0.5004024723893152,72540.68739793485,3,0.7530802991388963,-0.18663043305215243,0
0.609520720058712,3187.280749550359,0.1253708926226419,0.5599883648394903,0.47149455751540226,141652.0094281111,4,0.6098849675273977,-0.30933701330234564,0
0.8082323237537654,827.65233695481,0.6744668799869837,0.40922657197013595,0.6405020598809099,137882.2376926977,4,0.7036047082532296,0.7376503474533953,1
0.5340442951469929,1544.3784155400394,0.20757873085437317,0.22373625212086487,0.25812406643862806,92109.22550167397,5,0.7900457279020705,0.8571228819024781,0
0.7240545778302742,7585.855680547487,0.5090160483036771,0.02438437812108399,0.28571417883450434,78745.90252529558,5,0.6724519684176239,0.47104251989923873,0
0.7736283546411146,2989.6738017704083,0.30618797507686046,0.39152282557052054,0.0025578523676552667,40693.265572551834,5,0.5436819277588273,0.6431766095278688,1
0.8638581519123015,6714.383126292086,0.9316900644340004,0.11954198441890569,0.07821187658297879,57391.06786227868,1,0.7584109721183203,-0.2922199177801912,1
0.7102292778778122,7142.389576193714,0.2282880662711656,0.22298550980125598,0.17850363132656089,67578.22414103421,1,0.6250501484613179,-0.6986902615551072,0
0.5175779827078751,3778.625412129506,0.41991852154202847,0.3883917513920307,0.6405727378426995,148162.03275499397,1,0.805942069863042,0.3731683471660161,1
0.9517138146860304,5011.730378505832,0.9594935968280058,0.22956240691659782,0.21265725674005642,104002.00488696597,2,0.6859244416745814,0.27461008944301546,1
